# Blender 4.4.1
# www.blender.org
mtllib player.mtl
o Cube.001
v 0.296065 2.031407 -0.296065
v 0.296065 1.459817 -0.296065
v 0.296065 2.031407 0.296065
v 0.296065 1.459817 0.296065
v -0.296065 2.031407 -0.296065
v -0.296065 1.459817 -0.296065
v -0.296065 2.031407 0.296065
v -0.296065 1.459817 0.296065
v -0.315925 1.440646 -0.248467
v -0.337472 1.419846 -0.175946
v -0.352807 1.405043 -0.090922
v -0.358391 1.399652 -0.000000
v -0.352807 1.405043 0.090922
v -0.337472 1.419846 0.175946
v -0.315925 1.440646 0.248467
v 0.248467 1.440646 -0.315925
v 0.175946 1.419846 -0.337472
v 0.090922 1.405042 -0.352808
v 0.000000 1.399652 -0.358391
v -0.090922 1.405043 -0.352808
v -0.175946 1.419846 -0.337472
v -0.248467 1.440646 -0.315925
v 0.315925 1.985460 -0.315925
v 0.337472 1.915455 -0.337472
v 0.352807 1.833380 -0.352808
v 0.358391 1.745612 -0.358391
v 0.352807 1.657844 -0.352808
v 0.337472 1.575769 -0.337472
v 0.315925 1.505763 -0.315925
v -0.315925 1.505763 0.315925
v -0.337472 1.575769 0.337472
v -0.352807 1.657844 0.352807
v -0.358391 1.745612 0.358391
v -0.352807 1.833380 0.352807
v -0.337472 1.915455 0.337472
v -0.315925 1.985461 0.315925
v 0.315925 1.985460 0.315925
v 0.337472 1.915455 0.337472
v 0.352807 1.833380 0.352807
v 0.358391 1.745612 0.358391
v 0.352807 1.657844 0.352807
v 0.337472 1.575769 0.337472
v 0.315925 1.505763 0.315925
v -0.315925 1.985461 -0.315925
v -0.337472 1.915455 -0.337472
v -0.352807 1.833380 -0.352808
v -0.358391 1.745612 -0.358391
v -0.352807 1.657844 -0.352808
v -0.337472 1.575769 -0.337472
v -0.315925 1.505763 -0.315925
v 0.248467 2.050578 0.315925
v 0.175946 2.071378 0.337472
v 0.090922 2.086181 0.352807
v -0.000000 2.091572 0.358391
v -0.090922 2.086182 0.352807
v -0.175946 2.071378 0.337472
v -0.248467 2.050578 0.315925
v 0.315925 2.050578 -0.248467
v 0.337472 2.071378 -0.175946
v 0.352807 2.086182 -0.090922
v 0.358391 2.091572 -0.000000
v 0.352807 2.086182 0.090922
v 0.337472 2.071378 0.175946
v 0.315925 2.050578 0.248467
v -0.248467 1.440646 0.315925
v -0.175946 1.419846 0.337472
v -0.090922 1.405043 0.352807
v 0.000000 1.399652 0.358391
v 0.090922 1.405043 0.352807
v 0.175946 1.419846 0.337472
v 0.248467 1.440646 0.315925
v -0.315925 2.050578 0.248467
v -0.337472 2.071378 0.175946
v -0.352807 2.086182 0.090922
v -0.358391 2.091572 -0.000000
v -0.352807 2.086182 -0.090922
v -0.337472 2.071378 -0.175946
v -0.315925 2.050578 -0.248467
v -0.248467 2.050579 -0.315925
v -0.175946 2.071378 -0.337472
v -0.090922 2.086181 -0.352808
v -0.000000 2.091572 -0.358391
v 0.090922 2.086182 -0.352808
v 0.175946 2.071378 -0.337473
v 0.248467 2.050578 -0.315925
v 0.315925 1.440646 0.248467
v 0.337472 1.419846 0.175946
v 0.352807 1.405042 0.090922
v 0.358391 1.399652 -0.000000
v 0.352807 1.405043 -0.090922
v 0.337472 1.419846 -0.175946
v 0.315925 1.440646 -0.248467
v 0.255489 2.092745 -0.255489
v 0.179335 2.123070 -0.268538
v 0.092373 2.142159 -0.279301
v -0.000000 2.148783 -0.283455
v -0.092373 2.142159 -0.279301
v -0.179335 2.123070 -0.268538
v -0.255489 2.092745 -0.255489
v 0.268538 2.123070 -0.179335
v 0.186641 2.159909 -0.186641
v 0.095642 2.182262 -0.193294
v 0.000000 2.189818 -0.196001
v -0.095642 2.182262 -0.193294
v -0.186641 2.159909 -0.186641
v -0.268538 2.123070 -0.179335
v 0.279301 2.142159 -0.092374
v 0.193294 2.182262 -0.095642
v 0.098785 2.206417 -0.098785
v -0.000000 2.214502 -0.100112
v -0.098785 2.206417 -0.098785
v -0.193294 2.182262 -0.095642
v -0.279301 2.142159 -0.092374
v 0.283454 2.148783 -0.000000
v 0.196001 2.189818 -0.000000
v 0.100112 2.214502 -0.000000
v 0.000000 2.222748 -0.000000
v -0.100112 2.214502 -0.000000
v -0.196001 2.189818 -0.000000
v -0.283454 2.148783 -0.000000
v 0.279301 2.142159 0.092373
v 0.193294 2.182262 0.095642
v 0.098785 2.206417 0.098785
v -0.000000 2.214502 0.100111
v -0.098785 2.206417 0.098785
v -0.193294 2.182262 0.095642
v -0.279301 2.142159 0.092373
v 0.268538 2.123070 0.179335
v 0.186641 2.159909 0.186641
v 0.095642 2.182262 0.193294
v -0.000000 2.189818 0.196001
v -0.095642 2.182262 0.193294
v -0.186641 2.159909 0.186641
v -0.268538 2.123070 0.179335
v 0.255489 2.092745 0.255489
v 0.179335 2.123070 0.268538
v 0.092373 2.142159 0.279301
v -0.000000 2.148783 0.283454
v -0.092373 2.142159 0.279301
v -0.179335 2.123070 0.268538
v -0.255489 2.092745 0.255489
v 0.255489 1.498986 0.359607
v 0.268538 1.572498 0.391022
v 0.279301 1.656443 0.410796
v 0.283454 1.745612 0.417658
v 0.279301 1.834781 0.410796
v 0.268538 1.918726 0.391022
v 0.255489 1.992238 0.359607
v 0.179335 1.486389 0.391022
v 0.186641 1.565445 0.429184
v 0.193294 1.653288 0.452341
v 0.196001 1.745612 0.460168
v 0.193294 1.837937 0.452341
v 0.186641 1.925779 0.429184
v 0.179335 2.004835 0.391022
v 0.092373 1.476000 0.410796
v 0.095642 1.559023 0.452341
v 0.098785 1.650253 0.477364
v 0.100112 1.745612 0.485740
v 0.098785 1.840971 0.477364
v 0.095642 1.932201 0.452341
v 0.092373 2.015224 0.410796
v -0.000000 1.471990 0.417658
v 0.000000 1.556410 0.460168
v -0.000000 1.648973 0.485740
v 0.000000 1.745612 0.494281
v 0.000000 1.842251 0.485740
v 0.000000 1.934815 0.460168
v -0.000000 2.019234 0.417658
v -0.092373 1.476000 0.410796
v -0.095642 1.559023 0.452341
v -0.098785 1.650253 0.477364
v -0.100112 1.745612 0.485740
v -0.098785 1.840971 0.477364
v -0.095642 1.932201 0.452341
v -0.092373 2.015225 0.410796
v -0.179335 1.486389 0.391022
v -0.186641 1.565445 0.429184
v -0.193294 1.653288 0.452341
v -0.196001 1.745612 0.460168
v -0.193294 1.837936 0.452341
v -0.186641 1.925779 0.429184
v -0.179335 2.004835 0.391022
v -0.255489 1.498986 0.359607
v -0.268538 1.572498 0.391022
v -0.279301 1.656443 0.410797
v -0.283454 1.745612 0.417658
v -0.279301 1.834781 0.410796
v -0.268538 1.918726 0.391022
v -0.255489 1.992239 0.359607
v -0.359607 1.498986 0.255489
v -0.391022 1.572498 0.268538
v -0.410797 1.656443 0.279301
v -0.417658 1.745612 0.283454
v -0.410797 1.834781 0.279301
v -0.391022 1.918726 0.268538
v -0.359607 1.992238 0.255489
v -0.391022 1.486389 0.179335
v -0.429185 1.565445 0.186641
v -0.452341 1.653288 0.193294
v -0.460168 1.745612 0.196001
v -0.452341 1.837937 0.193294
v -0.429185 1.925779 0.186641
v -0.391022 2.004835 0.179335
v -0.410797 1.476000 0.092373
v -0.452341 1.559023 0.095642
v -0.477364 1.650253 0.098785
v -0.485740 1.745612 0.100111
v -0.477364 1.840971 0.098785
v -0.452341 1.932201 0.095642
v -0.410797 2.015224 0.092373
v -0.417658 1.471990 -0.000000
v -0.460168 1.556410 -0.000000
v -0.485740 1.648973 -0.000000
v -0.494281 1.745612 -0.000000
v -0.485740 1.842251 -0.000000
v -0.460168 1.934815 -0.000000
v -0.417658 2.019234 -0.000000
v -0.410797 1.476000 -0.092374
v -0.452341 1.559023 -0.095642
v -0.477364 1.650253 -0.098785
v -0.485740 1.745612 -0.100112
v -0.477364 1.840971 -0.098785
v -0.452341 1.932201 -0.095642
v -0.410797 2.015224 -0.092374
v -0.391022 1.486389 -0.179335
v -0.429185 1.565445 -0.186641
v -0.452341 1.653288 -0.193294
v -0.460168 1.745612 -0.196001
v -0.452341 1.837936 -0.193294
v -0.429185 1.925779 -0.186641
v -0.391022 2.004835 -0.179335
v -0.359607 1.498986 -0.255489
v -0.391022 1.572498 -0.268538
v -0.410797 1.656443 -0.279301
v -0.417658 1.745612 -0.283455
v -0.410797 1.834781 -0.279301
v -0.391022 1.918726 -0.268538
v -0.359607 1.992239 -0.255489
v -0.255489 1.398479 -0.255489
v -0.179335 1.368154 -0.268538
v -0.092373 1.349065 -0.279301
v 0.000000 1.342441 -0.283454
v 0.092373 1.349065 -0.279301
v 0.179335 1.368154 -0.268538
v 0.255489 1.398479 -0.255489
v -0.268538 1.368154 -0.179335
v -0.186641 1.331315 -0.186641
v -0.095642 1.308962 -0.193294
v 0.000000 1.301406 -0.196001
v 0.095642 1.308962 -0.193294
v 0.186641 1.331315 -0.186641
v 0.268538 1.368154 -0.179335
v -0.279301 1.349065 -0.092374
v -0.193294 1.308962 -0.095642
v -0.098785 1.284807 -0.098785
v 0.000000 1.276722 -0.100112
v 0.098785 1.284807 -0.098785
v 0.193294 1.308962 -0.095642
v 0.279301 1.349065 -0.092374
v -0.283454 1.342441 -0.000000
v -0.196001 1.301406 -0.000000
v -0.100112 1.276722 -0.000000
v -0.000000 1.268476 -0.000000
v 0.100112 1.276722 -0.000000
v 0.196001 1.301406 -0.000000
v 0.283454 1.342441 -0.000000
v -0.279301 1.349065 0.092373
v -0.193294 1.308962 0.095642
v -0.098785 1.284807 0.098785
v 0.000000 1.276722 0.100112
v 0.098785 1.284807 0.098785
v 0.193294 1.308962 0.095642
v 0.279301 1.349065 0.092373
v -0.268538 1.368154 0.179335
v -0.186641 1.331315 0.186641
v -0.095642 1.308962 0.193294
v 0.000000 1.301405 0.196001
v 0.095642 1.308962 0.193294
v 0.186641 1.331315 0.186641
v 0.268538 1.368154 0.179335
v -0.255489 1.398479 0.255489
v -0.179335 1.368154 0.268538
v -0.092373 1.349065 0.279301
v 0.000000 1.342441 0.283454
v 0.092373 1.349065 0.279301
v 0.179335 1.368154 0.268538
v 0.255489 1.398479 0.255489
v 0.359607 1.498986 -0.255489
v 0.391022 1.572498 -0.268538
v 0.410797 1.656443 -0.279301
v 0.417658 1.745612 -0.283454
v 0.410797 1.834781 -0.279301
v 0.391022 1.918726 -0.268538
v 0.359607 1.992238 -0.255489
v 0.391022 1.486389 -0.179335
v 0.429185 1.565445 -0.186641
v 0.452341 1.653288 -0.193294
v 0.460168 1.745612 -0.196001
v 0.452341 1.837937 -0.193294
v 0.429185 1.925779 -0.186641
v 0.391022 2.004835 -0.179335
v 0.410797 1.476000 -0.092374
v 0.452341 1.559023 -0.095642
v 0.477364 1.650253 -0.098785
v 0.485740 1.745612 -0.100112
v 0.477364 1.840971 -0.098785
v 0.452341 1.932201 -0.095642
v 0.410797 2.015224 -0.092374
v 0.417658 1.471990 -0.000000
v 0.460168 1.556410 -0.000000
v 0.485740 1.648973 -0.000000
v 0.494281 1.745612 -0.000000
v 0.485740 1.842251 -0.000000
v 0.460168 1.934815 -0.000000
v 0.417658 2.019234 -0.000000
v 0.410797 1.475999 0.092373
v 0.452341 1.559023 0.095642
v 0.477364 1.650253 0.098785
v 0.485740 1.745612 0.100111
v 0.477364 1.840971 0.098785
v 0.452341 1.932201 0.095642
v 0.410797 2.015224 0.092373
v 0.391022 1.486389 0.179335
v 0.429185 1.565445 0.186641
v 0.452341 1.653288 0.193294
v 0.460168 1.745612 0.196001
v 0.452341 1.837936 0.193294
v 0.429185 1.925779 0.186641
v 0.391022 2.004835 0.179335
v 0.359607 1.498986 0.255489
v 0.391022 1.572498 0.268538
v 0.410797 1.656443 0.279301
v 0.417658 1.745612 0.283454
v 0.410797 1.834781 0.279301
v 0.391022 1.918726 0.268538
v 0.359607 1.992238 0.255489
v -0.255489 1.498986 -0.359607
v -0.268538 1.572498 -0.391022
v -0.279301 1.656443 -0.410797
v -0.283454 1.745612 -0.417658
v -0.279301 1.834781 -0.410797
v -0.268538 1.918726 -0.391022
v -0.255489 1.992239 -0.359607
v -0.179335 1.486389 -0.391022
v -0.186641 1.565445 -0.429185
v -0.193294 1.653288 -0.452341
v -0.196001 1.745612 -0.460168
v -0.193294 1.837936 -0.452341
v -0.186641 1.925779 -0.429185
v -0.179335 2.004835 -0.391022
v -0.092373 1.476000 -0.410797
v -0.095642 1.559023 -0.452341
v -0.098785 1.650253 -0.477364
v -0.100112 1.745612 -0.485740
v -0.098785 1.840971 -0.477364
v -0.095642 1.932201 -0.452341
v -0.092373 2.015224 -0.410797
v 0.000000 1.471990 -0.417658
v -0.000000 1.556410 -0.460168
v -0.000000 1.648973 -0.485740
v -0.000000 1.745612 -0.494282
v 0.000000 1.842251 -0.485740
v 0.000000 1.934815 -0.460168
v 0.000000 2.019234 -0.417658
v 0.092373 1.475999 -0.410797
v 0.095642 1.559023 -0.452341
v 0.098785 1.650253 -0.477364
v 0.100112 1.745612 -0.485740
v 0.098785 1.840971 -0.477364
v 0.095642 1.932201 -0.452341
v 0.092373 2.015225 -0.410797
v 0.179335 1.486389 -0.391022
v 0.186641 1.565445 -0.429185
v 0.193294 1.653288 -0.452341
v 0.196001 1.745612 -0.460168
v 0.193294 1.837936 -0.452341
v 0.186641 1.925779 -0.429185
v 0.179335 2.004835 -0.391022
v 0.255489 1.498986 -0.359607
v 0.268538 1.572498 -0.391022
v 0.279301 1.656443 -0.410797
v 0.283454 1.745612 -0.417658
v 0.279301 1.834781 -0.410797
v 0.268538 1.918726 -0.391022
v 0.255489 1.992239 -0.359607
v -0.333222 1.119211 0.005413
v -0.324674 1.134832 0.005099
v -0.301203 1.146325 0.004589
v -0.269098 1.150611 0.004020
v -0.236961 1.146540 0.003545
v -0.213403 1.135205 0.003291
v -0.204738 1.119642 0.003325
v -0.213286 1.104021 0.003640
v -0.236757 1.092528 0.004150
v -0.268862 1.088243 0.004718
v -0.300999 1.092313 0.005193
v -0.324556 1.103648 0.005447
v -0.329666 1.119677 0.048858
v -0.321210 1.135286 0.047421
v -0.297990 1.146746 0.043846
v -0.266227 1.150987 0.039089
v -0.234434 1.146872 0.034426
v -0.211127 1.135503 0.031106
v -0.202553 1.119928 0.030019
v -0.211009 1.104319 0.031455
v -0.234230 1.092859 0.035031
v -0.265992 1.088619 0.039788
v -0.297786 1.092734 0.044450
v -0.321092 1.104102 0.047770
v -0.320470 1.120154 0.091466
v -0.312251 1.135751 0.088929
v -0.289680 1.147177 0.082347
v -0.258804 1.151371 0.073483
v -0.227897 1.147211 0.064713
v -0.205239 1.135809 0.058386
v -0.196903 1.120221 0.056199
v -0.205121 1.104624 0.058735
v -0.227693 1.093198 0.065318
v -0.258569 1.089004 0.074182
v -0.289476 1.093164 0.082952
v -0.312134 1.104566 0.089278
v -0.305791 1.120634 0.132510
v -0.297951 1.136218 0.128913
v -0.276415 1.147610 0.119434
v -0.246955 1.151759 0.106614
v -0.217462 1.147551 0.093887
v -0.195841 1.136116 0.084665
v -0.187884 1.120516 0.081417
v -0.195723 1.104931 0.085013
v -0.217258 1.093539 0.094492
v -0.246719 1.089391 0.107312
v -0.276212 1.093598 0.120039
v -0.297833 1.105034 0.129261
v -0.285879 1.121108 0.171286
v -0.278553 1.136680 0.166687
v -0.258423 1.148040 0.154472
v -0.230882 1.152142 0.137915
v -0.203309 1.147889 0.121450
v -0.183092 1.136420 0.109491
v -0.175649 1.120807 0.105242
v -0.182975 1.105235 0.109840
v -0.203105 1.093876 0.122055
v -0.230646 1.089774 0.138613
v -0.258219 1.094027 0.155077
v -0.278436 1.105496 0.167037
v -0.261075 1.121570 0.207132
v -0.254391 1.137130 0.201607
v -0.236011 1.148456 0.186863
v -0.210860 1.152514 0.166850
v -0.185678 1.148216 0.146930
v -0.167212 1.136715 0.132441
v -0.160410 1.121091 0.127266
v -0.167094 1.105531 0.132790
v -0.185474 1.094204 0.147535
v -0.210625 1.090146 0.167548
v -0.235807 1.094444 0.187467
v -0.254273 1.105945 0.201956
v -0.231805 1.122010 0.239433
v -0.225876 1.137558 0.233074
v -0.209562 1.148853 0.216050
v -0.187233 1.152869 0.192924
v -0.164872 1.148529 0.169890
v -0.148471 1.136996 0.153122
v -0.142426 1.121361 0.147112
v -0.148354 1.105813 0.153471
v -0.164668 1.094517 0.170495
v -0.186997 1.090502 0.193622
v -0.209358 1.094841 0.216655
v -0.225759 1.106374 0.233423
v -0.198568 1.122421 0.267638
v -0.193499 1.137959 0.260551
v -0.179530 1.149225 0.241537
v -0.160404 1.153201 0.215691
v -0.141247 1.148821 0.189938
v -0.127192 1.137259 0.171180
v -0.122005 1.121614 0.164442
v -0.127074 1.106076 0.171529
v -0.141043 1.094809 0.190543
v -0.160169 1.090833 0.216389
v -0.179325 1.095212 0.242141
v -0.193381 1.106774 0.260899
v -0.161934 1.122796 0.291263
v -0.157811 1.138324 0.283566
v -0.146427 1.149564 0.262885
v -0.130833 1.153504 0.234762
v -0.115207 1.149088 0.206732
v -0.103737 1.137500 0.186306
v -0.099496 1.121845 0.178958
v -0.103620 1.106316 0.186655
v -0.115003 1.095076 0.207337
v -0.130598 1.091136 0.235460
v -0.146223 1.095552 0.263489
v -0.157693 1.107140 0.283915
v -0.122529 1.123129 0.309905
v -0.119424 1.138649 0.301726
v -0.110820 1.149865 0.279730
v -0.099025 1.153773 0.249809
v -0.087198 1.149325 0.219983
v -0.078508 1.137713 0.198241
v -0.075284 1.122049 0.190411
v -0.078390 1.106529 0.198591
v -0.086994 1.095313 0.220587
v -0.098789 1.091405 0.250507
v -0.110616 1.095853 0.280334
v -0.119306 1.107465 0.302075
v -0.081028 1.123414 0.323244
v -0.078994 1.138926 0.314721
v -0.073319 1.150123 0.291783
v -0.065524 1.154003 0.260577
v -0.057698 1.149528 0.229465
v -0.051937 1.137896 0.206782
v -0.049785 1.122224 0.198607
v -0.051819 1.106712 0.207131
v -0.057494 1.095516 0.230069
v -0.065289 1.091635 0.261275
v -0.073115 1.096110 0.292388
v -0.078877 1.107743 0.315070
v -0.038140 1.123646 0.331053
v -0.037214 1.139153 0.322327
v -0.034566 1.150333 0.298839
v -0.030905 1.154191 0.266880
v -0.027213 1.149693 0.235015
v -0.024478 1.138044 0.211781
v -0.023434 1.122367 0.203405
v -0.024360 1.106860 0.212131
v -0.027009 1.095681 0.235620
v -0.030669 1.091823 0.267578
v -0.034362 1.096320 0.299443
v -0.037096 1.107968 0.322677
v 0.005400 1.123822 0.333197
v 0.005202 1.139324 0.324416
v 0.004778 1.150491 0.300776
v 0.004241 1.154332 0.268610
v 0.003736 1.149818 0.236539
v 0.003398 1.138157 0.213154
v 0.003318 1.122474 0.204723
v 0.003517 1.106973 0.213503
v 0.003941 1.095806 0.237143
v 0.004477 1.091964 0.269309
v 0.004982 1.096479 0.301381
v 0.005320 1.108140 0.324765
v 0.048848 1.123938 0.329640
v 0.047527 1.139437 0.320951
v 0.044038 1.150596 0.297562
v 0.039313 1.154426 0.265739
v 0.034620 1.149900 0.234010
v 0.031216 1.138231 0.210877
v 0.030013 1.122546 0.202537
v 0.031334 1.107047 0.211226
v 0.034824 1.095888 0.234615
v 0.039549 1.092057 0.266437
v 0.044241 1.096583 0.298166
v 0.047645 1.108252 0.321300
v 0.091460 1.123992 0.320442
v 0.089039 1.139489 0.311991
v 0.082542 1.150645 0.289251
v 0.073710 1.154469 0.258315
v 0.064909 1.149938 0.227473
v 0.058498 1.138266 0.204988
v 0.056195 1.122579 0.196886
v 0.058616 1.107082 0.205337
v 0.065113 1.095926 0.228077
v 0.073945 1.092101 0.259013
v 0.082746 1.096632 0.289856
v 0.089157 1.108305 0.312340
v 0.132507 1.123983 0.305762
v 0.129026 1.139481 0.297690
v 0.119633 1.150637 0.275986
v 0.106844 1.154462 0.246465
v 0.094086 1.149932 0.217038
v 0.084779 1.138260 0.195589
v 0.081415 1.122574 0.187866
v 0.084897 1.107076 0.195938
v 0.094290 1.095920 0.217643
v 0.107079 1.092094 0.247164
v 0.119836 1.096624 0.276591
v 0.129144 1.108297 0.298039
v 0.171287 1.123912 0.285850
v 0.166805 1.139412 0.278292
v 0.154674 1.150573 0.257994
v 0.138147 1.154405 0.230392
v 0.121652 1.149881 0.202884
v 0.109608 1.138214 0.182841
v 0.105242 1.122530 0.175632
v 0.109725 1.107030 0.183190
v 0.121856 1.095869 0.203489
v 0.138383 1.092037 0.231090
v 0.154878 1.096560 0.258598
v 0.166922 1.108227 0.278642
v 0.207137 1.123779 0.261047
v 0.201728 1.139282 0.254130
v 0.187068 1.150453 0.235582
v 0.167085 1.154298 0.210371
v 0.147134 1.149787 0.185254
v 0.132560 1.138129 0.166960
v 0.127269 1.122448 0.160393
v 0.132678 1.106945 0.167310
v 0.147338 1.095775 0.185859
v 0.167321 1.091930 0.211069
v 0.187272 1.096440 0.236186
v 0.201846 1.108098 0.254479
v 0.239442 1.123588 0.231778
v 0.233198 1.139095 0.225617
v 0.216259 1.150279 0.209134
v 0.193162 1.154143 0.186744
v 0.170097 1.149651 0.164449
v 0.153243 1.138006 0.148221
v 0.147118 1.122330 0.142409
v 0.153361 1.106822 0.148570
v 0.170301 1.095639 0.165054
v 0.193398 1.091775 0.187443
v 0.216463 1.096267 0.209738
v 0.233316 1.107911 0.225966
v 0.267650 1.123340 0.198543
v 0.260678 1.138854 0.193240
v 0.241748 1.150056 0.179102
v 0.215932 1.153943 0.159917
v 0.190147 1.149475 0.140825
v 0.171304 1.137848 0.126942
v 0.164449 1.122179 0.121988
v 0.171421 1.106664 0.127291
v 0.190352 1.095463 0.141429
v 0.216168 1.091575 0.160615
v 0.241952 1.096044 0.179707
v 0.260796 1.107670 0.193589
v 0.291279 1.123041 0.161911
v 0.283696 1.138563 0.157554
v 0.263099 1.149786 0.146001
v 0.235005 1.153702 0.130346
v 0.206943 1.149262 0.114786
v 0.186432 1.137656 0.103488
v 0.178967 1.121995 0.099481
v 0.186550 1.106473 0.103837
v 0.207147 1.095250 0.115390
v 0.235241 1.091334 0.131045
v 0.263303 1.095773 0.146606
v 0.283814 1.107379 0.157903
v 0.309923 1.122695 0.122508
v 0.301860 1.138227 0.119169
v 0.279946 1.149473 0.110396
v 0.250055 1.153423 0.098540
v 0.220196 1.149017 0.086778
v 0.198369 1.137436 0.078261
v 0.190423 1.121783 0.075271
v 0.198487 1.106252 0.078610
v 0.220400 1.095005 0.087382
v 0.250291 1.091055 0.099239
v 0.280150 1.095461 0.111001
v 0.301977 1.107043 0.119518
v 0.323265 1.122309 0.081009
v 0.314857 1.137851 0.078742
v 0.292002 1.149124 0.072898
v 0.260825 1.153111 0.065042
v 0.229680 1.148742 0.057280
v 0.206911 1.137189 0.051691
v 0.198620 1.121545 0.049773
v 0.207029 1.106004 0.052040
v 0.229884 1.094730 0.057884
v 0.261060 1.090744 0.065740
v 0.292206 1.095112 0.073502
v 0.314974 1.106666 0.079091
v 0.331076 1.121890 0.038124
v 0.322466 1.137441 0.036965
v 0.299060 1.148745 0.034147
v 0.267130 1.152773 0.030425
v 0.235232 1.148444 0.026797
v 0.211912 1.136919 0.024234
v 0.203419 1.121287 0.023424
v 0.212029 1.105736 0.024583
v 0.235435 1.094432 0.027401
v 0.267365 1.090405 0.031123
v 0.299264 1.094733 0.034752
v 0.322583 1.106257 0.037314
v 0.333222 1.121443 -0.005413
v 0.324556 1.137006 -0.005448
v 0.300999 1.148342 -0.005194
v 0.268862 1.152412 -0.004719
v 0.236757 1.148127 -0.004150
v 0.213286 1.136634 -0.003640
v 0.204738 1.121013 -0.003326
v 0.213403 1.105449 -0.003291
v 0.236961 1.094114 -0.003546
v 0.269097 1.090044 -0.004021
v 0.301203 1.094329 -0.004589
v 0.324674 1.105823 -0.005099
v 0.329666 1.120977 -0.048858
v 0.321092 1.136552 -0.047770
v 0.297786 1.147921 -0.044451
v 0.265992 1.152036 -0.039788
v 0.234230 1.147796 -0.035031
v 0.211009 1.136336 -0.031456
v 0.202553 1.120727 -0.030019
v 0.211127 1.105151 -0.031107
v 0.234434 1.093783 -0.034427
v 0.266227 1.089668 -0.039090
v 0.297990 1.093909 -0.043846
v 0.321210 1.105369 -0.047422
v 0.320470 1.120501 -0.091466
v 0.312134 1.136088 -0.089278
v 0.289476 1.147490 -0.082952
v 0.258569 1.151651 -0.074182
v 0.227693 1.147457 -0.065318
v 0.205121 1.136030 -0.058736
v 0.196903 1.120434 -0.056199
v 0.205239 1.104846 -0.058387
v 0.227897 1.093444 -0.064714
v 0.258804 1.089283 -0.073484
v 0.289680 1.093478 -0.082347
v 0.312251 1.104904 -0.088930
v 0.305791 1.120021 -0.132510
v 0.297833 1.135621 -0.129262
v 0.276212 1.147056 -0.120039
v 0.246719 1.151264 -0.107313
v 0.217258 1.147115 -0.094492
v 0.195723 1.135723 -0.085014
v 0.187884 1.120139 -0.081417
v 0.195841 1.104539 -0.084665
v 0.217462 1.093103 -0.093888
v 0.246955 1.088896 -0.106614
v 0.276415 1.093044 -0.119434
v 0.297951 1.104437 -0.128913
v 0.285879 1.119546 -0.171286
v 0.278436 1.135158 -0.167037
v 0.258219 1.146628 -0.155077
v 0.230646 1.150881 -0.138613
v 0.203105 1.146778 -0.122055
v 0.182975 1.135419 -0.109840
v 0.175649 1.119847 -0.105242
v 0.183092 1.104235 -0.109491
v 0.203309 1.092766 -0.121450
v 0.230882 1.088513 -0.137915
v 0.258423 1.092615 -0.154473
v 0.278553 1.103975 -0.166687
v 0.261075 1.119085 -0.207132
v 0.254273 1.134709 -0.201957
v 0.235807 1.146211 -0.187468
v 0.210625 1.150509 -0.167548
v 0.185474 1.146450 -0.147535
v 0.167094 1.135124 -0.132791
v 0.160410 1.119564 -0.127266
v 0.167212 1.103940 -0.132441
v 0.185678 1.092438 -0.146930
v 0.210860 1.088140 -0.166850
v 0.236011 1.092198 -0.186863
v 0.254391 1.103525 -0.201607
v 0.231805 1.118645 -0.239433
v 0.225759 1.134281 -0.233424
v 0.209358 1.145813 -0.216656
v 0.186997 1.150153 -0.193622
v 0.164668 1.146138 -0.170495
v 0.148354 1.134842 -0.153472
v 0.142426 1.119294 -0.147112
v 0.148472 1.103658 -0.153122
v 0.164872 1.092125 -0.169890
v 0.187233 1.087785 -0.192924
v 0.209562 1.091801 -0.216051
v 0.225877 1.103096 -0.233074
v 0.198569 1.118234 -0.267638
v 0.193381 1.133880 -0.260900
v 0.179326 1.145442 -0.242142
v 0.160169 1.149822 -0.216389
v 0.141043 1.145845 -0.190544
v 0.127074 1.134579 -0.171530
v 0.122005 1.119041 -0.164442
v 0.127192 1.103395 -0.171180
v 0.141247 1.091833 -0.189939
v 0.160404 1.087453 -0.215691
v 0.179530 1.091430 -0.241537
v 0.193499 1.102696 -0.260551
v 0.161934 1.117858 -0.291264
v 0.157693 1.133514 -0.283915
v 0.146223 1.145103 -0.263489
v 0.130598 1.149519 -0.235460
v 0.115003 1.145579 -0.207337
v 0.103620 1.134339 -0.186656
v 0.099496 1.118811 -0.178958
v 0.103737 1.103155 -0.186307
v 0.115207 1.091566 -0.206732
v 0.130833 1.087150 -0.234762
v 0.146427 1.091090 -0.262885
v 0.157811 1.102330 -0.283566
v 0.122529 1.117526 -0.309905
v 0.119306 1.133190 -0.302075
v 0.110616 1.144802 -0.280334
v 0.098790 1.149250 -0.250508
v 0.086994 1.145342 -0.220588
v 0.078390 1.134125 -0.198591
v 0.075284 1.118605 -0.190412
v 0.078508 1.102941 -0.198242
v 0.087198 1.091329 -0.219983
v 0.099025 1.086882 -0.249810
v 0.110820 1.090789 -0.279730
v 0.119424 1.102006 -0.301726
v 0.081028 1.117240 -0.323244
v 0.078877 1.132912 -0.315070
v 0.073115 1.144544 -0.292388
v 0.065289 1.149019 -0.261276
v 0.057494 1.145139 -0.230070
v 0.051819 1.133943 -0.207131
v 0.049785 1.118430 -0.198608
v 0.051937 1.102759 -0.206782
v 0.057698 1.091127 -0.229465
v 0.065524 1.086652 -0.260577
v 0.073320 1.090532 -0.291783
v 0.078994 1.101728 -0.314721
v 0.038140 1.117008 -0.331053
v 0.037097 1.132686 -0.322677
v 0.034362 1.144334 -0.299444
v 0.030669 1.148832 -0.267579
v 0.027009 1.144974 -0.235620
v 0.024360 1.133794 -0.212131
v 0.023434 1.118288 -0.203405
v 0.024478 1.102610 -0.211782
v 0.027213 1.090962 -0.235015
v 0.030905 1.086464 -0.266880
v 0.034566 1.090322 -0.298839
v 0.037214 1.101502 -0.322328
v -0.005400 1.116832 -0.333197
v -0.005320 1.132515 -0.324766
v -0.004982 1.144175 -0.301381
v -0.004477 1.148690 -0.269309
v -0.003941 1.144849 -0.237144
v -0.003517 1.133682 -0.213504
v -0.003318 1.118180 -0.204723
v -0.003398 1.102498 -0.213154
v -0.003736 1.090837 -0.236539
v -0.004241 1.086322 -0.268611
v -0.004777 1.090163 -0.300776
v -0.005201 1.101331 -0.324416
v -0.048848 1.116717 -0.329640
v -0.047645 1.132402 -0.321300
v -0.044241 1.144071 -0.298167
v -0.039549 1.148597 -0.266438
v -0.034824 1.144767 -0.234615
v -0.031334 1.133607 -0.211226
v -0.030013 1.118109 -0.202537
v -0.031216 1.102424 -0.210877
v -0.034620 1.090755 -0.234011
v -0.039313 1.086229 -0.265740
v -0.044038 1.090059 -0.297562
v -0.047527 1.101218 -0.320951
v -0.091460 1.116663 -0.320443
v -0.089157 1.132349 -0.312340
v -0.082746 1.144022 -0.289856
v -0.073945 1.148553 -0.259013
v -0.065113 1.144728 -0.228078
v -0.058616 1.133573 -0.205337
v -0.056195 1.118076 -0.196886
v -0.058498 1.102389 -0.204989
v -0.064909 1.090716 -0.227473
v -0.073710 1.086185 -0.258316
v -0.082542 1.090010 -0.289251
v -0.089039 1.101166 -0.311991
v -0.132507 1.116671 -0.305762
v -0.129144 1.132358 -0.298040
v -0.119836 1.144030 -0.276591
v -0.107079 1.148560 -0.247164
v -0.094291 1.144735 -0.217643
v -0.084897 1.133579 -0.195938
v -0.081415 1.118081 -0.187866
v -0.084779 1.102395 -0.195590
v -0.094086 1.090722 -0.217038
v -0.106844 1.086192 -0.246466
v -0.119633 1.090018 -0.275986
v -0.129026 1.101174 -0.297690
v -0.171287 1.116743 -0.285850
v -0.166922 1.132428 -0.278642
v -0.154878 1.144095 -0.258599
v -0.138383 1.148618 -0.231091
v -0.121856 1.144785 -0.203489
v -0.109725 1.133624 -0.183190
v -0.105242 1.118125 -0.175632
v -0.109608 1.102440 -0.182841
v -0.121652 1.090773 -0.202885
v -0.138147 1.086250 -0.230393
v -0.154674 1.090082 -0.257994
v -0.166805 1.101244 -0.278293
v -0.207137 1.116876 -0.261048
v -0.201846 1.132557 -0.254480
v -0.187272 1.144214 -0.236187
v -0.167321 1.148725 -0.211069
v -0.147338 1.144880 -0.185859
v -0.132678 1.133709 -0.167310
v -0.127269 1.118206 -0.160393
v -0.132560 1.102525 -0.166961
v -0.147134 1.090868 -0.185254
v -0.167085 1.086357 -0.210371
v -0.187068 1.090202 -0.235582
v -0.201728 1.101372 -0.254131
v -0.239442 1.117067 -0.231778
v -0.233316 1.132743 -0.225966
v -0.216463 1.144387 -0.209739
v -0.193398 1.148880 -0.187443
v -0.170301 1.145016 -0.165054
v -0.153361 1.133832 -0.148571
v -0.147118 1.118324 -0.142409
v -0.153243 1.102648 -0.148221
v -0.170097 1.091004 -0.164449
v -0.193162 1.086512 -0.186745
v -0.216259 1.090375 -0.209134
v -0.233199 1.101559 -0.225617
v -0.267650 1.117315 -0.198543
v -0.260796 1.132985 -0.193590
v -0.241952 1.144611 -0.179707
v -0.216168 1.149079 -0.160615
v -0.190352 1.145192 -0.141430
v -0.171421 1.133991 -0.127292
v -0.164449 1.118476 -0.121989
v -0.171304 1.102806 -0.126943
v -0.190147 1.091180 -0.140825
v -0.215932 1.086711 -0.159917
v -0.241748 1.090599 -0.179102
v -0.260678 1.101800 -0.193240
v -0.291279 1.117613 -0.161911
v -0.283814 1.133276 -0.157904
v -0.263303 1.144881 -0.146606
v -0.235241 1.149320 -0.131045
v -0.207147 1.145404 -0.115391
v -0.186550 1.134182 -0.103838
v -0.178967 1.118660 -0.099481
v -0.186432 1.102998 -0.103488
v -0.206943 1.091392 -0.114786
v -0.235005 1.086953 -0.130347
v -0.263099 1.090869 -0.146001
v -0.283696 1.102091 -0.157554
v -0.309923 1.117959 -0.122508
v -0.301977 1.133612 -0.119519
v -0.280150 1.145193 -0.111002
v -0.250291 1.149599 -0.099239
v -0.220400 1.145650 -0.087383
v -0.198487 1.134403 -0.078610
v -0.190423 1.118872 -0.075271
v -0.198369 1.103219 -0.078261
v -0.220196 1.091638 -0.086778
v -0.250055 1.087232 -0.098541
v -0.279946 1.091181 -0.110397
v -0.301860 1.102428 -0.119169
v -0.323265 1.118345 -0.081009
v -0.314974 1.133988 -0.079091
v -0.292206 1.145542 -0.073503
v -0.261060 1.149911 -0.065741
v -0.229884 1.145924 -0.057885
v -0.207029 1.134650 -0.052041
v -0.198620 1.119109 -0.049774
v -0.206911 1.103466 -0.051691
v -0.229680 1.091912 -0.057280
v -0.260825 1.087543 -0.065042
v -0.292002 1.091530 -0.072898
v -0.314857 1.102804 -0.078742
v -0.331076 1.118765 -0.038124
v -0.322583 1.134397 -0.037314
v -0.299264 1.145922 -0.034752
v -0.267365 1.150250 -0.031124
v -0.235435 1.146223 -0.027402
v -0.212030 1.134919 -0.024584
v -0.203419 1.119367 -0.023425
v -0.211912 1.103735 -0.024235
v -0.235232 1.092210 -0.026797
v -0.267130 1.087882 -0.030425
v -0.299060 1.091909 -0.034147
v -0.322466 1.103213 -0.036965
v 0.261878 2.109261 -0.219105
v 0.219105 2.109261 -0.261878
v 0.182793 2.143312 -0.228987
v 0.228987 2.143312 -0.182793
v 0.136867 2.134090 -0.274539
v 0.093899 2.164204 -0.237619
v 0.142008 2.172905 -0.190288
v 0.046526 2.147105 -0.282373
v -0.000000 2.171340 -0.241045
v 0.048112 2.187919 -0.195286
v -0.046526 2.147104 -0.282373
v -0.093899 2.164203 -0.237619
v -0.048112 2.187919 -0.195286
v -0.136867 2.134090 -0.274539
v -0.182793 2.143312 -0.228987
v -0.142008 2.172905 -0.190288
v -0.219105 2.109261 -0.261878
v -0.261877 2.109261 -0.219105
v -0.228987 2.143313 -0.182793
v 0.274539 2.134090 -0.136867
v 0.190288 2.172905 -0.142008
v 0.237619 2.164204 -0.093899
v 0.097345 2.196338 -0.146840
v 0.146840 2.196339 -0.097346
v 0.000000 2.204209 -0.148848
v 0.049660 2.212478 -0.099757
v -0.097345 2.196339 -0.146840
v -0.049660 2.212478 -0.099757
v -0.190288 2.172905 -0.142008
v -0.146840 2.196339 -0.097346
v -0.274539 2.134090 -0.136867
v -0.237619 2.164204 -0.093899
v 0.282372 2.147104 -0.046526
v 0.195285 2.187919 -0.048113
v 0.241045 2.171340 -0.000000
v 0.099757 2.212478 -0.049660
v 0.148848 2.204209 -0.000000
v -0.000000 2.220685 -0.050320
v 0.050320 2.220685 -0.000000
v -0.099757 2.212478 -0.049660
v -0.050320 2.220685 -0.000000
v -0.195285 2.187920 -0.048113
v -0.148848 2.204209 -0.000000
v -0.282372 2.147104 -0.046526
v -0.241045 2.171340 -0.000000
v 0.282372 2.147104 0.046525
v 0.195285 2.187920 0.048112
v 0.237619 2.164203 0.093899
v 0.099757 2.212478 0.049660
v 0.146840 2.196338 0.097345
v -0.000000 2.220685 0.050320
v 0.049660 2.212478 0.099757
v -0.099757 2.212478 0.049660
v -0.049660 2.212478 0.099757
v -0.195285 2.187920 0.048112
v -0.146840 2.196339 0.097345
v -0.282372 2.147104 0.046525
v -0.237619 2.164203 0.093899
v 0.274539 2.134090 0.136867
v 0.190288 2.172905 0.142008
v 0.228987 2.143313 0.182793
v 0.097345 2.196339 0.146840
v 0.142008 2.172905 0.190288
v 0.000000 2.204210 0.148848
v 0.048112 2.187920 0.195286
v -0.097345 2.196339 0.146840
v -0.048112 2.187920 0.195285
v -0.190288 2.172905 0.142008
v -0.142008 2.172905 0.190288
v -0.274539 2.134090 0.136867
v -0.228987 2.143313 0.182793
v 0.261878 2.109261 0.219105
v 0.182793 2.143312 0.228987
v 0.219105 2.109261 0.261877
v 0.093899 2.164204 0.237619
v 0.136867 2.134090 0.274539
v -0.000000 2.171340 0.241045
v 0.046526 2.147105 0.282372
v -0.093899 2.164204 0.237619
v -0.046526 2.147104 0.282372
v -0.182793 2.143313 0.228987
v -0.136867 2.134090 0.274539
v -0.261878 2.109261 0.219105
v -0.219105 2.109261 0.261877
v 0.304812 2.039850 -0.277048
v 0.277048 2.039851 -0.304812
v 0.250500 2.073428 -0.287871
v 0.287871 2.073428 -0.250500
v 0.214288 2.061391 -0.327126
v 0.176878 2.099114 -0.304824
v 0.134547 2.079793 -0.346190
v 0.091315 2.116133 -0.317842
v 0.045827 2.090189 -0.356958
v 0.000000 2.122168 -0.322721
v -0.045827 2.090188 -0.356958
v -0.091315 2.116133 -0.317842
v -0.134547 2.079794 -0.346190
v -0.176878 2.099114 -0.304824
v -0.214288 2.061391 -0.327126
v -0.250500 2.073428 -0.287871
v -0.277048 2.039851 -0.304812
v -0.304812 2.039851 -0.277048
v -0.287871 2.073428 -0.250500
v -0.327126 2.061391 -0.214288
v -0.304824 2.099114 -0.176878
v -0.346190 2.079793 -0.134547
v -0.317842 2.116133 -0.091315
v -0.356958 2.090189 -0.045827
v -0.322720 2.122168 -0.000000
v -0.356958 2.090189 0.045827
v -0.317842 2.116133 0.091315
v -0.346190 2.079793 0.134547
v -0.304824 2.099114 0.176877
v -0.327126 2.061391 0.214288
v -0.287871 2.073427 0.250500
v -0.250500 2.073427 0.287870
v -0.304812 2.039850 0.277048
v -0.277048 2.039850 0.304811
v -0.176878 2.099114 0.304824
v -0.214288 2.061391 0.327126
v -0.091315 2.116133 0.317842
v -0.134547 2.079793 0.346190
v 0.000000 2.122169 0.322720
v -0.045827 2.090189 0.356958
v 0.091315 2.116133 0.317842
v 0.045827 2.090189 0.356958
v 0.176878 2.099114 0.304824
v 0.134547 2.079793 0.346190
v 0.250500 2.073428 0.287870
v 0.214288 2.061391 0.327126
v 0.304812 2.039850 0.277048
v 0.287871 2.073428 0.250500
v 0.277048 2.039850 0.304811
v 0.327126 2.061391 0.214288
v 0.304824 2.099114 0.176877
v 0.346190 2.079793 0.134547
v 0.317842 2.116133 0.091315
v 0.356958 2.090189 0.045827
v 0.322720 2.122168 -0.000000
v 0.356958 2.090189 -0.045827
v 0.317842 2.116133 -0.091315
v 0.346190 2.079793 -0.134547
v 0.304824 2.099114 -0.176878
v 0.327126 2.061391 -0.214288
v 0.219105 1.492819 0.376716
v 0.261878 1.534108 0.376716
v 0.228987 1.569160 0.411992
v 0.182793 1.524568 0.411992
v 0.274539 1.613493 0.402438
v 0.237619 1.654970 0.433633
v 0.190288 1.608530 0.442648
v 0.282372 1.700700 0.415919
v 0.241045 1.745612 0.441026
v 0.195285 1.699168 0.458201
v 0.282372 1.790524 0.415919
v 0.237619 1.836254 0.433633
v 0.195285 1.792056 0.458201
v 0.274539 1.877731 0.402438
v 0.228987 1.922064 0.411992
v 0.190288 1.882694 0.442648
v 0.261878 1.957116 0.376716
v 0.219105 1.998405 0.376716
v 0.182793 1.966656 0.411992
v 0.136867 1.480597 0.402438
v 0.142008 1.561924 0.442648
v 0.093899 1.516235 0.433633
v 0.146840 1.651643 0.466923
v 0.097345 1.603865 0.466923
v 0.148848 1.745612 0.475077
v 0.099757 1.697674 0.483642
v 0.146840 1.839581 0.466923
v 0.099757 1.793550 0.483642
v 0.142008 1.929300 0.442648
v 0.097345 1.887359 0.466923
v 0.136867 2.010628 0.402438
v 0.093899 1.974989 0.433633
v 0.046526 1.473034 0.415919
v 0.048112 1.557100 0.458201
v -0.000000 1.512928 0.441026
v 0.049660 1.649315 0.483642
v 0.000000 1.601927 0.475077
v 0.050320 1.745612 0.492144
v -0.000000 1.697038 0.492144
v 0.049660 1.841909 0.483642
v -0.000000 1.794186 0.492144
v 0.048112 1.934124 0.458201
v -0.000000 1.889297 0.475077
v 0.046526 2.018190 0.415919
v -0.000000 1.978296 0.441026
v -0.046526 1.473034 0.415919
v -0.048112 1.557100 0.458201
v -0.093899 1.516235 0.433633
v -0.049660 1.649315 0.483642
v -0.097345 1.603865 0.466923
v -0.050320 1.745612 0.492144
v -0.099757 1.697674 0.483642
v -0.049660 1.841909 0.483642
v -0.099757 1.793550 0.483642
v -0.048112 1.934124 0.458201
v -0.097345 1.887359 0.466923
v -0.046526 2.018190 0.415919
v -0.093899 1.974989 0.433633
v -0.136867 1.480597 0.402438
v -0.142008 1.561924 0.442648
v -0.182793 1.524568 0.411992
v -0.146840 1.651643 0.466923
v -0.190288 1.608530 0.442648
v -0.148848 1.745612 0.475077
v -0.195285 1.699168 0.458201
v -0.146840 1.839581 0.466923
v -0.195285 1.792056 0.458201
v -0.142008 1.929300 0.442648
v -0.190288 1.882694 0.442648
v -0.136867 2.010628 0.402438
v -0.182793 1.966656 0.411992
v -0.219105 1.492819 0.376716
v -0.228987 1.569160 0.411992
v -0.261878 1.534108 0.376716
v -0.237619 1.654970 0.433633
v -0.274539 1.613493 0.402438
v -0.241045 1.745612 0.441026
v -0.282372 1.700701 0.415919
v -0.237619 1.836254 0.433633
v -0.282372 1.790524 0.415919
v -0.228987 1.922064 0.411992
v -0.274539 1.877731 0.402438
v -0.219105 1.998405 0.376716
v -0.261878 1.957116 0.376716
v 0.277048 1.451373 0.304812
v 0.304812 1.478174 0.304812
v 0.287871 1.503801 0.339595
v 0.250500 1.467727 0.339595
v 0.327126 1.538757 0.327126
v 0.304824 1.574870 0.366205
v 0.346190 1.615732 0.346190
v 0.317842 1.657465 0.383835
v 0.356958 1.701375 0.356958
v 0.322720 1.745612 0.390087
v 0.356958 1.789849 0.356958
v 0.317842 1.833760 0.383835
v 0.346190 1.875492 0.346190
v 0.304824 1.916354 0.366205
v 0.327126 1.952467 0.327126
v 0.287871 1.987422 0.339595
v 0.304812 2.013050 0.304811
v 0.250500 2.023497 0.339595
v 0.176878 2.039862 0.366205
v 0.091315 2.052429 0.383835
v 0.000000 2.057138 0.390087
v -0.091315 2.052429 0.383835
v -0.176878 2.039862 0.366205
v -0.250500 2.023497 0.339595
v -0.287871 1.987423 0.339595
v -0.304812 2.013050 0.304811
v -0.304824 1.916354 0.366205
v -0.327126 1.952467 0.327126
v -0.317842 1.833760 0.383835
v -0.346190 1.875492 0.346190
v -0.322720 1.745612 0.390087
v -0.356958 1.789849 0.356958
v -0.317842 1.657465 0.383835
v -0.356958 1.701375 0.356958
v -0.304824 1.574870 0.366205
v -0.346190 1.615732 0.346190
v -0.287871 1.503801 0.339595
v -0.327126 1.538757 0.327126
v -0.277048 1.451373 0.304812
v -0.250500 1.467727 0.339595
v -0.304812 1.478174 0.304812
v -0.214288 1.429833 0.327126
v -0.176878 1.451362 0.366205
v -0.134547 1.411431 0.346190
v -0.091315 1.438795 0.383835
v -0.045827 1.401036 0.356958
v -0.000000 1.434086 0.390087
v 0.045827 1.401036 0.356958
v 0.091315 1.438795 0.383835
v 0.134547 1.411431 0.346190
v 0.176878 1.451362 0.366205
v 0.214288 1.429833 0.327126
v -0.376716 1.492819 0.219105
v -0.376716 1.534108 0.261877
v -0.411992 1.569160 0.228987
v -0.411992 1.524568 0.182793
v -0.402438 1.613493 0.274539
v -0.433633 1.654970 0.237619
v -0.442648 1.608530 0.190288
v -0.415919 1.700700 0.282372
v -0.441026 1.745612 0.241045
v -0.458201 1.699168 0.195285
v -0.415920 1.790524 0.282372
v -0.433633 1.836254 0.237619
v -0.458201 1.792056 0.195285
v -0.402438 1.877731 0.274539
v -0.411992 1.922064 0.228987
v -0.442648 1.882694 0.190288
v -0.376716 1.957116 0.261877
v -0.376716 1.998405 0.219105
v -0.411992 1.966656 0.182793
v -0.402438 1.480597 0.136867
v -0.442648 1.561924 0.142008
v -0.433633 1.516235 0.093899
v -0.466923 1.651643 0.146840
v -0.466923 1.603865 0.097345
v -0.475077 1.745612 0.148848
v -0.483642 1.697674 0.099757
v -0.466923 1.839581 0.146840
v -0.483643 1.793550 0.099757
v -0.442648 1.929300 0.142008
v -0.466923 1.887359 0.097345
v -0.402438 2.010628 0.136867
v -0.433633 1.974989 0.093899
v -0.415920 1.473034 0.046526
v -0.458201 1.557100 0.048112
v -0.441026 1.512928 -0.000000
v -0.483643 1.649315 0.049660
v -0.475077 1.601927 -0.000000
v -0.492144 1.745612 0.050320
v -0.492144 1.697038 -0.000000
v -0.483643 1.841909 0.049660
v -0.492144 1.794186 -0.000000
v -0.458201 1.934124 0.048112
v -0.475077 1.889297 -0.000000
v -0.415920 2.018190 0.046525
v -0.441026 1.978296 -0.000000
v -0.415920 1.473034 -0.046526
v -0.458201 1.557100 -0.048113
v -0.433633 1.516235 -0.093899
v -0.483642 1.649315 -0.049660
v -0.466923 1.603865 -0.097346
v -0.492144 1.745612 -0.050320
v -0.483642 1.697674 -0.099757
v -0.483643 1.841909 -0.049660
v -0.483642 1.793550 -0.099757
v -0.458201 1.934124 -0.048113
v -0.466923 1.887359 -0.097346
v -0.415920 2.018190 -0.046526
v -0.433633 1.974989 -0.093899
v -0.402438 1.480597 -0.136867
v -0.442648 1.561924 -0.142008
v -0.411992 1.524568 -0.182793
v -0.466923 1.651643 -0.146840
v -0.442648 1.608530 -0.190288
v -0.475077 1.745612 -0.148848
v -0.458201 1.699168 -0.195286
v -0.466923 1.839581 -0.146840
v -0.458201 1.792056 -0.195286
v -0.442648 1.929300 -0.142008
v -0.442648 1.882694 -0.190288
v -0.402438 2.010628 -0.136867
v -0.411992 1.966656 -0.182793
v -0.376716 1.492819 -0.219105
v -0.411992 1.569160 -0.228987
v -0.376716 1.534108 -0.261878
v -0.433633 1.654970 -0.237620
v -0.402438 1.613493 -0.274539
v -0.441026 1.745612 -0.241045
v -0.415920 1.700701 -0.282373
v -0.433633 1.836254 -0.237619
v -0.415920 1.790524 -0.282373
v -0.411992 1.922064 -0.228987
v -0.402438 1.877731 -0.274539
v -0.376716 1.998405 -0.219105
v -0.376716 1.957116 -0.261878
v -0.304812 1.451373 0.277048
v -0.339595 1.503801 0.287870
v -0.339595 1.467727 0.250500
v -0.366205 1.574870 0.304824
v -0.383835 1.657465 0.317842
v -0.390087 1.745612 0.322720
v -0.383835 1.833760 0.317842
v -0.366205 1.916354 0.304824
v -0.339595 1.987423 0.287870
v -0.339595 2.023497 0.250500
v -0.366205 2.039862 0.176877
v -0.383835 2.052429 0.091315
v -0.390087 2.057138 -0.000000
v -0.383835 2.052429 -0.091315
v -0.366205 2.039862 -0.176878
v -0.339595 2.023497 -0.250500
v -0.339595 1.987423 -0.287871
v -0.304812 2.013050 -0.304812
v -0.366205 1.916354 -0.304824
v -0.327126 1.952467 -0.327126
v -0.383835 1.833760 -0.317842
v -0.346190 1.875492 -0.346190
v -0.390087 1.745612 -0.322720
v -0.356958 1.789849 -0.356958
v -0.383835 1.657465 -0.317842
v -0.356958 1.701375 -0.356958
v -0.366205 1.574870 -0.304824
v -0.346190 1.615732 -0.346190
v -0.339595 1.503801 -0.287871
v -0.327126 1.538757 -0.327126
v -0.304812 1.451373 -0.277048
v -0.339595 1.467727 -0.250500
v -0.304812 1.478174 -0.304812
v -0.327126 1.429833 -0.214288
v -0.366205 1.451362 -0.176878
v -0.346190 1.411431 -0.134547
v -0.383835 1.438795 -0.091315
v -0.356958 1.401036 -0.045827
v -0.390087 1.434086 -0.000000
v -0.356958 1.401036 0.045827
v -0.383835 1.438795 0.091315
v -0.346190 1.411431 0.134547
v -0.366205 1.451362 0.176877
v -0.327126 1.429833 0.214288
v -0.261878 1.381963 -0.219105
v -0.219105 1.381963 -0.261878
v -0.182793 1.347912 -0.228987
v -0.228987 1.347912 -0.182793
v -0.136867 1.357134 -0.274539
v -0.093899 1.327021 -0.237619
v -0.142008 1.318319 -0.190288
v -0.046526 1.344120 -0.282373
v 0.000000 1.319884 -0.241045
v -0.048112 1.303305 -0.195286
v 0.046526 1.344120 -0.282373
v 0.093899 1.327021 -0.237619
v 0.048112 1.303305 -0.195286
v 0.136867 1.357134 -0.274539
v 0.182793 1.347911 -0.228987
v 0.142008 1.318319 -0.190288
v 0.219105 1.381963 -0.261878
v 0.261877 1.381963 -0.219105
v 0.228987 1.347911 -0.182793
v -0.274539 1.357134 -0.136867
v -0.190288 1.318319 -0.142008
v -0.237619 1.327021 -0.093899
v -0.097345 1.294886 -0.146840
v -0.146840 1.294886 -0.097346
v -0.000000 1.287014 -0.148848
v -0.049660 1.278746 -0.099757
v 0.097345 1.294886 -0.146840
v 0.049660 1.278746 -0.099757
v 0.190288 1.318319 -0.142008
v 0.146840 1.294886 -0.097346
v 0.274539 1.357134 -0.136867
v 0.237619 1.327021 -0.093899
v -0.282372 1.344120 -0.046526
v -0.195285 1.303305 -0.048113
v -0.241045 1.319884 -0.000000
v -0.099757 1.278746 -0.049660
v -0.148848 1.287014 -0.000000
v 0.000000 1.270539 -0.050320
v -0.050320 1.270539 -0.000000
v 0.099757 1.278746 -0.049660
v 0.050320 1.270539 -0.000000
v 0.195285 1.303305 -0.048113
v 0.148848 1.287015 -0.000000
v 0.282372 1.344120 -0.046526
v 0.241045 1.319884 -0.000000
v -0.282372 1.344120 0.046526
v -0.195285 1.303305 0.048112
v -0.237619 1.327021 0.093899
v -0.099757 1.278746 0.049660
v -0.146840 1.294886 0.097345
v 0.000000 1.270539 0.050320
v -0.049660 1.278746 0.099757
v 0.099757 1.278746 0.049660
v 0.049660 1.278746 0.099757
v 0.195285 1.303304 0.048112
v 0.146840 1.294886 0.097345
v 0.282372 1.344120 0.046526
v 0.237619 1.327021 0.093899
v -0.274539 1.357134 0.136867
v -0.190288 1.318319 0.142008
v -0.228987 1.347911 0.182793
v -0.097345 1.294885 0.146840
v -0.142008 1.318319 0.190288
v -0.000000 1.287014 0.148848
v -0.048112 1.303304 0.195286
v 0.097345 1.294885 0.146840
v 0.048112 1.303304 0.195285
v 0.190288 1.318319 0.142008
v 0.142008 1.318319 0.190288
v 0.274539 1.357134 0.136867
v 0.228987 1.347912 0.182793
v -0.261878 1.381963 0.219105
v -0.182793 1.347911 0.228987
v -0.219105 1.381963 0.261877
v -0.093899 1.327020 0.237619
v -0.136867 1.357134 0.274539
v 0.000000 1.319884 0.241045
v -0.046526 1.344120 0.282372
v 0.093899 1.327020 0.237619
v 0.046526 1.344120 0.282372
v 0.182793 1.347911 0.228987
v 0.136867 1.357134 0.274539
v 0.261878 1.381963 0.219105
v 0.219105 1.381963 0.261877
v -0.277048 1.451374 -0.304812
v -0.250500 1.417796 -0.287871
v -0.287871 1.417797 -0.250500
v -0.214288 1.429833 -0.327126
v -0.176878 1.392110 -0.304824
v -0.134547 1.411431 -0.346190
v -0.091315 1.375091 -0.317842
v -0.045827 1.401036 -0.356958
v -0.000000 1.369056 -0.322720
v 0.045827 1.401036 -0.356958
v 0.091315 1.375091 -0.317842
v 0.134547 1.411431 -0.346190
v 0.176878 1.392109 -0.304824
v 0.214288 1.429833 -0.327126
v 0.250500 1.417796 -0.287871
v 0.277048 1.451373 -0.304812
v 0.304812 1.451373 -0.277048
v 0.287871 1.417796 -0.250500
v 0.327126 1.429833 -0.214288
v 0.304824 1.392110 -0.176878
v 0.346190 1.411431 -0.134547
v 0.317842 1.375091 -0.091315
v 0.356958 1.401036 -0.045827
v 0.322720 1.369056 -0.000000
v 0.356958 1.401036 0.045827
v 0.317842 1.375091 0.091315
v 0.346190 1.411431 0.134547
v 0.304824 1.392110 0.176877
v 0.327126 1.429833 0.214288
v 0.287871 1.417797 0.250500
v 0.250500 1.417797 0.287870
v 0.304812 1.451374 0.277048
v 0.176878 1.392110 0.304824
v 0.091315 1.375091 0.317842
v 0.000000 1.369056 0.322720
v -0.091315 1.375091 0.317842
v -0.176878 1.392110 0.304824
v -0.250500 1.417796 0.287870
v -0.287871 1.417796 0.250500
v -0.304824 1.392110 0.176877
v -0.317842 1.375091 0.091315
v -0.322720 1.369056 -0.000000
v -0.317842 1.375091 -0.091315
v -0.304824 1.392110 -0.176878
v 0.376716 1.492819 -0.219105
v 0.376716 1.534108 -0.261878
v 0.411992 1.569160 -0.228987
v 0.411992 1.524568 -0.182793
v 0.402438 1.613493 -0.274539
v 0.433633 1.654970 -0.237619
v 0.442648 1.608530 -0.190288
v 0.415919 1.700700 -0.282373
v 0.441026 1.745612 -0.241045
v 0.458201 1.699168 -0.195286
v 0.415920 1.790524 -0.282373
v 0.433633 1.836254 -0.237619
v 0.458201 1.792056 -0.195286
v 0.402438 1.877731 -0.274539
v 0.411992 1.922064 -0.228987
v 0.442648 1.882694 -0.190288
v 0.376716 1.957116 -0.261878
v 0.376716 1.998405 -0.219105
v 0.411992 1.966656 -0.182793
v 0.402438 1.480597 -0.136867
v 0.442648 1.561924 -0.142008
v 0.433633 1.516235 -0.093899
v 0.466923 1.651643 -0.146840
v 0.466923 1.603865 -0.097346
v 0.475077 1.745612 -0.148848
v 0.483642 1.697674 -0.099757
v 0.466923 1.839581 -0.146840
v 0.483643 1.793550 -0.099757
v 0.442648 1.929300 -0.142008
v 0.466923 1.887359 -0.097346
v 0.402438 2.010628 -0.136867
v 0.433633 1.974989 -0.093899
v 0.415920 1.473034 -0.046526
v 0.458201 1.557100 -0.048113
v 0.441026 1.512928 -0.000000
v 0.483643 1.649315 -0.049660
v 0.475077 1.601927 -0.000000
v 0.492144 1.745612 -0.050320
v 0.492144 1.697038 -0.000000
v 0.483643 1.841909 -0.049660
v 0.492144 1.794186 -0.000000
v 0.458201 1.934124 -0.048113
v 0.475077 1.889297 -0.000000
v 0.415920 2.018190 -0.046526
v 0.441026 1.978296 -0.000000
v 0.415920 1.473034 0.046526
v 0.458201 1.557100 0.048112
v 0.433633 1.516235 0.093899
v 0.483642 1.649315 0.049660
v 0.466923 1.603865 0.097345
v 0.492144 1.745612 0.050320
v 0.483642 1.697674 0.099757
v 0.483643 1.841909 0.049660
v 0.483642 1.793550 0.099757
v 0.458201 1.934124 0.048112
v 0.466923 1.887359 0.097345
v 0.415920 2.018190 0.046525
v 0.433633 1.974989 0.093899
v 0.402438 1.480597 0.136867
v 0.442648 1.561924 0.142008
v 0.411992 1.524568 0.182793
v 0.466923 1.651643 0.146840
v 0.442648 1.608530 0.190288
v 0.475077 1.745612 0.148848
v 0.458201 1.699168 0.195286
v 0.466923 1.839581 0.146840
v 0.458201 1.792056 0.195285
v 0.442648 1.929300 0.142008
v 0.442648 1.882694 0.190288
v 0.402438 2.010628 0.136867
v 0.411992 1.966656 0.182793
v 0.376716 1.492819 0.219105
v 0.411992 1.569160 0.228987
v 0.376716 1.534108 0.261877
v 0.433633 1.654970 0.237619
v 0.402438 1.613493 0.274539
v 0.441026 1.745612 0.241045
v 0.415920 1.700701 0.282372
v 0.433633 1.836254 0.237619
v 0.415920 1.790524 0.282372
v 0.411992 1.922064 0.228987
v 0.402438 1.877731 0.274539
v 0.376716 1.998405 0.219105
v 0.376716 1.957116 0.261877
v 0.304812 1.478174 -0.304812
v 0.339595 1.503801 -0.287871
v 0.339595 1.467727 -0.250500
v 0.327126 1.538757 -0.327126
v 0.366205 1.574870 -0.304824
v 0.346190 1.615732 -0.346190
v 0.383835 1.657465 -0.317842
v 0.356958 1.701375 -0.356958
v 0.390087 1.745612 -0.322720
v 0.356958 1.789849 -0.356958
v 0.383835 1.833760 -0.317842
v 0.346190 1.875492 -0.346190
v 0.366205 1.916354 -0.304824
v 0.327126 1.952467 -0.327126
v 0.339595 1.987422 -0.287871
v 0.304812 2.013050 -0.304812
v 0.339595 2.023497 -0.250500
v 0.366205 2.039862 -0.176878
v 0.383835 2.052429 -0.091315
v 0.390087 2.057138 -0.000000
v 0.383835 2.052429 0.091315
v 0.366205 2.039862 0.176877
v 0.339595 2.023497 0.250500
v 0.339595 1.987422 0.287870
v 0.366205 1.916354 0.304824
v 0.383835 1.833760 0.317842
v 0.390087 1.745612 0.322720
v 0.383835 1.657465 0.317842
v 0.366205 1.574870 0.304824
v 0.339595 1.503801 0.287870
v 0.339595 1.467727 0.250500
v 0.366205 1.451362 0.176877
v 0.383835 1.438795 0.091315
v 0.390087 1.434086 -0.000000
v 0.383835 1.438795 -0.091315
v 0.366205 1.451362 -0.176878
v -0.219105 1.492819 -0.376716
v -0.261878 1.534108 -0.376716
v -0.228987 1.569160 -0.411992
v -0.182793 1.524568 -0.411992
v -0.274539 1.613493 -0.402438
v -0.237619 1.654970 -0.433633
v -0.190288 1.608530 -0.442648
v -0.282372 1.700700 -0.415920
v -0.241045 1.745612 -0.441026
v -0.195285 1.699168 -0.458201
v -0.282372 1.790524 -0.415920
v -0.237619 1.836254 -0.433633
v -0.195285 1.792056 -0.458201
v -0.274539 1.877731 -0.402438
v -0.228987 1.922064 -0.411992
v -0.190288 1.882694 -0.442648
v -0.261878 1.957116 -0.376716
v -0.219105 1.998405 -0.376716
v -0.182793 1.966656 -0.411992
v -0.136867 1.480597 -0.402438
v -0.142008 1.561924 -0.442648
v -0.093899 1.516235 -0.433633
v -0.146840 1.651643 -0.466923
v -0.097345 1.603865 -0.466923
v -0.148848 1.745612 -0.475077
v -0.099757 1.697674 -0.483643
v -0.146840 1.839581 -0.466923
v -0.099757 1.793550 -0.483643
v -0.142008 1.929300 -0.442648
v -0.097345 1.887359 -0.466923
v -0.136867 2.010628 -0.402438
v -0.093899 1.974989 -0.433633
v -0.046526 1.473034 -0.415920
v -0.048112 1.557100 -0.458201
v 0.000000 1.512928 -0.441026
v -0.049660 1.649315 -0.483643
v -0.000000 1.601927 -0.475077
v -0.050320 1.745612 -0.492145
v -0.000000 1.697038 -0.492145
v -0.049660 1.841909 -0.483643
v -0.000000 1.794186 -0.492145
v -0.048112 1.934124 -0.458202
v -0.000000 1.889297 -0.475077
v -0.046526 2.018190 -0.415920
v 0.000000 1.978296 -0.441026
v 0.046526 1.473034 -0.415920
v 0.048112 1.557100 -0.458201
v 0.093899 1.516235 -0.433633
v 0.049660 1.649315 -0.483643
v 0.097345 1.603865 -0.466923
v 0.050320 1.745612 -0.492145
v 0.099757 1.697674 -0.483643
v 0.049660 1.841909 -0.483643
v 0.099757 1.793550 -0.483643
v 0.048112 1.934124 -0.458202
v 0.097345 1.887359 -0.466923
v 0.046526 2.018190 -0.415920
v 0.093899 1.974989 -0.433633
v 0.136867 1.480596 -0.402438
v 0.142008 1.561924 -0.442648
v 0.182793 1.524568 -0.411992
v 0.146840 1.651643 -0.466923
v 0.190288 1.608530 -0.442648
v 0.148848 1.745612 -0.475077
v 0.195285 1.699169 -0.458201
v 0.146840 1.839581 -0.466923
v 0.195285 1.792056 -0.458201
v 0.142008 1.929300 -0.442648
v 0.190288 1.882694 -0.442648
v 0.136867 2.010628 -0.402438
v 0.182793 1.966656 -0.411992
v 0.219105 1.492819 -0.376716
v 0.228987 1.569160 -0.411992
v 0.261878 1.534108 -0.376716
v 0.237619 1.654970 -0.433633
v 0.274539 1.613493 -0.402438
v 0.241045 1.745612 -0.441026
v 0.282372 1.700700 -0.415920
v 0.237619 1.836254 -0.433633
v 0.282372 1.790524 -0.415920
v 0.228987 1.922064 -0.411992
v 0.274539 1.877731 -0.402438
v 0.219105 1.998405 -0.376716
v 0.261878 1.957116 -0.376716
v -0.287871 1.503801 -0.339595
v -0.250500 1.467727 -0.339595
v -0.304824 1.574870 -0.366205
v -0.317842 1.657465 -0.383836
v -0.322720 1.745612 -0.390087
v -0.317842 1.833760 -0.383835
v -0.304824 1.916354 -0.366205
v -0.287871 1.987423 -0.339595
v -0.250500 2.023497 -0.339595
v -0.176878 2.039863 -0.366205
v -0.091315 2.052429 -0.383836
v -0.000000 2.057138 -0.390087
v 0.091315 2.052429 -0.383836
v 0.176878 2.039862 -0.366205
v 0.250500 2.023497 -0.339595
v 0.287871 1.987422 -0.339595
v 0.304824 1.916354 -0.366205
v 0.317842 1.833760 -0.383836
v 0.322720 1.745612 -0.390087
v 0.317842 1.657465 -0.383836
v 0.304824 1.574870 -0.366205
v 0.287871 1.503801 -0.339595
v 0.250500 1.467727 -0.339595
v 0.176878 1.451362 -0.366205
v 0.091315 1.438795 -0.383836
v 0.000000 1.434086 -0.390087
v -0.091315 1.438795 -0.383835
v -0.176878 1.451362 -0.366205
v -0.331050 1.127288 0.005287
v -0.332155 1.119442 0.027193
v -0.327518 1.127751 0.048444
v -0.323635 1.135057 0.026317
v -0.314480 1.141320 0.004860
v -0.311125 1.141760 0.045851
v -0.300239 1.146534 0.024270
v -0.285717 1.149486 0.004302
v -0.282669 1.149885 0.041539
v -0.268236 1.150797 0.021602
v -0.252470 1.149598 0.003762
v -0.249777 1.149950 0.036664
v -0.236202 1.146705 0.019027
v -0.223647 1.141625 0.003385
v -0.221261 1.141937 0.032532
v -0.212720 1.135353 0.017236
v -0.206970 1.127704 0.003271
v -0.204762 1.127993 0.030251
v -0.204082 1.119784 0.016708
v -0.206909 1.111565 0.003452
v -0.204701 1.111854 0.030432
v -0.212603 1.104168 0.017585
v -0.223480 1.097533 0.003878
v -0.221095 1.097845 0.033026
v -0.235999 1.092692 0.019632
v -0.252243 1.089367 0.004436
v -0.249550 1.089720 0.037338
v -0.268001 1.088429 0.022300
v -0.285490 1.089256 0.004976
v -0.282442 1.089655 0.042213
v -0.300035 1.092522 0.024874
v -0.314313 1.097229 0.005354
v -0.310958 1.097668 0.046344
v -0.323517 1.103873 0.026665
v -0.330989 1.111150 0.005467
v -0.327457 1.111612 0.048625
v -0.325766 1.119915 0.070312
v -0.318383 1.128224 0.090772
v -0.317410 1.135517 0.068322
v -0.302448 1.142210 0.086052
v -0.294465 1.146960 0.063233
v -0.274787 1.150294 0.078058
v -0.263079 1.151178 0.056408
v -0.242813 1.150311 0.068932
v -0.231661 1.147041 0.049677
v -0.215091 1.142257 0.061119
v -0.208629 1.135655 0.044843
v -0.199051 1.128289 0.056713
v -0.200157 1.120074 0.043201
v -0.198990 1.112150 0.056893
v -0.208512 1.104471 0.045192
v -0.214925 1.098165 0.061613
v -0.231457 1.093028 0.050282
v -0.242585 1.090081 0.069607
v -0.262843 1.088810 0.057106
v -0.274560 1.090064 0.078733
v -0.294261 1.092948 0.063837
v -0.302282 1.098118 0.086546
v -0.317292 1.104333 0.068671
v -0.318322 1.112086 0.090952
v -0.313802 1.120394 0.112228
v -0.303800 1.128701 0.131544
v -0.305755 1.135984 0.109155
v -0.288598 1.142662 0.124777
v -0.283654 1.147394 0.101108
v -0.262206 1.150705 0.113237
v -0.253421 1.151565 0.090243
v -0.231696 1.150675 0.100015
v -0.223157 1.147381 0.079471
v -0.205243 1.142579 0.088656
v -0.200970 1.135962 0.071679
v -0.189935 1.128587 0.082202
v -0.192806 1.120368 0.068955
v -0.189874 1.112448 0.082382
v -0.200852 1.104778 0.072028
v -0.205076 1.098487 0.089149
v -0.222953 1.093369 0.080076
v -0.231468 1.090444 0.100690
v -0.253186 1.089197 0.090941
v -0.261978 1.090475 0.113911
v -0.283451 1.093381 0.101712
v -0.288431 1.098570 0.125270
v -0.305638 1.104800 0.109504
v -0.303739 1.112562 0.131724
v -0.296469 1.120872 0.152224
v -0.284020 1.129173 0.170064
v -0.288870 1.136450 0.148117
v -0.269811 1.143110 0.161362
v -0.267993 1.147826 0.137248
v -0.245139 1.151112 0.146472
v -0.239430 1.151952 0.122527
v -0.216616 1.151034 0.129382
v -0.210837 1.147721 0.107900
v -0.191884 1.142897 0.114671
v -0.189873 1.136268 0.097286
v -0.177569 1.128882 0.106283
v -0.182156 1.120662 0.093529
v -0.177508 1.112743 0.106464
v -0.189755 1.105084 0.097635
v -0.191717 1.098805 0.115165
v -0.210632 1.093708 0.108505
v -0.216389 1.090804 0.130056
v -0.239195 1.089583 0.123226
v -0.244912 1.090882 0.147146
v -0.267789 1.093813 0.137852
v -0.269644 1.099018 0.161856
v -0.288753 1.105266 0.148466
v -0.283959 1.113034 0.170245
v -0.274064 1.121341 0.189615
v -0.259381 1.129631 0.205672
v -0.267043 1.136907 0.184542
v -0.246409 1.143546 0.195183
v -0.247747 1.148250 0.171034
v -0.223880 1.151507 0.177195
v -0.221344 1.152330 0.152710
v -0.197832 1.151383 0.156528
v -0.194910 1.148054 0.134478
v -0.175243 1.143206 0.138721
v -0.175528 1.136568 0.121226
v -0.162165 1.129168 0.128544
v -0.168390 1.120950 0.116503
v -0.162105 1.113030 0.128725
v -0.175410 1.105385 0.121575
v -0.175076 1.099115 0.139215
v -0.194706 1.094042 0.135083
v -0.197604 1.091153 0.157202
v -0.221109 1.089962 0.153408
v -0.223653 1.091277 0.177869
v -0.247543 1.094237 0.171639
v -0.246243 1.099453 0.195677
v -0.266926 1.105723 0.184892
v -0.259320 1.113492 0.205853
v -0.246969 1.121793 0.223761
v -0.230304 1.130068 0.237760
v -0.240648 1.137347 0.217807
v -0.218792 1.143960 0.225659
v -0.223264 1.148658 0.201889
v -0.198793 1.151884 0.204880
v -0.199473 1.152694 0.180273
v -0.175665 1.151716 0.180991
v -0.175651 1.148375 0.158750
v -0.155605 1.143502 0.160392
v -0.158180 1.136857 0.143088
v -0.143988 1.129441 0.148604
v -0.151742 1.121228 0.137483
v -0.143927 1.113303 0.148785
v -0.158062 1.105674 0.143438
v -0.155438 1.099411 0.160886
v -0.175447 1.094363 0.159355
v -0.175437 1.091486 0.181665
v -0.199238 1.090327 0.180971
v -0.198566 1.091654 0.205554
v -0.223060 1.094645 0.202494
v -0.218626 1.099869 0.226153
v -0.240531 1.106163 0.218156
v -0.230243 1.113929 0.237941
v -0.215648 1.122219 0.254079
v -0.197287 1.130476 0.265779
v -0.210137 1.137762 0.247342
v -0.187434 1.144348 0.252271
v -0.194963 1.149043 0.229285
v -0.170306 1.152237 0.229054
v -0.174191 1.153039 0.204746
v -0.150494 1.152028 0.202351
v -0.153388 1.148678 0.180301
v -0.133306 1.143778 0.179315
v -0.138127 1.137130 0.162499
v -0.123347 1.129697 0.166120
v -0.132499 1.121490 0.156111
v -0.123286 1.113558 0.166301
v -0.138010 1.105947 0.162848
v -0.133139 1.099686 0.179809
v -0.153184 1.094666 0.180906
v -0.150267 1.091798 0.203025
v -0.173956 1.090671 0.205444
v -0.170079 1.092006 0.229729
v -0.194759 1.095031 0.229890
v -0.187267 1.100256 0.252764
v -0.210019 1.106578 0.247691
v -0.197226 1.114337 0.265959
v -0.180638 1.122613 0.280050
v -0.160895 1.130849 0.289248
v -0.176031 1.138146 0.272642
v -0.152869 1.144702 0.274562
v -0.163328 1.149399 0.252752
v -0.138907 1.152558 0.249304
v -0.145930 1.153357 0.225710
v -0.122750 1.152312 0.220243
v -0.128502 1.148958 0.198761
v -0.108727 1.144029 0.195166
v -0.115712 1.137383 0.179127
v -0.100596 1.129930 0.180792
v -0.110988 1.121732 0.172068
v -0.100535 1.113791 0.180973
v -0.115595 1.106199 0.179476
v -0.108561 1.099938 0.195660
v -0.128298 1.094946 0.199366
v -0.122523 1.092082 0.220918
v -0.145695 1.090989 0.226408
v -0.138680 1.092328 0.249978
v -0.163123 1.095387 0.253357
v -0.152703 1.100611 0.275055
v -0.175913 1.106962 0.272991
v -0.160834 1.114711 0.289429
v -0.142537 1.122969 0.301229
v -0.121750 1.131180 0.307767
v -0.138914 1.138492 0.293274
v -0.115690 1.145017 0.292150
v -0.128899 1.149720 0.271890
v -0.105133 1.152844 0.265282
v -0.115175 1.153643 0.242806
v -0.092908 1.152565 0.234361
v -0.101419 1.149211 0.213816
v -0.082290 1.144253 0.207673
v -0.091318 1.137610 0.192687
v -0.076124 1.130136 0.192369
v -0.087578 1.121950 0.185081
v -0.076064 1.113998 0.192550
v -0.091200 1.106426 0.193036
v -0.082124 1.100162 0.208167
v -0.101215 1.095199 0.214420
v -0.092681 1.092334 0.235035
v -0.114940 1.091275 0.243504
v -0.104906 1.092614 0.265956
v -0.128695 1.095707 0.272494
v -0.115524 1.100925 0.292644
v -0.138797 1.107308 0.293623
v -0.121689 1.115041 0.307947
v -0.101997 1.123278 0.317253
v -0.080523 1.131463 0.321018
v -0.099422 1.138794 0.308885
v -0.076534 1.145286 0.304736
v -0.092267 1.150000 0.286370
v -0.069563 1.153088 0.276715
v -0.082451 1.153893 0.255741
v -0.061478 1.152780 0.244463
v -0.072603 1.149431 0.225206
v -0.054446 1.144444 0.216623
v -0.065362 1.137808 0.202946
v -0.050351 1.130314 0.200653
v -0.062669 1.122141 0.194927
v -0.050290 1.114175 0.200834
v -0.065245 1.106625 0.203296
v -0.054280 1.100353 0.217116
v -0.072399 1.095419 0.225811
v -0.061251 1.092550 0.245137
v -0.082215 1.091525 0.256439
v -0.069335 1.092858 0.277389
v -0.092063 1.095988 0.286975
v -0.076367 1.101194 0.305229
v -0.099304 1.107610 0.309234
v -0.080462 1.115324 0.321199
v -0.059712 1.123537 0.327850
v -0.037919 1.131694 0.328775
v -0.058229 1.139046 0.319208
v -0.036069 1.145505 0.312103
v -0.054058 1.150234 0.295945
v -0.032803 1.153287 0.283407
v -0.048318 1.154102 0.264295
v -0.028998 1.152956 0.250377
v -0.042546 1.149615 0.232738
v -0.025672 1.144600 0.221861
v -0.038289 1.137975 0.209731
v -0.023716 1.130458 0.205502
v -0.036688 1.122300 0.201437
v -0.023656 1.114319 0.205683
v -0.038172 1.106791 0.210080
v -0.025506 1.100508 0.222355
v -0.042342 1.095603 0.233343
v -0.028771 1.092726 0.251051
v -0.048082 1.091735 0.264993
v -0.032576 1.093057 0.284082
v -0.053854 1.096222 0.296550
v -0.035902 1.101413 0.312597
v -0.058111 1.107862 0.319557
v -0.037858 1.115555 0.328955
v -0.016405 1.123741 0.332837
v 0.005334 1.131868 0.330905
v -0.016041 1.139246 0.324066
v 0.005012 1.145670 0.314126
v -0.014926 1.150419 0.300451
v 0.004515 1.153438 0.285245
v -0.013360 1.154267 0.268320
v 0.003976 1.153089 0.252000
v -0.011763 1.149760 0.236283
v 0.003540 1.144718 0.223300
v -0.010562 1.138105 0.212924
v 0.003323 1.130567 0.206834
v -0.010079 1.122425 0.204502
v 0.003384 1.114428 0.207015
v -0.010444 1.106921 0.213273
v 0.003706 1.100626 0.223794
v -0.011559 1.095748 0.236888
v 0.004204 1.092859 0.252674
v -0.013125 1.091899 0.269018
v 0.004742 1.093208 0.285919
v -0.014722 1.096406 0.301056
v 0.005178 1.101579 0.314620
v -0.015922 1.108061 0.324415
v 0.005395 1.115729 0.331085
v 0.027182 1.123888 0.332129
v 0.048495 1.131983 0.327371
v 0.026421 1.139388 0.323376
v 0.046005 1.145780 0.310770
v 0.024460 1.150550 0.299811
v 0.041754 1.153537 0.282196
v 0.021824 1.154385 0.267749
v 0.036880 1.153177 0.249306
v 0.019219 1.149864 0.235780
v 0.032690 1.144796 0.220913
v 0.017344 1.138199 0.212470
v 0.030306 1.130639 0.204625
v 0.016702 1.122515 0.204067
v 0.030367 1.114500 0.204806
v 0.017463 1.107015 0.212820
v 0.032856 1.100704 0.221407
v 0.019424 1.095852 0.236385
v 0.037108 1.092947 0.249981
v 0.022060 1.092017 0.268447
v 0.041981 1.093307 0.282870
v 0.024664 1.096538 0.300416
v 0.046171 1.101688 0.311263
v 0.026539 1.108203 0.323725
v 0.048555 1.115844 0.327552
v 0.070304 1.123973 0.325738
v 0.090825 1.132037 0.318234
v 0.068430 1.139470 0.317150
v 0.086210 1.145831 0.302092
v 0.063426 1.150627 0.294036
v 0.078277 1.153583 0.274313
v 0.056633 1.154454 0.262590
v 0.069151 1.153218 0.242341
v 0.049872 1.149925 0.231237
v 0.061279 1.144832 0.214743
v 0.044953 1.138253 0.208379
v 0.056769 1.130673 0.198913
v 0.043197 1.122567 0.200140
v 0.056830 1.114534 0.199094
v 0.045071 1.107069 0.208728
v 0.061445 1.100740 0.215236
v 0.050076 1.095912 0.231842
v 0.069379 1.092987 0.243015
v 0.056868 1.092086 0.263288
v 0.078504 1.093353 0.274987
v 0.063629 1.096615 0.294641
v 0.086376 1.101739 0.302586
v 0.068547 1.108286 0.317499
v 0.090886 1.115898 0.318415
v 0.112224 1.123995 0.313774
v 0.131601 1.132028 0.303651
v 0.109267 1.139493 0.305495
v 0.124938 1.145823 0.288241
v 0.101304 1.150648 0.283225
v 0.113458 1.153576 0.261731
v 0.090470 1.154472 0.252932
v 0.100237 1.153211 0.231224
v 0.079668 1.149941 0.222733
v 0.088818 1.144826 0.204894
v 0.071792 1.138268 0.200719
v 0.082260 1.130667 0.189796
v 0.068952 1.122581 0.192789
v 0.082321 1.114528 0.189977
v 0.071910 1.107084 0.201068
v 0.088985 1.100734 0.205387
v 0.079873 1.095928 0.223337
v 0.100465 1.092981 0.231898
v 0.090706 1.092104 0.253630
v 0.113685 1.093345 0.262405
v 0.101508 1.096635 0.283830
v 0.125105 1.101731 0.288735
v 0.109384 1.108308 0.305844
v 0.131662 1.115890 0.303832
v 0.152223 1.123955 0.296441
v 0.170125 1.131958 0.283871
v 0.148233 1.139454 0.288609
v 0.161527 1.145756 0.269454
v 0.137448 1.150612 0.267563
v 0.146696 1.153515 0.244665
v 0.122758 1.154440 0.238941
v 0.129606 1.153157 0.216144
v 0.108101 1.149912 0.210412
v 0.114836 1.144778 0.191535
v 0.097402 1.138242 0.189621
v 0.106344 1.130623 0.177431
v 0.093529 1.122556 0.182139
v 0.106405 1.114484 0.177611
v 0.097520 1.107058 0.189970
v 0.115003 1.100686 0.192028
v 0.108305 1.095900 0.211017
v 0.129834 1.092927 0.216818
v 0.122994 1.092072 0.239639
v 0.146924 1.093284 0.245339
v 0.137652 1.096599 0.268168
v 0.161694 1.101664 0.269948
v 0.148350 1.108270 0.288959
v 0.170186 1.115819 0.284052
v 0.189618 1.123853 0.274035
v 0.205737 1.131826 0.259232
v 0.184661 1.139354 0.266783
v 0.195351 1.145630 0.246053
v 0.171238 1.150520 0.247318
v 0.177423 1.153401 0.223406
v 0.152944 1.154357 0.220855
v 0.156756 1.153057 0.197360
v 0.134681 1.149840 0.194486
v 0.138888 1.144689 0.174894
v 0.121344 1.138177 0.175276
v 0.128607 1.130540 0.162027
v 0.116505 1.122494 0.168373
v 0.128668 1.114402 0.162208
v 0.121462 1.106992 0.175625
v 0.139055 1.100597 0.175388
v 0.134886 1.095827 0.195091
v 0.156983 1.092826 0.198034
v 0.153179 1.091989 0.221553
v 0.177650 1.093171 0.224080
v 0.171442 1.096507 0.247922
v 0.195518 1.101538 0.246546
v 0.184779 1.108170 0.267132
v 0.205799 1.115687 0.259413
v 0.223768 1.123691 0.246941
v 0.237829 1.131635 0.230156
v 0.217930 1.139196 0.240389
v 0.225831 1.145449 0.218437
v 0.202096 1.150373 0.222835
v 0.205111 1.153237 0.198319
v 0.180510 1.154226 0.198984
v 0.181221 1.152911 0.175194
v 0.158956 1.149724 0.175227
v 0.160562 1.144560 0.155257
v 0.143208 1.138073 0.157929
v 0.148669 1.130421 0.143850
v 0.137488 1.122394 0.151725
v 0.148730 1.114282 0.144031
v 0.143326 1.106888 0.158278
v 0.160728 1.100469 0.155750
v 0.159160 1.095712 0.175832
v 0.181448 1.092681 0.175868
v 0.180746 1.091858 0.199683
v 0.205339 1.093006 0.198994
v 0.202300 1.096360 0.223440
v 0.225998 1.101357 0.218930
v 0.218047 1.108012 0.240737
v 0.237890 1.115497 0.230337
v 0.254090 1.123471 0.215622
v 0.265851 1.131389 0.197140
v 0.247468 1.138981 0.209878
v 0.252446 1.145216 0.187079
v 0.229495 1.150174 0.194535
v 0.229288 1.153025 0.169833
v 0.204986 1.154048 0.173703
v 0.202583 1.152724 0.150024
v 0.180509 1.149567 0.152965
v 0.179487 1.144394 0.132959
v 0.162622 1.137932 0.137877
v 0.166188 1.130268 0.123210
v 0.156118 1.122259 0.132482
v 0.166248 1.114129 0.123391
v 0.162739 1.106748 0.138226
v 0.179654 1.100303 0.133452
v 0.180713 1.095555 0.153570
v 0.202811 1.092494 0.150698
v 0.205222 1.091681 0.174401
v 0.229516 1.092794 0.170508
v 0.229699 1.096161 0.195139
v 0.252612 1.101124 0.187573
v 0.247586 1.107797 0.210227
v 0.265912 1.115251 0.197321
v 0.280064 1.123196 0.180613
v 0.289323 1.131092 0.160750
v 0.272771 1.138715 0.175773
v 0.274739 1.144934 0.152516
v 0.252965 1.149926 0.162901
v 0.249540 1.152769 0.138436
v 0.225952 1.153827 0.145444
v 0.220478 1.152498 0.122281
v 0.198971 1.149373 0.128080
v 0.195340 1.144193 0.108381
v 0.179252 1.137756 0.115463
v 0.180862 1.130082 0.100461
v 0.172077 1.122090 0.110972
v 0.180922 1.113943 0.100641
v 0.179369 1.106573 0.115812
v 0.195507 1.100102 0.108875
v 0.199176 1.095361 0.128685
v 0.220706 1.092268 0.122955
v 0.226188 1.091460 0.146142
v 0.249768 1.092538 0.139110
v 0.253169 1.095914 0.163505
v 0.274906 1.100842 0.153010
v 0.272889 1.107531 0.176123
v 0.289384 1.114954 0.160931
v 0.301246 1.122874 0.142514
v 0.307845 1.130749 0.121608
v 0.293406 1.138400 0.138658
v 0.292331 1.144608 0.115340
v 0.272105 1.149635 0.128474
v 0.265521 1.152472 0.104664
v 0.243051 1.153567 0.114690
v 0.234598 1.152236 0.092441
v 0.214028 1.149143 0.100999
v 0.207849 1.143962 0.081945
v 0.192813 1.137550 0.091070
v 0.192440 1.129868 0.075990
v 0.185091 1.121892 0.087563
v 0.192501 1.113729 0.076171
v 0.192931 1.106366 0.091419
v 0.208015 1.099871 0.082439
v 0.214232 1.095131 0.101603
v 0.234826 1.092006 0.093115
v 0.243286 1.091199 0.115388
v 0.265748 1.092242 0.105338
v 0.272309 1.095622 0.129079
v 0.292497 1.100516 0.115833
v 0.293524 1.107216 0.139008
v 0.307906 1.114611 0.121789
v 0.317273 1.122507 0.101977
v 0.321099 1.130366 0.080383
v 0.309020 1.138043 0.099168
v 0.304919 1.144243 0.076185
v 0.286588 1.149303 0.091844
v 0.276956 1.152141 0.069095
v 0.255988 1.153271 0.081967
v 0.244702 1.151944 0.061013
v 0.225421 1.148883 0.072184
v 0.216800 1.143703 0.054103
v 0.203075 1.137315 0.065116
v 0.200726 1.129628 0.050218
v 0.194939 1.121667 0.062656
v 0.200787 1.113489 0.050399
v 0.203192 1.106131 0.065465
v 0.216967 1.099612 0.054597
v 0.225624 1.094871 0.072789
v 0.244930 1.091714 0.061687
v 0.256224 1.090903 0.082666
v 0.277183 1.091911 0.069770
v 0.286792 1.095291 0.092449
v 0.305085 1.100152 0.076679
v 0.309137 1.106859 0.099517
v 0.321159 1.114227 0.080564
v 0.327872 1.122103 0.059694
v 0.328858 1.129949 0.037782
v 0.319345 1.137650 0.057978
v 0.312289 1.143847 0.035723
v 0.296165 1.148938 0.053638
v 0.283651 1.151782 0.032339
v 0.264544 1.152945 0.047837
v 0.250618 1.151626 0.028535
v 0.232955 1.148596 0.042129
v 0.222041 1.143421 0.025331
v 0.209861 1.137056 0.038045
v 0.205577 1.129367 0.023586
v 0.201451 1.121418 0.036677
v 0.205638 1.113228 0.023766
v 0.209978 1.105873 0.038394
v 0.222207 1.099330 0.025825
v 0.233158 1.094584 0.042734
v 0.250845 1.091396 0.029209
v 0.264779 1.090577 0.048535
v 0.283878 1.091551 0.033013
v 0.296369 1.094926 0.054243
v 0.312455 1.099756 0.036217
v 0.319463 1.106466 0.058327
v 0.328919 1.113810 0.037963
v 0.332861 1.121670 0.016391
v 0.330989 1.129505 -0.005468
v 0.324205 1.137227 0.015793
v 0.314313 1.143426 -0.005354
v 0.300673 1.148546 0.014508
v 0.285490 1.151399 -0.004977
v 0.268571 1.152595 0.012882
v 0.252243 1.151288 -0.004437
v 0.236501 1.148288 0.011348
v 0.223480 1.143122 -0.003879
v 0.213055 1.136778 0.010320
v 0.206910 1.129089 -0.003452
v 0.204516 1.121152 0.010071
v 0.206970 1.112951 -0.003271
v 0.213173 1.105594 0.010668
v 0.223647 1.099030 -0.003385
v 0.236704 1.094275 0.011953
v 0.252470 1.091057 -0.003763
v 0.268806 1.090227 0.013580
v 0.285717 1.091168 -0.004303
v 0.300877 1.094534 0.015113
v 0.314480 1.099334 -0.004861
v 0.324323 1.106043 0.016142
v 0.331050 1.113367 -0.005287
v 0.332155 1.121212 -0.027194
v 0.327457 1.129042 -0.048625
v 0.323517 1.136781 -0.026666
v 0.310958 1.142986 -0.046345
v 0.300035 1.148133 -0.024875
v 0.282442 1.151000 -0.042213
v 0.268001 1.152226 -0.022300
v 0.249550 1.150935 -0.037339
v 0.235999 1.147963 -0.019632
v 0.221095 1.142810 -0.033026
v 0.212603 1.136486 -0.017585
v 0.204701 1.128800 -0.030432
v 0.204082 1.120871 -0.016708
v 0.204762 1.112662 -0.030252
v 0.212720 1.105302 -0.017236
v 0.221261 1.098717 -0.032533
v 0.236202 1.093950 -0.019028
v 0.249777 1.090704 -0.036664
v 0.268236 1.089857 -0.021602
v 0.282670 1.090769 -0.041539
v 0.300239 1.094121 -0.024270
v 0.311125 1.098895 -0.045851
v 0.323635 1.105597 -0.026317
v 0.327518 1.112904 -0.048445
v 0.325766 1.120740 -0.070312
v 0.318322 1.128569 -0.090952
v 0.317292 1.136321 -0.068671
v 0.302282 1.142537 -0.086546
v 0.294261 1.147706 -0.063837
v 0.274560 1.150591 -0.078733
v 0.262843 1.151844 -0.057106
v 0.242585 1.150573 -0.069607
v 0.231457 1.147627 -0.050282
v 0.214925 1.142489 -0.061613
v 0.208512 1.136184 -0.045192
v 0.198990 1.128504 -0.056894
v 0.200157 1.120581 -0.043201
v 0.199051 1.112366 -0.056713
v 0.208629 1.105000 -0.044843
v 0.215091 1.098398 -0.061120
v 0.231661 1.093614 -0.049677
v 0.242813 1.090343 -0.068933
v 0.263078 1.089476 -0.056408
v 0.274787 1.090361 -0.078059
v 0.294465 1.093694 -0.063233
v 0.302448 1.098445 -0.086052
v 0.317410 1.105137 -0.068322
v 0.318383 1.112430 -0.090772
v 0.313802 1.120260 -0.112228
v 0.303739 1.128092 -0.131724
v 0.305638 1.135854 -0.109504
v 0.288431 1.142084 -0.125270
v 0.283451 1.147273 -0.101713
v 0.261979 1.150180 -0.113911
v 0.253186 1.151457 -0.090941
v 0.231468 1.150210 -0.100690
v 0.222953 1.147286 -0.080076
v 0.205076 1.142167 -0.089150
v 0.200852 1.135876 -0.072028
v 0.189874 1.128206 -0.082383
v 0.192806 1.120286 -0.068955
v 0.189935 1.112067 -0.082202
v 0.200970 1.104693 -0.071680
v 0.205243 1.098076 -0.088656
v 0.223157 1.093274 -0.079471
v 0.231696 1.089980 -0.100016
v 0.253421 1.089089 -0.090243
v 0.262206 1.089950 -0.113237
v 0.283654 1.093261 -0.101108
v 0.288598 1.097992 -0.124777
v 0.305755 1.104670 -0.109155
v 0.303800 1.111953 -0.131544
v 0.296469 1.119782 -0.152224
v 0.283959 1.127621 -0.170245
v 0.288753 1.135388 -0.148467
v 0.269644 1.141636 -0.161856
v 0.267789 1.146841 -0.137853
v 0.244912 1.149773 -0.147146
v 0.239195 1.151071 -0.123226
v 0.216389 1.149851 -0.130056
v 0.210632 1.146946 -0.108505
v 0.191717 1.141849 -0.115165
v 0.189755 1.135570 -0.097635
v 0.177508 1.127911 -0.106464
v 0.182156 1.119992 -0.093529
v 0.177569 1.111773 -0.106283
v 0.189873 1.104386 -0.097287
v 0.191884 1.097757 -0.114672
v 0.210837 1.092934 -0.107901
v 0.216616 1.089620 -0.129382
v 0.239430 1.088703 -0.122528
v 0.245139 1.089543 -0.146472
v 0.267993 1.092829 -0.137248
v 0.269811 1.097545 -0.161362
v 0.288870 1.104205 -0.148118
v 0.284020 1.111482 -0.170064
v 0.274063 1.119313 -0.189615
v 0.259319 1.127162 -0.205854
v 0.266926 1.134932 -0.184892
v 0.246243 1.141201 -0.195677
v 0.247543 1.146417 -0.171639
v 0.223653 1.149378 -0.177869
v 0.221109 1.150693 -0.153408
v 0.197604 1.149502 -0.157203
v 0.194706 1.146613 -0.135083
v 0.175076 1.141539 -0.139215
v 0.175410 1.135270 -0.121575
v 0.162105 1.127625 -0.128725
v 0.168390 1.119704 -0.116503
v 0.162165 1.111486 -0.128544
v 0.175528 1.104086 -0.121226
v 0.175243 1.097448 -0.138721
v 0.194910 1.092600 -0.134479
v 0.197832 1.089271 -0.156529
v 0.221344 1.088325 -0.152710
v 0.223880 1.089147 -0.177195
v 0.247747 1.092405 -0.171035
v 0.246409 1.097109 -0.195183
v 0.267043 1.103748 -0.184543
v 0.259380 1.111024 -0.205673
v 0.246969 1.118862 -0.223762
v 0.230243 1.126725 -0.237942
v 0.240531 1.134492 -0.218157
v 0.218626 1.140786 -0.226153
v 0.223060 1.146009 -0.202494
v 0.198566 1.149001 -0.205555
v 0.199238 1.150328 -0.180972
v 0.175437 1.149168 -0.181665
v 0.175447 1.146292 -0.159356
v 0.155438 1.141244 -0.160887
v 0.158062 1.134981 -0.143438
v 0.143927 1.127352 -0.148785
v 0.151743 1.119427 -0.137484
v 0.143988 1.111213 -0.148604
v 0.158180 1.103797 -0.143088
v 0.155605 1.097153 -0.160393
v 0.175651 1.092279 -0.158751
v 0.175665 1.088938 -0.180991
v 0.199473 1.087960 -0.180274
v 0.198793 1.088770 -0.204880
v 0.223264 1.091997 -0.201890
v 0.218792 1.096694 -0.225659
v 0.240649 1.103307 -0.217807
v 0.230304 1.110587 -0.237761
v 0.215648 1.118435 -0.254079
v 0.197226 1.126317 -0.265960
v 0.210020 1.134076 -0.247691
v 0.187267 1.140398 -0.252765
v 0.194759 1.145624 -0.229890
v 0.170079 1.148649 -0.229729
v 0.173956 1.149984 -0.205445
v 0.150267 1.148857 -0.203026
v 0.153184 1.145989 -0.180906
v 0.133139 1.140969 -0.179809
v 0.138010 1.134708 -0.162849
v 0.123286 1.127097 -0.166301
v 0.132499 1.119165 -0.156111
v 0.123347 1.110958 -0.166120
v 0.138127 1.103524 -0.162499
v 0.133306 1.096877 -0.179316
v 0.153388 1.091976 -0.180301
v 0.150494 1.088627 -0.202351
v 0.174191 1.087616 -0.204746
v 0.170306 1.088418 -0.229055
v 0.194963 1.091612 -0.229285
v 0.187434 1.096307 -0.252271
v 0.210137 1.102892 -0.247342
v 0.197287 1.110178 -0.265779
v 0.180638 1.118041 -0.280050
v 0.160834 1.125944 -0.289429
v 0.175914 1.133692 -0.272991
v 0.152703 1.140044 -0.275055
v 0.163123 1.145268 -0.253357
v 0.138680 1.148327 -0.249978
v 0.145695 1.149666 -0.226409
v 0.122523 1.148573 -0.220918
v 0.128298 1.145709 -0.199366
v 0.108561 1.140717 -0.195660
v 0.115595 1.134456 -0.179476
v 0.100535 1.126864 -0.180973
v 0.110988 1.118923 -0.172068
v 0.100596 1.110725 -0.180792
v 0.115712 1.103272 -0.179127
v 0.108727 1.096625 -0.195166
v 0.128502 1.091696 -0.198762
v 0.122750 1.088342 -0.220244
v 0.145930 1.087298 -0.225710
v 0.138907 1.088096 -0.249304
v 0.163328 1.091256 -0.252753
v 0.152869 1.095952 -0.274562
v 0.176031 1.102508 -0.272642
v 0.160895 1.109805 -0.289249
v 0.142537 1.117686 -0.301229
v 0.121689 1.125613 -0.307948
v 0.138796 1.133346 -0.293623
v 0.115524 1.139730 -0.292644
v 0.128695 1.144947 -0.272495
v 0.104906 1.148041 -0.265956
v 0.114940 1.149380 -0.243504
v 0.092681 1.148321 -0.235035
v 0.101215 1.145457 -0.214421
v 0.082124 1.140493 -0.208167
v 0.091200 1.134229 -0.193036
v 0.076064 1.126656 -0.192550
v 0.087578 1.118705 -0.185081
v 0.076124 1.110518 -0.192369
v 0.091318 1.103044 -0.192687
v 0.082290 1.096401 -0.207673
v 0.101419 1.091444 -0.213816
v 0.092908 1.088090 -0.234361
v 0.115175 1.087012 -0.242806
v 0.105133 1.087811 -0.265282
v 0.128899 1.090935 -0.271890
v 0.115690 1.095638 -0.292150
v 0.138914 1.102162 -0.293274
v 0.121750 1.109475 -0.307767
v 0.101997 1.117377 -0.317254
v 0.080462 1.125330 -0.321199
v 0.099304 1.133045 -0.309234
v 0.076367 1.139460 -0.305230
v 0.092063 1.144667 -0.286975
v 0.069335 1.147796 -0.277389
v 0.082216 1.149129 -0.256440
v 0.061251 1.148104 -0.245138
v 0.072399 1.145236 -0.225811
v 0.054280 1.140302 -0.217117
v 0.065245 1.134030 -0.203296
v 0.050290 1.126479 -0.200834
v 0.062669 1.118514 -0.194927
v 0.050351 1.110341 -0.200653
v 0.065362 1.102846 -0.202947
v 0.054446 1.096210 -0.216623
v 0.072603 1.091223 -0.225207
v 0.061478 1.087874 -0.244463
v 0.082451 1.086761 -0.255742
v 0.069563 1.087567 -0.276715
v 0.092267 1.090655 -0.286370
v 0.076534 1.095369 -0.304736
v 0.099422 1.101861 -0.308885
v 0.080523 1.109192 -0.321018
v 0.059712 1.117117 -0.327850
v 0.037858 1.125099 -0.328956
v 0.058111 1.132792 -0.319557
v 0.035902 1.139241 -0.312597
v 0.053854 1.144433 -0.296550
v 0.032576 1.147597 -0.284082
v 0.048083 1.148920 -0.264993
v 0.028771 1.147928 -0.251051
v 0.042342 1.145051 -0.233344
v 0.025506 1.140146 -0.222355
v 0.038172 1.133864 -0.210080
v 0.023656 1.126335 -0.205684
v 0.036688 1.118355 -0.201438
v 0.023717 1.110196 -0.205503
v 0.038289 1.102680 -0.209731
v 0.025672 1.096054 -0.221862
v 0.042546 1.091039 -0.232739
v 0.028999 1.087698 -0.250377
v 0.048318 1.086552 -0.264295
v 0.032804 1.087367 -0.283408
v 0.054058 1.090421 -0.295945
v 0.036069 1.095150 -0.312103
v 0.058229 1.101608 -0.319208
v 0.037919 1.108961 -0.328775
v 0.016405 1.116913 -0.332837
v -0.005395 1.124925 -0.331086
v 0.015923 1.132593 -0.324415
v -0.005178 1.139076 -0.314620
v 0.014722 1.144248 -0.301056
v -0.004742 1.147447 -0.285919
v 0.013125 1.148755 -0.269019
v -0.004204 1.147796 -0.252675
v 0.011559 1.144906 -0.236888
v -0.003706 1.140028 -0.223794
v 0.010444 1.133733 -0.213273
v -0.003384 1.126226 -0.207015
v 0.010080 1.118229 -0.204502
v -0.003323 1.110088 -0.206834
v 0.010562 1.102549 -0.212924
v -0.003540 1.095937 -0.223300
v 0.011763 1.090894 -0.236283
v -0.003976 1.087565 -0.252000
v 0.013361 1.086387 -0.268320
v -0.004514 1.087217 -0.285245
v 0.014926 1.090236 -0.300451
v -0.005012 1.094984 -0.314126
v 0.016041 1.101409 -0.324066
v -0.005334 1.108786 -0.330905
v -0.027182 1.116767 -0.332129
v -0.048555 1.124810 -0.327552
v -0.026539 1.132451 -0.323726
v -0.046171 1.138967 -0.311264
v -0.024664 1.144116 -0.300416
v -0.041981 1.147348 -0.282871
v -0.022060 1.148637 -0.268447
v -0.037108 1.147708 -0.249981
v -0.019424 1.144803 -0.236385
v -0.032856 1.139951 -0.221407
v -0.017463 1.133640 -0.212820
v -0.030367 1.126154 -0.204806
v -0.016702 1.118140 -0.204067
v -0.030306 1.110016 -0.204625
v -0.017344 1.102456 -0.212471
v -0.032690 1.095859 -0.220914
v -0.019219 1.090791 -0.235780
v -0.036880 1.087478 -0.249307
v -0.021824 1.086269 -0.267749
v -0.041754 1.087118 -0.282196
v -0.024460 1.090104 -0.299811
v -0.046005 1.094875 -0.310770
v -0.026421 1.101267 -0.323376
v -0.048495 1.108671 -0.327371
v -0.070304 1.116682 -0.325739
v -0.090886 1.124756 -0.318415
v -0.068547 1.132368 -0.317500
v -0.086376 1.138916 -0.302586
v -0.063629 1.144040 -0.294641
v -0.078504 1.147302 -0.274988
v -0.056868 1.148569 -0.263288
v -0.069379 1.147667 -0.243016
v -0.050076 1.144742 -0.231842
v -0.061445 1.139914 -0.215237
v -0.045071 1.133585 -0.208728
v -0.056830 1.126121 -0.199094
v -0.043197 1.118088 -0.200140
v -0.056769 1.109982 -0.198914
v -0.044953 1.102401 -0.208379
v -0.061279 1.095823 -0.214743
v -0.049872 1.090730 -0.231237
v -0.069151 1.087437 -0.242341
v -0.056633 1.086201 -0.262590
v -0.078277 1.087071 -0.274314
v -0.063426 1.090027 -0.294037
v -0.086210 1.094824 -0.302092
v -0.068430 1.101184 -0.317150
v -0.090825 1.108618 -0.318235
v -0.112224 1.116659 -0.313774
v -0.131662 1.124765 -0.303832
v -0.109384 1.132346 -0.305844
v -0.125105 1.138924 -0.288735
v -0.101508 1.144019 -0.283830
v -0.113686 1.147309 -0.262406
v -0.090706 1.148551 -0.253631
v -0.100465 1.147674 -0.231898
v -0.079873 1.144726 -0.223338
v -0.088985 1.139920 -0.205387
v -0.071910 1.133571 -0.201068
v -0.082321 1.126126 -0.189977
v -0.068952 1.118074 -0.192789
v -0.082260 1.109987 -0.189797
v -0.071792 1.102387 -0.200719
v -0.088818 1.095829 -0.204894
v -0.079668 1.090714 -0.222733
v -0.100237 1.087443 -0.231224
v -0.090470 1.086182 -0.252933
v -0.113458 1.087079 -0.261731
v -0.101304 1.090007 -0.283226
v -0.124938 1.094833 -0.288242
v -0.109267 1.101162 -0.305495
v -0.131601 1.108626 -0.303651
v -0.152223 1.116700 -0.296441
v -0.170186 1.124836 -0.284052
v -0.148350 1.132385 -0.288959
v -0.161694 1.138991 -0.269948
v -0.137652 1.144055 -0.268168
v -0.146924 1.147370 -0.245339
v -0.122994 1.148583 -0.239640
v -0.129834 1.147728 -0.216818
v -0.108305 1.144754 -0.211017
v -0.115003 1.139968 -0.192028
v -0.097520 1.133597 -0.189970
v -0.106405 1.126170 -0.177612
v -0.093529 1.118098 -0.182139
v -0.106344 1.110032 -0.177431
v -0.097402 1.102412 -0.189622
v -0.114836 1.095876 -0.191535
v -0.108101 1.090742 -0.210413
v -0.129606 1.087497 -0.216144
v -0.122758 1.086215 -0.238941
v -0.146696 1.087140 -0.244665
v -0.137448 1.090043 -0.267563
v -0.161527 1.094900 -0.269455
v -0.148233 1.101202 -0.288610
v -0.170125 1.108697 -0.283871
v -0.189618 1.116802 -0.274036
v -0.205799 1.124968 -0.259413
v -0.184779 1.132485 -0.267132
v -0.195518 1.139116 -0.246547
v -0.171442 1.144148 -0.247923
v -0.177650 1.147484 -0.224081
v -0.153179 1.148665 -0.221554
v -0.156983 1.147828 -0.198034
v -0.134886 1.144827 -0.195091
v -0.139055 1.140057 -0.175388
v -0.121462 1.133662 -0.175626
v -0.128668 1.126253 -0.162208
v -0.116505 1.118161 -0.168373
v -0.128607 1.110114 -0.162028
v -0.121344 1.102478 -0.175277
v -0.138888 1.095966 -0.174894
v -0.134681 1.090815 -0.194486
v -0.156756 1.087598 -0.197360
v -0.152944 1.086297 -0.220855
v -0.177423 1.087253 -0.223406
v -0.171238 1.090135 -0.247318
v -0.195351 1.095024 -0.246053
v -0.184661 1.101301 -0.266783
v -0.205737 1.108829 -0.259233
v -0.223768 1.116964 -0.246942
v -0.237890 1.125158 -0.230337
v -0.218047 1.132643 -0.240738
v -0.225998 1.139297 -0.218931
v -0.202300 1.144294 -0.223440
v -0.205339 1.147648 -0.198994
v -0.180746 1.148796 -0.199683
v -0.181448 1.147973 -0.175868
v -0.159160 1.144943 -0.175832
v -0.160728 1.140186 -0.155751
v -0.143326 1.133766 -0.158279
v -0.148730 1.126372 -0.144031
v -0.137488 1.118261 -0.151726
v -0.148669 1.110233 -0.143851
v -0.143208 1.102582 -0.157929
v -0.160562 1.096094 -0.155257
v -0.158956 1.090931 -0.175227
v -0.181221 1.087743 -0.175194
v -0.180510 1.086428 -0.198984
v -0.205111 1.087418 -0.198319
v -0.202096 1.090282 -0.222835
v -0.225831 1.095205 -0.218437
v -0.217930 1.101459 -0.240389
v -0.237829 1.109020 -0.230157
v -0.254090 1.117184 -0.215622
v -0.265912 1.125404 -0.197322
v -0.247586 1.132858 -0.210228
v -0.252612 1.139531 -0.187573
v -0.229699 1.144493 -0.195140
v -0.229516 1.147860 -0.170508
v -0.205222 1.148974 -0.174402
v -0.202811 1.148161 -0.150698
v -0.180713 1.145099 -0.153570
v -0.179654 1.140352 -0.133452
v -0.162739 1.133907 -0.138227
v -0.166248 1.126526 -0.123391
v -0.156118 1.118396 -0.132483
v -0.166188 1.110387 -0.123211
v -0.162622 1.102723 -0.137877
v -0.179487 1.096260 -0.132959
v -0.180509 1.091087 -0.152965
v -0.202583 1.087930 -0.150024
v -0.204986 1.086606 -0.173703
v -0.229288 1.087630 -0.169834
v -0.229495 1.090481 -0.194535
v -0.252446 1.095439 -0.187079
v -0.247468 1.101673 -0.209878
v -0.265851 1.109265 -0.197141
v -0.280064 1.117458 -0.180614
v -0.289384 1.125701 -0.160931
v -0.272889 1.133124 -0.176123
v -0.274906 1.139813 -0.153011
v -0.253169 1.144741 -0.163506
v -0.249768 1.148116 -0.139111
v -0.226188 1.149195 -0.146142
v -0.220706 1.148387 -0.122956
v -0.199176 1.145294 -0.128685
v -0.195507 1.140552 -0.108875
v -0.179369 1.134082 -0.115812
v -0.180922 1.126711 -0.100641
v -0.172077 1.118564 -0.110972
v -0.180862 1.110573 -0.100461
v -0.179252 1.102898 -0.115463
v -0.195340 1.096461 -0.108381
v -0.198971 1.091282 -0.128080
v -0.220478 1.088157 -0.122281
v -0.225952 1.086827 -0.145444
v -0.249540 1.087886 -0.138436
v -0.252965 1.090728 -0.162901
v -0.274740 1.095721 -0.152517
v -0.272771 1.101940 -0.175774
v -0.289323 1.109562 -0.160750
v -0.301246 1.117781 -0.142515
v -0.307906 1.126044 -0.121789
v -0.293524 1.133439 -0.139008
v -0.292497 1.140139 -0.115834
v -0.272309 1.145032 -0.129079
v -0.265748 1.148412 -0.105339
v -0.243286 1.149456 -0.115388
v -0.234826 1.148649 -0.093115
v -0.214232 1.145524 -0.101604
v -0.208015 1.140785 -0.082439
v -0.192931 1.134289 -0.091419
v -0.192501 1.126926 -0.076171
v -0.185091 1.118763 -0.087564
v -0.192440 1.110787 -0.075990
v -0.192813 1.103105 -0.091070
v -0.207849 1.096693 -0.081945
v -0.214028 1.091511 -0.100999
v -0.234598 1.088419 -0.092441
v -0.243051 1.087088 -0.114690
v -0.265521 1.088182 -0.104664
v -0.272105 1.091020 -0.128475
v -0.292331 1.096047 -0.115340
v -0.293406 1.102254 -0.138659
v -0.307845 1.109905 -0.121608
v -0.317273 1.118147 -0.101977
v -0.321159 1.126427 -0.080564
v -0.309137 1.133795 -0.099518
v -0.305085 1.140503 -0.076679
v -0.286792 1.145364 -0.092449
v -0.277183 1.148744 -0.069770
v -0.256224 1.149752 -0.082666
v -0.244930 1.148941 -0.061687
v -0.225624 1.145784 -0.072789
v -0.216967 1.141043 -0.054597
v -0.203192 1.134524 -0.065465
v -0.200787 1.127166 -0.050399
v -0.194939 1.118988 -0.062657
v -0.200726 1.111027 -0.050219
v -0.203075 1.103340 -0.065116
v -0.216800 1.096951 -0.054104
v -0.225421 1.091772 -0.072184
v -0.244702 1.088711 -0.061013
v -0.255988 1.087384 -0.081968
v -0.276956 1.088513 -0.069096
v -0.286588 1.091351 -0.091845
v -0.304919 1.096411 -0.076186
v -0.309020 1.102611 -0.099169
v -0.321099 1.110289 -0.080384
v -0.327872 1.118551 -0.059695
v -0.328919 1.126845 -0.037963
v -0.319463 1.134189 -0.058327
v -0.312455 1.140899 -0.036217
v -0.296369 1.145729 -0.054243
v -0.283878 1.149103 -0.033013
v -0.264779 1.150078 -0.048535
v -0.250845 1.149259 -0.029210
v -0.233158 1.146071 -0.042734
v -0.222207 1.141325 -0.025825
v -0.209978 1.134782 -0.038394
v -0.205638 1.127426 -0.023767
v -0.201451 1.119236 -0.036678
v -0.205577 1.111288 -0.023586
v -0.209861 1.103598 -0.038045
v -0.222041 1.097233 -0.025332
v -0.232954 1.092059 -0.042130
v -0.250618 1.089029 -0.028535
v -0.264544 1.087709 -0.047837
v -0.283651 1.088873 -0.032339
v -0.296165 1.091716 -0.053638
v -0.312289 1.096807 -0.035724
v -0.319345 1.103005 -0.057978
v -0.328858 1.110706 -0.037782
v -0.332861 1.118985 -0.016391
v -0.324323 1.134612 -0.016142
v -0.300877 1.146121 -0.015113
v -0.268806 1.150428 -0.013580
v -0.236704 1.146379 -0.011953
v -0.213173 1.135060 -0.010669
v -0.204516 1.119503 -0.010071
v -0.213055 1.103876 -0.010320
v -0.236501 1.092367 -0.011349
v -0.268571 1.088060 -0.012882
v -0.300673 1.092108 -0.014509
v -0.324205 1.103428 -0.015793
v 0.223840 2.127940 -0.223840
v 0.139280 2.155426 -0.233756
v 0.047264 2.169540 -0.240146
v -0.047264 2.169540 -0.240146
v -0.139280 2.155426 -0.233756
v -0.223840 2.127940 -0.223840
v 0.233756 2.155426 -0.139280
v 0.144640 2.186550 -0.144640
v 0.048949 2.202236 -0.148314
v -0.048949 2.202236 -0.148314
v -0.144640 2.186550 -0.144640
v -0.233756 2.155426 -0.139280
v 0.240146 2.169540 -0.047264
v 0.148314 2.202236 -0.048949
v 0.050143 2.218631 -0.050143
v -0.050143 2.218631 -0.050143
v -0.148314 2.202236 -0.048949
v -0.240146 2.169540 -0.047264
v 0.240146 2.169540 0.047264
v 0.148314 2.202236 0.048949
v 0.050143 2.218631 0.050143
v -0.050143 2.218631 0.050143
v -0.148314 2.202236 0.048949
v -0.240146 2.169540 0.047264
v 0.233756 2.155426 0.139280
v 0.144640 2.186550 0.144640
v 0.048949 2.202236 0.148314
v -0.048949 2.202236 0.148314
v -0.144640 2.186550 0.144639
v -0.233756 2.155426 0.139280
v 0.223840 2.127940 0.223840
v 0.139280 2.155426 0.233756
v 0.047264 2.169540 0.240146
v -0.047264 2.169540 0.240146
v -0.139280 2.155426 0.233756
v -0.223840 2.127939 0.223840
v 0.280495 2.058074 -0.280495
v 0.215635 2.087164 -0.296415
v 0.135179 2.108873 -0.312154
v 0.046016 2.120630 -0.321459
v -0.046016 2.120630 -0.321459
v -0.135179 2.108873 -0.312154
v -0.215635 2.087164 -0.296415
v -0.280495 2.058074 -0.280495
v -0.296415 2.087164 -0.215635
v -0.312154 2.108873 -0.135179
v -0.321459 2.120630 -0.046016
v -0.321459 2.120630 0.046016
v -0.312154 2.108873 0.135179
v -0.296415 2.087163 0.215635
v -0.280495 2.058074 0.280494
v -0.215635 2.087163 0.296415
v -0.135179 2.108873 0.312153
v -0.046016 2.120630 0.321459
v 0.046016 2.120630 0.321459
v 0.135179 2.108873 0.312153
v 0.215635 2.087163 0.296415
v 0.280495 2.058074 0.280494
v 0.296415 2.087164 0.215635
v 0.312154 2.108873 0.135179
v 0.321459 2.120630 0.046016
v 0.321459 2.120630 -0.046016
v 0.312154 2.108873 -0.135179
v 0.296415 2.087164 -0.215635
v 0.223840 1.529536 0.396066
v 0.233756 1.611163 0.424540
v 0.240146 1.699988 0.439161
v 0.240146 1.791237 0.439161
v 0.233756 1.880061 0.424540
v 0.223840 1.961688 0.396066
v 0.139280 1.519964 0.424540
v 0.144640 1.605989 0.456783
v 0.148314 1.698361 0.473033
v 0.148314 1.792863 0.473033
v 0.144640 1.885235 0.456783
v 0.139280 1.971260 0.424540
v 0.047264 1.513796 0.439162
v 0.048949 1.602443 0.473033
v 0.050143 1.697208 0.490017
v 0.050143 1.794016 0.490017
v 0.048949 1.888782 0.473033
v 0.047264 1.977428 0.439161
v -0.047264 1.513796 0.439162
v -0.048949 1.602443 0.473033
v -0.050143 1.697208 0.490017
v -0.050143 1.794016 0.490017
v -0.048949 1.888781 0.473033
v -0.047264 1.977428 0.439161
v -0.139280 1.519964 0.424540
v -0.144640 1.605989 0.456783
v -0.148314 1.698361 0.473033
v -0.148314 1.792863 0.473033
v -0.144640 1.885235 0.456783
v -0.139280 1.971260 0.424540
v -0.223840 1.529536 0.396066
v -0.233756 1.611163 0.424540
v -0.240146 1.699988 0.439161
v -0.240146 1.791236 0.439161
v -0.233756 1.880061 0.424540
v -0.223840 1.961688 0.396066
v 0.280495 1.474847 0.323690
v 0.296415 1.537457 0.353825
v 0.312154 1.615122 0.376314
v 0.321459 1.701192 0.388493
v 0.321459 1.790031 0.388493
v 0.312154 1.876102 0.376314
v 0.296415 1.953767 0.353825
v 0.280495 2.016377 0.323690
v 0.215635 2.031745 0.353825
v 0.135179 2.046937 0.376314
v 0.046016 2.055921 0.388493
v -0.046016 2.055921 0.388493
v -0.135179 2.046938 0.376314
v -0.215635 2.031745 0.353825
v -0.280495 2.016377 0.323690
v -0.296415 1.953767 0.353825
v -0.312154 1.876102 0.376314
v -0.321459 1.790032 0.388493
v -0.321459 1.701192 0.388493
v -0.312154 1.615122 0.376314
v -0.296415 1.537457 0.353825
v -0.280495 1.474847 0.323690
v -0.215635 1.459479 0.353825
v -0.135179 1.444287 0.376314
v -0.046016 1.435303 0.388494
v 0.046016 1.435303 0.388493
v 0.135179 1.444286 0.376314
v 0.215635 1.459479 0.353825
v -0.396066 1.529536 0.223840
v -0.424541 1.611163 0.233756
v -0.439162 1.699988 0.240146
v -0.439162 1.791237 0.240146
v -0.424541 1.880061 0.233756
v -0.396066 1.961688 0.223840
v -0.424540 1.519964 0.139280
v -0.456783 1.605989 0.144639
v -0.473033 1.698361 0.148314
v -0.473033 1.792863 0.148314
v -0.456783 1.885235 0.144639
v -0.424540 1.971260 0.139280
v -0.439162 1.513796 0.047264
v -0.473033 1.602443 0.048949
v -0.490017 1.697208 0.050143
v -0.490017 1.794016 0.050143
v -0.473033 1.888782 0.048949
v -0.439162 1.977428 0.047264
v -0.439162 1.513796 -0.047264
v -0.473033 1.602443 -0.048949
v -0.490017 1.697208 -0.050143
v -0.490017 1.794016 -0.050143
v -0.473033 1.888782 -0.048949
v -0.439162 1.977428 -0.047264
v -0.424541 1.519964 -0.139280
v -0.456783 1.605989 -0.144640
v -0.473033 1.698361 -0.148314
v -0.473033 1.792863 -0.148314
v -0.456783 1.885235 -0.144640
v -0.424541 1.971260 -0.139280
v -0.396066 1.529536 -0.223840
v -0.424541 1.611163 -0.233757
v -0.439162 1.699988 -0.240146
v -0.439162 1.791236 -0.240146
v -0.424540 1.880061 -0.233756
v -0.396066 1.961688 -0.223840
v -0.323690 1.474847 0.280495
v -0.353825 1.537457 0.296415
v -0.376315 1.615122 0.312154
v -0.388494 1.701192 0.321459
v -0.388494 1.790031 0.321459
v -0.376315 1.876102 0.312153
v -0.353825 1.953767 0.296415
v -0.323690 2.016377 0.280495
v -0.353825 2.031744 0.215635
v -0.376315 2.046938 0.135179
v -0.388494 2.055921 0.046016
v -0.388494 2.055921 -0.046016
v -0.376315 2.046938 -0.135179
v -0.353825 2.031745 -0.215635
v -0.323690 2.016377 -0.280495
v -0.353825 1.953767 -0.296415
v -0.376315 1.876102 -0.312154
v -0.388494 1.790032 -0.321459
v -0.388494 1.701192 -0.321459
v -0.376315 1.615122 -0.312154
v -0.353825 1.537457 -0.296415
v -0.323690 1.474847 -0.280495
v -0.353825 1.459479 -0.215635
v -0.376315 1.444287 -0.135179
v -0.388494 1.435303 -0.046016
v -0.388494 1.435303 0.046016
v -0.376315 1.444286 0.135179
v -0.353825 1.459479 0.215635
v -0.223840 1.363284 -0.223840
v -0.139280 1.335798 -0.233756
v -0.047264 1.321684 -0.240146
v 0.047264 1.321684 -0.240146
v 0.139280 1.335798 -0.233756
v 0.223840 1.363284 -0.223840
v -0.233756 1.335798 -0.139280
v -0.144640 1.304674 -0.144640
v -0.048949 1.288988 -0.148314
v 0.048949 1.288988 -0.148314
v 0.144640 1.304674 -0.144640
v 0.233756 1.335798 -0.139280
v -0.240146 1.321684 -0.047264
v -0.148314 1.288988 -0.048949
v -0.050143 1.272593 -0.050143
v 0.050143 1.272593 -0.050143
v 0.148314 1.288988 -0.048949
v 0.240146 1.321684 -0.047264
v -0.240146 1.321684 0.047264
v -0.148314 1.288988 0.048949
v -0.050143 1.272593 0.050143
v 0.050143 1.272593 0.050143
v 0.148314 1.288988 0.048949
v 0.240146 1.321684 0.047264
v -0.233756 1.335798 0.139280
v -0.144640 1.304674 0.144640
v -0.048949 1.288988 0.148314
v 0.048949 1.288988 0.148314
v 0.144640 1.304674 0.144639
v 0.233756 1.335798 0.139280
v -0.223840 1.363284 0.223840
v -0.139280 1.335798 0.233756
v -0.047264 1.321684 0.240146
v 0.047264 1.321684 0.240146
v 0.139280 1.335798 0.233756
v 0.223840 1.363285 0.223840
v -0.280495 1.433150 -0.280495
v -0.215635 1.404060 -0.296415
v -0.135179 1.382351 -0.312154
v -0.046016 1.370594 -0.321459
v 0.046016 1.370594 -0.321459
v 0.135179 1.382351 -0.312154
v 0.215635 1.404060 -0.296415
v 0.280495 1.433150 -0.280495
v 0.296415 1.404060 -0.215635
v 0.312154 1.382351 -0.135179
v 0.321459 1.370594 -0.046016
v 0.321459 1.370594 0.046016
v 0.312154 1.382351 0.135179
v 0.296415 1.404060 0.215635
v 0.280495 1.433150 0.280494
v 0.215635 1.404061 0.296415
v 0.135179 1.382351 0.312154
v 0.046016 1.370594 0.321459
v -0.046016 1.370594 0.321459
v -0.135179 1.382351 0.312153
v -0.215635 1.404060 0.296415
v -0.280495 1.433150 0.280494
v -0.296415 1.404060 0.215635
v -0.312154 1.382351 0.135179
v -0.321459 1.370594 0.046016
v -0.321459 1.370594 -0.046016
v -0.312154 1.382351 -0.135179
v -0.296415 1.404060 -0.215635
v 0.396066 1.529536 -0.223840
v 0.424541 1.611163 -0.233756
v 0.439162 1.699988 -0.240146
v 0.439162 1.791237 -0.240146
v 0.424541 1.880061 -0.233756
v 0.396066 1.961688 -0.223840
v 0.424540 1.519964 -0.139280
v 0.456783 1.605989 -0.144640
v 0.473033 1.698361 -0.148314
v 0.473033 1.792863 -0.148314
v 0.456783 1.885235 -0.144640
v 0.424540 1.971260 -0.139280
v 0.439162 1.513796 -0.047264
v 0.473033 1.602443 -0.048949
v 0.490017 1.697208 -0.050143
v 0.490017 1.794016 -0.050143
v 0.473033 1.888782 -0.048949
v 0.439162 1.977428 -0.047264
v 0.439162 1.513796 0.047264
v 0.473033 1.602443 0.048949
v 0.490017 1.697208 0.050143
v 0.490017 1.794016 0.050143
v 0.473033 1.888782 0.048949
v 0.439162 1.977428 0.047264
v 0.424541 1.519964 0.139280
v 0.456783 1.605989 0.144640
v 0.473033 1.698361 0.148314
v 0.473033 1.792863 0.148314
v 0.456783 1.885235 0.144639
v 0.424541 1.971260 0.139280
v 0.396066 1.529536 0.223840
v 0.424541 1.611163 0.233756
v 0.439162 1.699988 0.240146
v 0.439162 1.791236 0.240146
v 0.424540 1.880061 0.233756
v 0.396066 1.961688 0.223840
v 0.323690 1.474847 -0.280495
v 0.353825 1.537457 -0.296415
v 0.376315 1.615122 -0.312154
v 0.388494 1.701192 -0.321459
v 0.388494 1.790031 -0.321459
v 0.376315 1.876102 -0.312154
v 0.353825 1.953767 -0.296415
v 0.323690 2.016377 -0.280495
v 0.353825 2.031745 -0.215635
v 0.376315 2.046938 -0.135179
v 0.388494 2.055921 -0.046016
v 0.388494 2.055921 0.046016
v 0.376315 2.046938 0.135179
v 0.353825 2.031745 0.215635
v 0.323690 2.016376 0.280494
v 0.353825 1.953767 0.296415
v 0.376315 1.876102 0.312153
v 0.388494 1.790032 0.321459
v 0.388494 1.701192 0.321459
v 0.376315 1.615122 0.312153
v 0.353825 1.537457 0.296415
v 0.323690 1.474847 0.280494
v 0.353825 1.459479 0.215635
v 0.376315 1.444286 0.135179
v 0.388494 1.435303 0.046016
v 0.388494 1.435303 -0.046016
v 0.376315 1.444286 -0.135179
v 0.353825 1.459479 -0.215635
v -0.223840 1.529537 -0.396066
v -0.233756 1.611163 -0.424541
v -0.240146 1.699988 -0.439162
v -0.240146 1.791237 -0.439162
v -0.233756 1.880061 -0.424541
v -0.223840 1.961687 -0.396066
v -0.139280 1.519964 -0.424541
v -0.144640 1.605989 -0.456783
v -0.148314 1.698361 -0.473033
v -0.148314 1.792863 -0.473033
v -0.144640 1.885235 -0.456783
v -0.139280 1.971260 -0.424541
v -0.047264 1.513796 -0.439162
v -0.048949 1.602443 -0.473033
v -0.050143 1.697208 -0.490017
v -0.050143 1.794016 -0.490017
v -0.048949 1.888782 -0.473033
v -0.047264 1.977428 -0.439162
v 0.047264 1.513796 -0.439162
v 0.048949 1.602443 -0.473033
v 0.050143 1.697208 -0.490017
v 0.050143 1.794016 -0.490017
v 0.048949 1.888782 -0.473033
v 0.047264 1.977428 -0.439162
v 0.139280 1.519964 -0.424541
v 0.144640 1.605989 -0.456783
v 0.148314 1.698361 -0.473033
v 0.148314 1.792863 -0.473033
v 0.144640 1.885235 -0.456783
v 0.139280 1.971260 -0.424541
v 0.223840 1.529536 -0.396066
v 0.233756 1.611163 -0.424541
v 0.240146 1.699988 -0.439162
v 0.240146 1.791236 -0.439162
v 0.233756 1.880061 -0.424541
v 0.223840 1.961688 -0.396066
v -0.280495 1.474847 -0.323690
v -0.296415 1.537457 -0.353825
v -0.312154 1.615122 -0.376315
v -0.321459 1.701192 -0.388494
v -0.321459 1.790031 -0.388494
v -0.312154 1.876102 -0.376315
v -0.296415 1.953767 -0.353825
v -0.280495 2.016377 -0.323690
v -0.215635 2.031745 -0.353825
v -0.135179 2.046938 -0.376315
v -0.046016 2.055921 -0.388494
v 0.046016 2.055921 -0.388494
v 0.135179 2.046938 -0.376315
v 0.215635 2.031745 -0.353825
v 0.280495 2.016376 -0.323690
v 0.296415 1.953767 -0.353825
v 0.312154 1.876102 -0.376315
v 0.321459 1.790032 -0.388494
v 0.321459 1.701192 -0.388494
v 0.312154 1.615122 -0.376315
v 0.296415 1.537457 -0.353825
v 0.280495 1.474847 -0.323690
v 0.215635 1.459479 -0.353825
v 0.135179 1.444286 -0.376315
v 0.046016 1.435303 -0.388494
v -0.046016 1.435303 -0.388494
v -0.135179 1.444286 -0.376315
v -0.215635 1.459479 -0.353825
v -0.329991 1.127517 0.026923
v -0.313473 1.141538 0.025410
v -0.284803 1.149684 0.022970
v -0.251662 1.149772 0.020257
v -0.222931 1.141780 0.017998
v -0.206308 1.127847 0.016797
v -0.206247 1.111708 0.016978
v -0.222765 1.097687 0.018491
v -0.251435 1.089542 0.020931
v -0.284575 1.089454 0.023645
v -0.313306 1.097446 0.025904
v -0.329929 1.111379 0.027104
v -0.323643 1.127987 0.069758
v -0.307444 1.141984 0.066093
v -0.279326 1.150089 0.059928
v -0.246823 1.150130 0.052912
v -0.218644 1.142097 0.046927
v -0.202340 1.128140 0.043575
v -0.202279 1.112002 0.043756
v -0.218477 1.098004 0.047420
v -0.246596 1.089900 0.053586
v -0.279099 1.089859 0.060602
v -0.307278 1.097892 0.066587
v -0.323582 1.111848 0.069938
v -0.311759 1.128463 0.111396
v -0.296156 1.142436 0.105641
v -0.269072 1.150500 0.095853
v -0.237763 1.150493 0.084656
v -0.210618 1.142418 0.075049
v -0.194910 1.128438 0.069606
v -0.194849 1.112299 0.069787
v -0.210451 1.098326 0.075542
v -0.237535 1.090263 0.085330
v -0.268845 1.090269 0.096528
v -0.295990 1.098344 0.106134
v -0.311698 1.112324 0.111577
v -0.294540 1.128938 0.151127
v -0.279803 1.142887 0.143377
v -0.254216 1.150910 0.130133
v -0.224636 1.150855 0.114945
v -0.198989 1.142739 0.101882
v -0.184146 1.128735 0.094445
v -0.184085 1.112597 0.094625
v -0.198822 1.098647 0.102376
v -0.224409 1.090625 0.115620
v -0.253989 1.090679 0.130808
v -0.279637 1.098795 0.143870
v -0.294480 1.112799 0.151308
v -0.272283 1.129404 0.188271
v -0.258663 1.143330 0.178655
v -0.235013 1.151312 0.162181
v -0.207668 1.151211 0.143262
v -0.183957 1.143053 0.126968
v -0.170232 1.129026 0.117666
v -0.170171 1.112888 0.117846
v -0.183790 1.098962 0.127462
v -0.207441 1.090980 0.143936
v -0.234785 1.091081 0.162855
v -0.258497 1.099238 0.179149
v -0.272222 1.113265 0.188452
v -0.245367 1.129852 0.222192
v -0.233099 1.143756 0.210873
v -0.211790 1.151698 0.191448
v -0.187149 1.151552 0.169122
v -0.165778 1.143356 0.149878
v -0.153405 1.129307 0.138871
v -0.153344 1.113168 0.139052
v -0.165612 1.099265 0.150372
v -0.186921 1.091322 0.169797
v -0.211563 1.091468 0.192122
v -0.232933 1.099664 0.211367
v -0.245306 1.113714 0.222373
v -0.214254 1.130276 0.252310
v -0.203548 1.144158 0.239478
v -0.184945 1.152064 0.217433
v -0.163429 1.151875 0.192083
v -0.144765 1.143642 0.170219
v -0.133954 1.129571 0.157700
v -0.133893 1.113433 0.157880
v -0.144598 1.099551 0.170712
v -0.163202 1.091645 0.192757
v -0.184718 1.091834 0.218108
v -0.203382 1.100066 0.239972
v -0.214193 1.114137 0.252491
v -0.179475 1.130668 0.278109
v -0.170516 1.144530 0.263982
v -0.154938 1.152402 0.239693
v -0.136915 1.152174 0.211751
v -0.121276 1.143907 0.187643
v -0.112212 1.129816 0.173828
v -0.112151 1.113678 0.174009
v -0.121110 1.099815 0.188137
v -0.136688 1.091944 0.212425
v -0.154711 1.092171 0.240367
v -0.170349 1.100438 0.264475
v -0.179414 1.114529 0.278289
v -0.141626 1.131020 0.299148
v -0.134568 1.144865 0.283964
v -0.122282 1.152706 0.257845
v -0.108060 1.152443 0.227790
v -0.095713 1.144145 0.201852
v -0.088550 1.130037 0.186981
v -0.088489 1.113898 0.187162
v -0.095547 1.100054 0.202346
v -0.107833 1.092212 0.228465
v -0.122055 1.092476 0.258520
v -0.134401 1.100773 0.284457
v -0.141565 1.114882 0.299328
v -0.101354 1.131328 0.315067
v -0.096318 1.145157 0.299084
v -0.087535 1.152972 0.271580
v -0.077358 1.152677 0.239926
v -0.068515 1.144353 0.212603
v -0.063373 1.130229 0.196933
v -0.063312 1.114091 0.197113
v -0.068348 1.100261 0.213097
v -0.077131 1.092447 0.240600
v -0.087308 1.092741 0.272254
v -0.096152 1.101066 0.299577
v -0.101293 1.115189 0.315247
v -0.059348 1.131585 0.325593
v -0.056422 1.145402 0.309081
v -0.051293 1.153194 0.280662
v -0.045335 1.152873 0.247951
v -0.040145 1.144527 0.219713
v -0.037113 1.130390 0.203514
v -0.037052 1.114251 0.203694
v -0.039979 1.100435 0.220206
v -0.045107 1.092643 0.248626
v -0.051065 1.092963 0.281337
v -0.056255 1.101310 0.309575
v -0.059287 1.115447 0.325774
v -0.016327 1.131788 0.330547
v -0.015562 1.145595 0.313787
v -0.014174 1.153369 0.284937
v -0.012538 1.153028 0.251728
v -0.011090 1.144664 0.223058
v -0.010218 1.130517 0.206611
v -0.010157 1.114378 0.206792
v -0.010923 1.100572 0.223552
v -0.012310 1.092798 0.252402
v -0.013947 1.093139 0.285611
v -0.015395 1.101503 0.314280
v -0.016266 1.115649 0.330728
v 0.026972 1.131933 0.329844
v 0.025563 1.145732 0.313118
v 0.023184 1.153494 0.284330
v 0.020472 1.153139 0.251191
v 0.018154 1.144762 0.222583
v 0.016850 1.130608 0.206171
v 0.016912 1.114469 0.206352
v 0.018320 1.100670 0.223077
v 0.020700 1.092909 0.251866
v 0.023412 1.093264 0.285004
v 0.025730 1.101640 0.313612
v 0.027033 1.115794 0.330025
v 0.069809 1.132018 0.323495
v 0.066250 1.145813 0.307089
v 0.060144 1.153567 0.278852
v 0.053129 1.153203 0.246352
v 0.047085 1.144819 0.218296
v 0.043631 1.130661 0.202202
v 0.043692 1.114522 0.202383
v 0.047252 1.100727 0.218790
v 0.053357 1.092973 0.247026
v 0.060372 1.093336 0.279526
v 0.066416 1.101721 0.307582
v 0.069870 1.115879 0.323676
v 0.111452 1.132041 0.311610
v 0.105801 1.145834 0.295800
v 0.096073 1.153586 0.268598
v 0.084876 1.153220 0.237291
v 0.075210 1.144834 0.210269
v 0.069664 1.130675 0.194772
v 0.069725 1.114536 0.194952
v 0.075376 1.100742 0.210762
v 0.085104 1.092990 0.237965
v 0.096300 1.093356 0.269272
v 0.105967 1.101742 0.296294
v 0.111513 1.115902 0.311791
v 0.151187 1.132001 0.294391
v 0.143540 1.145796 0.279446
v 0.130356 1.153552 0.253742
v 0.115168 1.153190 0.224164
v 0.102046 1.144807 0.198640
v 0.094504 1.130650 0.184008
v 0.094565 1.114511 0.184188
v 0.102212 1.100715 0.199133
v 0.115396 1.092960 0.224838
v 0.130584 1.093322 0.254416
v 0.143707 1.101704 0.279940
v 0.151248 1.115862 0.294572
v 0.188334 1.131899 0.272134
v 0.178822 1.145700 0.258307
v 0.162407 1.153464 0.234538
v 0.143488 1.153113 0.207196
v 0.127134 1.144738 0.183608
v 0.117727 1.130586 0.170093
v 0.117789 1.114447 0.170274
v 0.127301 1.100647 0.184101
v 0.143716 1.092882 0.207870
v 0.162635 1.093234 0.235212
v 0.178989 1.101608 0.258801
v 0.188395 1.115761 0.272315
v 0.222259 1.131738 0.245219
v 0.211043 1.145546 0.232744
v 0.191677 1.153325 0.211316
v 0.169351 1.152990 0.186677
v 0.150046 1.144629 0.165430
v 0.138936 1.130485 0.153267
v 0.138997 1.114347 0.153448
v 0.150213 1.100538 0.165924
v 0.169578 1.092759 0.187351
v 0.191905 1.093095 0.211990
v 0.211210 1.101455 0.233237
v 0.222320 1.115599 0.245400
v 0.252380 1.131519 0.214107
v 0.239652 1.145339 0.203193
v 0.217666 1.153136 0.184472
v 0.192314 1.152823 0.162958
v 0.170389 1.144482 0.144417
v 0.157766 1.130349 0.133817
v 0.157827 1.114210 0.133997
v 0.170556 1.100390 0.144911
v 0.192542 1.092593 0.163633
v 0.217893 1.092906 0.185146
v 0.239818 1.101247 0.203687
v 0.252441 1.115381 0.214287
v 0.278182 1.131247 0.179329
v 0.264158 1.145080 0.170162
v 0.239928 1.152902 0.154466
v 0.211985 1.152615 0.136445
v 0.187816 1.144298 0.120929
v 0.173897 1.130178 0.112076
v 0.173958 1.114040 0.112256
v 0.187982 1.100207 0.121423
v 0.212213 1.092385 0.137120
v 0.240156 1.092672 0.155140
v 0.264325 1.100989 0.170656
v 0.278243 1.115108 0.179510
v 0.299225 1.130926 0.141482
v 0.284144 1.144776 0.134216
v 0.258083 1.152625 0.121811
v 0.228026 1.152371 0.107592
v 0.202027 1.144082 0.095368
v 0.187051 1.129978 0.088415
v 0.187112 1.113840 0.088595
v 0.202194 1.099990 0.095862
v 0.228254 1.092141 0.108266
v 0.258310 1.092395 0.122486
v 0.284310 1.100684 0.134710
v 0.299285 1.114787 0.141663
v 0.315146 1.130562 0.101213
v 0.299266 1.144430 0.095968
v 0.271820 1.152311 0.087067
v 0.240164 1.152094 0.076892
v 0.212780 1.143836 0.068171
v 0.197005 1.129751 0.063240
v 0.197066 1.113612 0.063421
v 0.212947 1.099744 0.068664
v 0.240392 1.091863 0.077566
v 0.272048 1.092081 0.087741
v 0.299432 1.100338 0.096462
v 0.315207 1.114424 0.101393
v 0.325675 1.130161 0.059210
v 0.309266 1.144049 0.056075
v 0.280905 1.151965 0.050827
v 0.248191 1.151788 0.044871
v 0.219891 1.143565 0.039803
v 0.203587 1.129500 0.036981
v 0.203648 1.113361 0.037162
v 0.220058 1.099473 0.040296
v 0.248419 1.091558 0.045545
v 0.281132 1.091735 0.051501
v 0.309432 1.099957 0.056569
v 0.325736 1.114022 0.059390
v 0.330631 1.129730 0.016192
v 0.313973 1.143639 0.015218
v 0.285181 1.151593 0.013711
v 0.251970 1.151459 0.012076
v 0.223238 1.143273 0.010750
v 0.206686 1.129230 0.010089
v 0.206746 1.113091 0.010269
v 0.223405 1.099182 0.011243
v 0.252197 1.091228 0.012750
v 0.285408 1.091362 0.014386
v 0.314139 1.099548 0.015712
v 0.330692 1.113591 0.016373
v 0.329930 1.129275 -0.027104
v 0.313306 1.143208 -0.025904
v 0.284576 1.151201 -0.023645
v 0.251435 1.151113 -0.020932
v 0.222764 1.142967 -0.018492
v 0.206247 1.128946 -0.016978
v 0.206308 1.112807 -0.016798
v 0.222931 1.098875 -0.017998
v 0.251662 1.090882 -0.020258
v 0.284803 1.090970 -0.022971
v 0.313473 1.099116 -0.025411
v 0.329991 1.113137 -0.026924
v 0.323582 1.128806 -0.069938
v 0.307278 1.142762 -0.066587
v 0.279099 1.150796 -0.060602
v 0.246596 1.150755 -0.053587
v 0.218477 1.142650 -0.047421
v 0.202279 1.128653 -0.043756
v 0.202340 1.112514 -0.043576
v 0.218644 1.098558 -0.046927
v 0.246823 1.090524 -0.052912
v 0.279326 1.090566 -0.059928
v 0.307444 1.098671 -0.066094
v 0.323643 1.112668 -0.069758
v 0.311698 1.128330 -0.111577
v 0.295990 1.142310 -0.106135
v 0.268845 1.150385 -0.096528
v 0.237535 1.150392 -0.085330
v 0.210451 1.142328 -0.075543
v 0.194849 1.128355 -0.069787
v 0.194910 1.112216 -0.069607
v 0.210618 1.098237 -0.075049
v 0.237763 1.090162 -0.084656
v 0.269072 1.090155 -0.095854
v 0.296156 1.098219 -0.105641
v 0.311759 1.112191 -0.111396
v 0.294480 1.127855 -0.151308
v 0.279637 1.141859 -0.143871
v 0.253989 1.149975 -0.130808
v 0.224409 1.150030 -0.115620
v 0.198822 1.142008 -0.102376
v 0.184085 1.128058 -0.094625
v 0.184146 1.111919 -0.094445
v 0.198989 1.097916 -0.101883
v 0.224636 1.089799 -0.114946
v 0.254216 1.089745 -0.130134
v 0.279803 1.097768 -0.143377
v 0.294540 1.111717 -0.151128
v 0.272222 1.127389 -0.188452
v 0.258497 1.141417 -0.179149
v 0.234785 1.149574 -0.162856
v 0.207441 1.149675 -0.143937
v 0.183790 1.141693 -0.127462
v 0.170171 1.127767 -0.117847
v 0.170232 1.111628 -0.117666
v 0.183957 1.097601 -0.126969
v 0.207668 1.089444 -0.143263
v 0.235013 1.089343 -0.162181
v 0.258663 1.097325 -0.178656
v 0.272283 1.111251 -0.188271
v 0.245306 1.126941 -0.222373
v 0.232933 1.140990 -0.211367
v 0.211563 1.149186 -0.192122
v 0.186921 1.149333 -0.169797
v 0.165612 1.141390 -0.150372
v 0.153344 1.127486 -0.139053
v 0.153405 1.111348 -0.138872
v 0.165778 1.097298 -0.149878
v 0.187149 1.089102 -0.169123
v 0.211790 1.088956 -0.191448
v 0.233099 1.096899 -0.210873
v 0.245367 1.110802 -0.222192
v 0.214193 1.126517 -0.252491
v 0.203382 1.140588 -0.239972
v 0.184718 1.148821 -0.218108
v 0.163202 1.149010 -0.192757
v 0.144598 1.141104 -0.170713
v 0.133893 1.127222 -0.157881
v 0.133954 1.111083 -0.157700
v 0.144765 1.097012 -0.170219
v 0.163429 1.088779 -0.192083
v 0.184945 1.088591 -0.217434
v 0.203549 1.096497 -0.239478
v 0.214254 1.110379 -0.252310
v 0.179414 1.126125 -0.278290
v 0.170350 1.140216 -0.264475
v 0.154711 1.148483 -0.240367
v 0.136688 1.148711 -0.212426
v 0.121110 1.140840 -0.188137
v 0.112151 1.126977 -0.174009
v 0.112212 1.110838 -0.173828
v 0.121276 1.096748 -0.187643
v 0.136915 1.088481 -0.211751
v 0.154938 1.088253 -0.239693
v 0.170516 1.096125 -0.263982
v 0.179475 1.109987 -0.278109
v 0.141565 1.125773 -0.299329
v 0.134401 1.139881 -0.284458
v 0.122055 1.148179 -0.258520
v 0.107833 1.148443 -0.228465
v 0.095547 1.140601 -0.202346
v 0.088489 1.126756 -0.187162
v 0.088550 1.110618 -0.186981
v 0.095713 1.096509 -0.201852
v 0.108060 1.088212 -0.227791
v 0.122282 1.087949 -0.257846
v 0.134568 1.095789 -0.283965
v 0.141626 1.109634 -0.299148
v 0.101293 1.125465 -0.315248
v 0.096151 1.139589 -0.299578
v 0.087308 1.147913 -0.272255
v 0.077131 1.148208 -0.240601
v 0.068348 1.140393 -0.213097
v 0.063312 1.126564 -0.197114
v 0.063373 1.110425 -0.196933
v 0.068515 1.096302 -0.212604
v 0.077358 1.087978 -0.239927
v 0.087535 1.087683 -0.271581
v 0.096318 1.095497 -0.299084
v 0.101354 1.109327 -0.315067
v 0.059287 1.125208 -0.325774
v 0.056256 1.139344 -0.309575
v 0.051065 1.147691 -0.281337
v 0.045108 1.148011 -0.248626
v 0.039979 1.140219 -0.220207
v 0.037052 1.126403 -0.203695
v 0.037113 1.110264 -0.203514
v 0.040145 1.096128 -0.219713
v 0.045335 1.087781 -0.247952
v 0.051293 1.087461 -0.280663
v 0.056422 1.095253 -0.309082
v 0.059348 1.109069 -0.325594
v 0.016266 1.125005 -0.330728
v 0.015395 1.139152 -0.314281
v 0.013947 1.147516 -0.285611
v 0.012310 1.147857 -0.252402
v 0.010923 1.140082 -0.223553
v 0.010158 1.126276 -0.206792
v 0.010219 1.110137 -0.206611
v 0.011090 1.095991 -0.223059
v 0.012538 1.087626 -0.251728
v 0.014175 1.087286 -0.284937
v 0.015562 1.095060 -0.313787
v 0.016328 1.108866 -0.330548
v -0.027033 1.124860 -0.330025
v -0.025730 1.139014 -0.313613
v -0.023412 1.147391 -0.285004
v -0.020700 1.147746 -0.251866
v -0.018320 1.139984 -0.223078
v -0.016912 1.126186 -0.206352
v -0.016850 1.110047 -0.206171
v -0.018154 1.095893 -0.222584
v -0.020472 1.087516 -0.251192
v -0.023184 1.087161 -0.284330
v -0.025563 1.094922 -0.313119
v -0.026972 1.108721 -0.329844
v -0.069870 1.124775 -0.323676
v -0.066416 1.138934 -0.307583
v -0.060372 1.147318 -0.279527
v -0.053357 1.147682 -0.247026
v -0.047252 1.139927 -0.218790
v -0.043692 1.126133 -0.202383
v -0.043631 1.109994 -0.202202
v -0.047085 1.095836 -0.218296
v -0.053129 1.087451 -0.246352
v -0.060144 1.087088 -0.278852
v -0.066250 1.094842 -0.307089
v -0.069809 1.108637 -0.323496
v -0.111513 1.124753 -0.311791
v -0.105967 1.138912 -0.296294
v -0.096301 1.147299 -0.269272
v -0.085104 1.147664 -0.237965
v -0.075376 1.139912 -0.210763
v -0.069725 1.126119 -0.194953
v -0.069664 1.109980 -0.194772
v -0.075210 1.095821 -0.210269
v -0.084876 1.087434 -0.237291
v -0.096073 1.087068 -0.268598
v -0.105801 1.094821 -0.295801
v -0.111452 1.108614 -0.311610
v -0.151248 1.124793 -0.294572
v -0.143707 1.138950 -0.279941
v -0.130584 1.147333 -0.254416
v -0.115396 1.147695 -0.224839
v -0.102212 1.139939 -0.199134
v -0.094565 1.126144 -0.184188
v -0.094504 1.110005 -0.184008
v -0.102046 1.095847 -0.198640
v -0.115168 1.087464 -0.224165
v -0.130356 1.087103 -0.253742
v -0.143540 1.094859 -0.279447
v -0.151187 1.108654 -0.294392
v -0.188395 1.124894 -0.272315
v -0.178989 1.139046 -0.258801
v -0.162635 1.147421 -0.235213
v -0.143716 1.147772 -0.207871
v -0.127301 1.140007 -0.184101
v -0.117789 1.126207 -0.170274
v -0.117727 1.110068 -0.170093
v -0.127134 1.095916 -0.183608
v -0.143488 1.087542 -0.207196
v -0.162407 1.087190 -0.234538
v -0.178822 1.094955 -0.258307
v -0.188334 1.108756 -0.272135
v -0.222320 1.125056 -0.245400
v -0.211210 1.139200 -0.233237
v -0.191905 1.147560 -0.211990
v -0.169578 1.147895 -0.187352
v -0.150213 1.140116 -0.165924
v -0.138997 1.126308 -0.153448
v -0.138936 1.110169 -0.153267
v -0.150046 1.096025 -0.165430
v -0.169351 1.087665 -0.186677
v -0.191677 1.087329 -0.211316
v -0.211043 1.095108 -0.232744
v -0.222259 1.108917 -0.245220
v -0.252441 1.125274 -0.214288
v -0.239818 1.139407 -0.203687
v -0.217893 1.147748 -0.185146
v -0.192542 1.148062 -0.163633
v -0.170556 1.140264 -0.144911
v -0.157827 1.126444 -0.133998
v -0.157766 1.110306 -0.133817
v -0.170389 1.096173 -0.144418
v -0.192314 1.087832 -0.162958
v -0.217666 1.087518 -0.184472
v -0.239652 1.095316 -0.203194
v -0.252380 1.109136 -0.214107
v -0.278244 1.125546 -0.179510
v -0.264325 1.139666 -0.170657
v -0.240156 1.147983 -0.155141
v -0.212213 1.148269 -0.137120
v -0.187982 1.140448 -0.121423
v -0.173958 1.126615 -0.112256
v -0.173897 1.110476 -0.112076
v -0.187816 1.096357 -0.120929
v -0.211985 1.088039 -0.136445
v -0.239928 1.087753 -0.154466
v -0.264158 1.095574 -0.170163
v -0.278183 1.109407 -0.179330
v -0.299285 1.125867 -0.141663
v -0.284310 1.139971 -0.134710
v -0.258310 1.148260 -0.122486
v -0.228254 1.148514 -0.108266
v -0.202194 1.140665 -0.095862
v -0.187112 1.126815 -0.088596
v -0.187051 1.110677 -0.088415
v -0.202027 1.096573 -0.095368
v -0.228026 1.088284 -0.107592
v -0.258083 1.088030 -0.121812
v -0.284144 1.095879 -0.134216
v -0.299225 1.109728 -0.141482
v -0.315207 1.126231 -0.101394
v -0.299432 1.140316 -0.096463
v -0.272048 1.148574 -0.087741
v -0.240392 1.148792 -0.077567
v -0.212947 1.140911 -0.068665
v -0.197066 1.127043 -0.063421
v -0.197005 1.110904 -0.063240
v -0.212780 1.096819 -0.068171
v -0.240164 1.088561 -0.076892
v -0.271820 1.088344 -0.087067
v -0.299266 1.096225 -0.095969
v -0.315146 1.110092 -0.101213
v -0.325736 1.126632 -0.059391
v -0.309432 1.140697 -0.056569
v -0.281132 1.148920 -0.051501
v -0.248419 1.149097 -0.045545
v -0.220058 1.141181 -0.040297
v -0.203648 1.127294 -0.037162
v -0.203587 1.111155 -0.036982
v -0.219891 1.097090 -0.039803
v -0.248191 1.088867 -0.044871
v -0.280905 1.088690 -0.050827
v -0.309266 1.096606 -0.056075
v -0.325675 1.110493 -0.059210
v -0.330692 1.127064 -0.016373
v -0.314139 1.141107 -0.015712
v -0.285408 1.149292 -0.014386
v -0.252197 1.149426 -0.012750
v -0.223405 1.141473 -0.011244
v -0.206746 1.127563 -0.010270
v -0.206686 1.111425 -0.010089
v -0.223238 1.097381 -0.010750
v -0.251970 1.089196 -0.012076
v -0.285181 1.089062 -0.013712
v -0.313973 1.097015 -0.015218
v -0.330631 1.110925 -0.016192
vn 0.4371 0.7861 -0.4371
vn 0.3973 0.8035 -0.4434
vn 0.4036 0.8211 -0.4036
vn 0.4434 0.8035 -0.3973
vn 0.3608 0.8178 -0.4483
vn 0.3643 0.8366 -0.4092
vn 0.3672 0.8546 -0.3672
vn 0.4092 0.8366 -0.3643
vn 0.4483 0.8178 -0.3608
vn 0.2840 0.8429 -0.4570
vn 0.2438 0.8535 -0.4606
vn 0.2460 0.8746 -0.4179
vn 0.2859 0.8645 -0.4135
vn 0.2060 0.8619 -0.4633
vn 0.2066 0.8832 -0.4210
vn 0.2067 0.9032 -0.3761
vn 0.2479 0.8934 -0.3746
vn 0.2870 0.8826 -0.3724
vn 0.1256 0.8751 -0.4673
vn 0.0836 0.8794 -0.4687
vn 0.0840 0.9016 -0.4244
vn 0.1256 0.8977 -0.4224
vn 0.0426 0.8820 -0.4693
vn 0.0425 0.9043 -0.4249
vn 0.0423 0.9243 -0.3793
vn 0.0842 0.9215 -0.3792
vn 0.1252 0.9172 -0.3783
vn -0.0426 0.8820 -0.4693
vn -0.0836 0.8794 -0.4687
vn -0.0840 0.9016 -0.4244
vn -0.0425 0.9043 -0.4248
vn -0.1256 0.8751 -0.4673
vn -0.1256 0.8977 -0.4224
vn -0.1252 0.9172 -0.3784
vn -0.0842 0.9215 -0.3792
vn -0.0423 0.9243 -0.3793
vn -0.2060 0.8619 -0.4633
vn -0.2438 0.8535 -0.4606
vn -0.2460 0.8746 -0.4179
vn -0.2066 0.8832 -0.4210
vn -0.2840 0.8429 -0.4570
vn -0.2859 0.8645 -0.4135
vn -0.2870 0.8826 -0.3724
vn -0.2479 0.8934 -0.3746
vn -0.2067 0.9032 -0.3761
vn -0.3608 0.8178 -0.4483
vn -0.3973 0.8035 -0.4434
vn -0.4036 0.8211 -0.4036
vn -0.3643 0.8366 -0.4092
vn -0.4371 0.7861 -0.4371
vn -0.4434 0.8035 -0.3973
vn -0.4483 0.8178 -0.3608
vn -0.4092 0.8366 -0.3643
vn -0.3672 0.8546 -0.3672
vn 0.4570 0.8429 -0.2840
vn 0.4135 0.8645 -0.2859
vn 0.4179 0.8746 -0.2460
vn 0.4606 0.8535 -0.2438
vn 0.3724 0.8826 -0.2870
vn 0.3746 0.8934 -0.2479
vn 0.3761 0.9032 -0.2067
vn 0.4210 0.8832 -0.2066
vn 0.4633 0.8619 -0.2060
vn 0.2894 0.9124 -0.2894
vn 0.2471 0.9245 -0.2904
vn 0.2489 0.9360 -0.2489
vn 0.2904 0.9245 -0.2471
vn 0.2071 0.9341 -0.2909
vn 0.2073 0.9458 -0.2499
vn 0.2071 0.9561 -0.2071
vn 0.2499 0.9458 -0.2073
vn 0.2909 0.9341 -0.2071
vn 0.1248 0.9484 -0.2916
vn 0.0828 0.9528 -0.2920
vn 0.0832 0.9648 -0.2497
vn 0.1246 0.9605 -0.2486
vn 0.0419 0.9556 -0.2918
vn 0.0417 0.9675 -0.2495
vn 0.0415 0.9775 -0.2066
vn 0.0832 0.9748 -0.2069
vn 0.1242 0.9705 -0.2069
vn -0.0419 0.9556 -0.2918
vn -0.0828 0.9528 -0.2920
vn -0.0832 0.9648 -0.2497
vn -0.0417 0.9675 -0.2495
vn -0.1248 0.9484 -0.2916
vn -0.1246 0.9605 -0.2486
vn -0.1242 0.9705 -0.2069
vn -0.0832 0.9748 -0.2069
vn -0.0415 0.9775 -0.2066
vn -0.2071 0.9341 -0.2909
vn -0.2471 0.9244 -0.2904
vn -0.2489 0.9360 -0.2489
vn -0.2073 0.9458 -0.2499
vn -0.2894 0.9124 -0.2894
vn -0.2904 0.9244 -0.2471
vn -0.2909 0.9341 -0.2071
vn -0.2499 0.9458 -0.2073
vn -0.2071 0.9561 -0.2071
vn -0.3724 0.8826 -0.2870
vn -0.4135 0.8645 -0.2859
vn -0.4179 0.8746 -0.2460
vn -0.3746 0.8934 -0.2479
vn -0.4570 0.8429 -0.2840
vn -0.4606 0.8535 -0.2438
vn -0.4633 0.8619 -0.2060
vn -0.4210 0.8832 -0.2066
vn -0.3761 0.9032 -0.2067
vn 0.4673 0.8751 -0.1256
vn 0.4224 0.8977 -0.1256
vn 0.4244 0.9016 -0.0840
vn 0.4687 0.8794 -0.0836
vn 0.3783 0.9172 -0.1252
vn 0.3792 0.9215 -0.0842
vn 0.3793 0.9243 -0.0423
vn 0.4248 0.9043 -0.0425
vn 0.4693 0.8820 -0.0426
vn 0.2916 0.9484 -0.1248
vn 0.2486 0.9605 -0.1246
vn 0.2497 0.9648 -0.0832
vn 0.2920 0.9528 -0.0828
vn 0.2069 0.9705 -0.1242
vn 0.2069 0.9748 -0.0832
vn 0.2066 0.9775 -0.0415
vn 0.2495 0.9675 -0.0417
vn 0.2918 0.9556 -0.0419
vn 0.1236 0.9846 -0.1236
vn 0.0821 0.9889 -0.1235
vn 0.0824 0.9932 -0.0824
vn 0.1235 0.9889 -0.0821
vn 0.0412 0.9915 -0.1232
vn 0.0411 0.9958 -0.0822
vn 0.0410 0.9983 -0.0410
vn 0.0822 0.9958 -0.0411
vn 0.1232 0.9915 -0.0412
vn -0.0412 0.9915 -0.1232
vn -0.0821 0.9889 -0.1235
vn -0.0824 0.9932 -0.0824
vn -0.0411 0.9958 -0.0822
vn -0.1236 0.9846 -0.1236
vn -0.1235 0.9889 -0.0821
vn -0.1232 0.9915 -0.0412
vn -0.0822 0.9958 -0.0411
vn -0.0410 0.9983 -0.0410
vn -0.2069 0.9705 -0.1242
vn -0.2486 0.9605 -0.1246
vn -0.2497 0.9648 -0.0832
vn -0.2069 0.9748 -0.0832
vn -0.2916 0.9484 -0.1248
vn -0.2920 0.9528 -0.0828
vn -0.2918 0.9556 -0.0419
vn -0.2495 0.9675 -0.0417
vn -0.2066 0.9775 -0.0415
vn -0.3784 0.9172 -0.1252
vn -0.4224 0.8977 -0.1256
vn -0.4244 0.9016 -0.0840
vn -0.3792 0.9215 -0.0842
vn -0.4673 0.8751 -0.1256
vn -0.4687 0.8794 -0.0836
vn -0.4693 0.8820 -0.0426
vn -0.4249 0.9043 -0.0425
vn -0.3793 0.9243 -0.0423
vn 0.4693 0.8820 0.0426
vn 0.4248 0.9043 0.0425
vn 0.4244 0.9016 0.0840
vn 0.4687 0.8794 0.0836
vn 0.3793 0.9243 0.0423
vn 0.3792 0.9215 0.0842
vn 0.3784 0.9171 0.1252
vn 0.4224 0.8977 0.1256
vn 0.4673 0.8751 0.1256
vn 0.2918 0.9556 0.0419
vn 0.2495 0.9675 0.0417
vn 0.2497 0.9648 0.0832
vn 0.2920 0.9528 0.0828
vn 0.2066 0.9775 0.0415
vn 0.2069 0.9748 0.0832
vn 0.2069 0.9705 0.1242
vn 0.2486 0.9605 0.1246
vn 0.2916 0.9484 0.1248
vn 0.1232 0.9915 0.0412
vn 0.0822 0.9958 0.0411
vn 0.0824 0.9932 0.0824
vn 0.1235 0.9889 0.0821
vn 0.0410 0.9983 0.0410
vn 0.0411 0.9958 0.0822
vn 0.0412 0.9915 0.1232
vn 0.0821 0.9889 0.1235
vn 0.1236 0.9846 0.1236
vn -0.0410 0.9983 0.0410
vn -0.0822 0.9958 0.0411
vn -0.0824 0.9932 0.0824
vn -0.0411 0.9958 0.0822
vn -0.1232 0.9915 0.0412
vn -0.1235 0.9889 0.0821
vn -0.1236 0.9846 0.1236
vn -0.0821 0.9889 0.1235
vn -0.0412 0.9915 0.1232
vn -0.2066 0.9775 0.0415
vn -0.2495 0.9675 0.0417
vn -0.2497 0.9648 0.0832
vn -0.2069 0.9748 0.0832
vn -0.2918 0.9556 0.0419
vn -0.2920 0.9528 0.0828
vn -0.2916 0.9484 0.1248
vn -0.2486 0.9605 0.1246
vn -0.2069 0.9705 0.1242
vn -0.3793 0.9243 0.0423
vn -0.4249 0.9043 0.0425
vn -0.4244 0.9016 0.0840
vn -0.3792 0.9215 0.0842
vn -0.4693 0.8820 0.0426
vn -0.4687 0.8794 0.0836
vn -0.4673 0.8751 0.1256
vn -0.4224 0.8977 0.1256
vn -0.3784 0.9171 0.1252
vn 0.4633 0.8619 0.2060
vn 0.4210 0.8832 0.2066
vn 0.4179 0.8746 0.2460
vn 0.4606 0.8535 0.2438
vn 0.3761 0.9032 0.2067
vn 0.3746 0.8934 0.2479
vn 0.3724 0.8826 0.2870
vn 0.4135 0.8645 0.2859
vn 0.4570 0.8429 0.2840
vn 0.2909 0.9341 0.2071
vn 0.2499 0.9458 0.2073
vn 0.2489 0.9360 0.2489
vn 0.2904 0.9244 0.2471
vn 0.2071 0.9561 0.2071
vn 0.2073 0.9458 0.2499
vn 0.2071 0.9341 0.2909
vn 0.2471 0.9244 0.2904
vn 0.2894 0.9124 0.2894
vn 0.1242 0.9705 0.2069
vn 0.0832 0.9748 0.2069
vn 0.0832 0.9648 0.2497
vn 0.1246 0.9605 0.2486
vn 0.0415 0.9775 0.2066
vn 0.0417 0.9675 0.2495
vn 0.0419 0.9556 0.2918
vn 0.0828 0.9528 0.2920
vn 0.1248 0.9484 0.2916
vn -0.0415 0.9775 0.2066
vn -0.0832 0.9748 0.2069
vn -0.0832 0.9648 0.2497
vn -0.0417 0.9675 0.2495
vn -0.1242 0.9705 0.2069
vn -0.1246 0.9605 0.2486
vn -0.1248 0.9484 0.2916
vn -0.0828 0.9528 0.2920
vn -0.0419 0.9556 0.2918
vn -0.2071 0.9561 0.2071
vn -0.2499 0.9458 0.2073
vn -0.2489 0.9360 0.2489
vn -0.2073 0.9458 0.2499
vn -0.2909 0.9341 0.2071
vn -0.2904 0.9245 0.2471
vn -0.2894 0.9124 0.2894
vn -0.2471 0.9245 0.2904
vn -0.2071 0.9341 0.2909
vn -0.3761 0.9032 0.2067
vn -0.4210 0.8832 0.2066
vn -0.4179 0.8746 0.2460
vn -0.3746 0.8934 0.2479
vn -0.4633 0.8619 0.2060
vn -0.4606 0.8535 0.2438
vn -0.4570 0.8429 0.2840
vn -0.4135 0.8645 0.2859
vn -0.3724 0.8826 0.2870
vn 0.4483 0.8178 0.3608
vn 0.4092 0.8366 0.3643
vn 0.4036 0.8211 0.4036
vn 0.4434 0.8035 0.3973
vn 0.3672 0.8546 0.3672
vn 0.3643 0.8366 0.4092
vn 0.3608 0.8178 0.4483
vn 0.3973 0.8035 0.4434
vn 0.4371 0.7861 0.4371
vn 0.2870 0.8826 0.3724
vn 0.2479 0.8934 0.3746
vn 0.2460 0.8746 0.4179
vn 0.2859 0.8645 0.4135
vn 0.2067 0.9032 0.3761
vn 0.2066 0.8832 0.4210
vn 0.2060 0.8619 0.4633
vn 0.2438 0.8535 0.4606
vn 0.2840 0.8429 0.4570
vn 0.1252 0.9172 0.3784
vn 0.0842 0.9215 0.3792
vn 0.0840 0.9016 0.4244
vn 0.1256 0.8977 0.4224
vn 0.0423 0.9243 0.3793
vn 0.0425 0.9043 0.4248
vn 0.0426 0.8820 0.4693
vn 0.0836 0.8794 0.4687
vn 0.1256 0.8751 0.4673
vn -0.0423 0.9243 0.3793
vn -0.0842 0.9215 0.3792
vn -0.0840 0.9016 0.4244
vn -0.0425 0.9043 0.4249
vn -0.1252 0.9171 0.3784
vn -0.1256 0.8977 0.4224
vn -0.1256 0.8751 0.4673
vn -0.0836 0.8794 0.4687
vn -0.0426 0.8820 0.4693
vn -0.2067 0.9032 0.3761
vn -0.2479 0.8934 0.3746
vn -0.2460 0.8746 0.4179
vn -0.2066 0.8832 0.4210
vn -0.2870 0.8826 0.3724
vn -0.2859 0.8645 0.4135
vn -0.2840 0.8429 0.4570
vn -0.2438 0.8535 0.4606
vn -0.2060 0.8619 0.4633
vn -0.3672 0.8546 0.3672
vn -0.4092 0.8366 0.3643
vn -0.4036 0.8211 0.4036
vn -0.3643 0.8366 0.4092
vn -0.4483 0.8178 0.3608
vn -0.4434 0.8035 0.3973
vn -0.4371 0.7861 0.4371
vn -0.3973 0.8035 0.4434
vn -0.3608 0.8178 0.4483
vn 0.5452 0.6367 -0.5453
vn 0.5079 0.6538 -0.5609
vn 0.5222 0.6743 -0.5222
vn 0.5609 0.6538 -0.5079
vn 0.4775 0.6664 -0.5726
vn 0.4868 0.6910 -0.5344
vn 0.4950 0.7141 -0.4950
vn 0.5344 0.6910 -0.4868
vn 0.5726 0.6664 -0.4775
vn 0.4149 0.6892 -0.5941
vn 0.3815 0.7001 -0.6036
vn 0.3857 0.7304 -0.5637
vn 0.4202 0.7190 -0.5535
vn 0.3506 0.7093 -0.6116
vn 0.3529 0.7401 -0.5724
vn 0.3544 0.7701 -0.5304
vn 0.3899 0.7580 -0.5229
vn 0.4242 0.7451 -0.5147
vn 0.2801 0.7275 -0.6264
vn 0.2421 0.7355 -0.6328
vn 0.2430 0.7693 -0.5909
vn 0.2811 0.7613 -0.5843
vn 0.2055 0.7421 -0.6380
vn 0.2058 0.7761 -0.5961
vn 0.2055 0.8085 -0.5514
vn 0.2440 0.8006 -0.5473
vn 0.2813 0.7916 -0.5425
vn 0.1263 0.7527 -0.6461
vn 0.0845 0.7562 -0.6489
vn 0.0846 0.7916 -0.6052
vn 0.1263 0.7883 -0.6022
vn 0.0432 0.7583 -0.6505
vn 0.0431 0.7939 -0.6065
vn 0.0429 0.8270 -0.5606
vn 0.0847 0.8245 -0.5595
vn 0.1259 0.8206 -0.5575
vn -0.0432 0.7583 -0.6505
vn -0.0845 0.7562 -0.6489
vn -0.0846 0.7916 -0.6052
vn -0.0431 0.7939 -0.6065
vn -0.1263 0.7527 -0.6461
vn -0.1263 0.7883 -0.6022
vn -0.1259 0.8206 -0.5575
vn -0.0847 0.8245 -0.5595
vn -0.0429 0.8270 -0.5606
vn -0.2055 0.7421 -0.6380
vn -0.2421 0.7355 -0.6328
vn -0.2430 0.7693 -0.5909
vn -0.2058 0.7761 -0.5961
vn -0.2801 0.7275 -0.6264
vn -0.2811 0.7613 -0.5843
vn -0.2813 0.7916 -0.5425
vn -0.2440 0.8006 -0.5473
vn -0.2055 0.8085 -0.5514
vn -0.3506 0.7093 -0.6116
vn -0.3815 0.7001 -0.6036
vn -0.3857 0.7304 -0.5637
vn -0.3529 0.7401 -0.5724
vn -0.4149 0.6892 -0.5941
vn -0.4202 0.7190 -0.5535
vn -0.4242 0.7450 -0.5147
vn -0.3899 0.7580 -0.5229
vn -0.3544 0.7701 -0.5304
vn -0.4775 0.6664 -0.5726
vn -0.5079 0.6538 -0.5609
vn -0.5222 0.6743 -0.5221
vn -0.4868 0.6910 -0.5344
vn -0.5452 0.6367 -0.5452
vn -0.5609 0.6538 -0.5079
vn -0.5726 0.6664 -0.4775
vn -0.5344 0.6910 -0.4868
vn -0.4950 0.7141 -0.4950
vn -0.5147 0.7450 -0.4242
vn -0.5535 0.7190 -0.4202
vn -0.5637 0.7304 -0.3857
vn -0.5229 0.7580 -0.3899
vn -0.5941 0.6892 -0.4149
vn -0.6036 0.7001 -0.3815
vn -0.6116 0.7093 -0.3506
vn -0.5724 0.7401 -0.3529
vn -0.5304 0.7701 -0.3544
vn -0.5425 0.7916 -0.2813
vn -0.5843 0.7613 -0.2811
vn -0.5909 0.7693 -0.2430
vn -0.5473 0.8006 -0.2440
vn -0.6264 0.7275 -0.2801
vn -0.6328 0.7355 -0.2421
vn -0.6380 0.7421 -0.2055
vn -0.5961 0.7761 -0.2058
vn -0.5514 0.8085 -0.2055
vn -0.5575 0.8206 -0.1259
vn -0.6022 0.7883 -0.1263
vn -0.6052 0.7916 -0.0846
vn -0.5595 0.8245 -0.0847
vn -0.6461 0.7527 -0.1263
vn -0.6489 0.7562 -0.0845
vn -0.6505 0.7583 -0.0432
vn -0.6065 0.7939 -0.0431
vn -0.5606 0.8270 -0.0429
vn -0.5606 0.8270 0.0429
vn -0.6065 0.7939 0.0431
vn -0.6052 0.7916 0.0846
vn -0.5595 0.8245 0.0847
vn -0.6505 0.7583 0.0432
vn -0.6489 0.7562 0.0845
vn -0.6461 0.7527 0.1263
vn -0.6022 0.7883 0.1263
vn -0.5575 0.8206 0.1259
vn -0.5514 0.8085 0.2055
vn -0.5961 0.7761 0.2058
vn -0.5909 0.7693 0.2430
vn -0.5473 0.8006 0.2440
vn -0.6380 0.7421 0.2055
vn -0.6328 0.7355 0.2421
vn -0.6264 0.7275 0.2801
vn -0.5843 0.7613 0.2811
vn -0.5425 0.7916 0.2813
vn -0.5304 0.7701 0.3544
vn -0.5724 0.7401 0.3529
vn -0.5637 0.7304 0.3857
vn -0.5229 0.7580 0.3899
vn -0.6116 0.7093 0.3506
vn -0.6036 0.7001 0.3815
vn -0.5941 0.6892 0.4149
vn -0.5535 0.7190 0.4203
vn -0.5147 0.7450 0.4242
vn -0.4950 0.7141 0.4950
vn -0.5344 0.6910 0.4868
vn -0.5222 0.6743 0.5221
vn -0.4868 0.6910 0.5344
vn -0.5726 0.6664 0.4775
vn -0.5609 0.6538 0.5079
vn -0.5452 0.6367 0.5452
vn -0.5079 0.6538 0.5609
vn -0.4775 0.6664 0.5726
vn -0.3544 0.7701 0.5304
vn -0.3899 0.7580 0.5229
vn -0.3857 0.7304 0.5637
vn -0.3529 0.7401 0.5724
vn -0.4242 0.7450 0.5147
vn -0.4203 0.7190 0.5535
vn -0.4149 0.6892 0.5941
vn -0.3815 0.7001 0.6036
vn -0.3506 0.7093 0.6116
vn -0.2055 0.8085 0.5514
vn -0.2440 0.8006 0.5473
vn -0.2430 0.7693 0.5909
vn -0.2058 0.7761 0.5961
vn -0.2813 0.7916 0.5425
vn -0.2811 0.7613 0.5843
vn -0.2801 0.7275 0.6264
vn -0.2421 0.7355 0.6328
vn -0.2055 0.7421 0.6380
vn -0.0429 0.8270 0.5606
vn -0.0847 0.8245 0.5595
vn -0.0846 0.7916 0.6052
vn -0.0431 0.7939 0.6065
vn -0.1259 0.8206 0.5575
vn -0.1263 0.7883 0.6022
vn -0.1263 0.7527 0.6461
vn -0.0845 0.7562 0.6489
vn -0.0432 0.7583 0.6505
vn 0.1259 0.8206 0.5575
vn 0.0847 0.8245 0.5595
vn 0.0846 0.7916 0.6052
vn 0.1263 0.7883 0.6022
vn 0.0429 0.8270 0.5606
vn 0.0431 0.7939 0.6066
vn 0.0432 0.7583 0.6505
vn 0.0845 0.7562 0.6489
vn 0.1263 0.7527 0.6461
vn 0.2813 0.7916 0.5425
vn 0.2440 0.8006 0.5473
vn 0.2430 0.7693 0.5909
vn 0.2811 0.7613 0.5843
vn 0.2055 0.8085 0.5514
vn 0.2058 0.7761 0.5961
vn 0.2055 0.7421 0.6380
vn 0.2421 0.7355 0.6328
vn 0.2801 0.7275 0.6264
vn 0.4242 0.7451 0.5147
vn 0.3899 0.7580 0.5229
vn 0.3857 0.7304 0.5637
vn 0.4202 0.7190 0.5535
vn 0.3544 0.7701 0.5304
vn 0.3529 0.7401 0.5724
vn 0.3506 0.7093 0.6116
vn 0.3815 0.7001 0.6036
vn 0.4149 0.6892 0.5941
vn 0.5726 0.6664 0.4775
vn 0.5344 0.6910 0.4868
vn 0.5222 0.6743 0.5222
vn 0.5609 0.6538 0.5079
vn 0.4950 0.7141 0.4950
vn 0.4868 0.6910 0.5344
vn 0.4775 0.6664 0.5726
vn 0.5079 0.6538 0.5609
vn 0.5453 0.6367 0.5452
vn 0.6116 0.7093 0.3506
vn 0.5724 0.7401 0.3529
vn 0.5637 0.7304 0.3857
vn 0.6036 0.7001 0.3815
vn 0.5304 0.7701 0.3544
vn 0.5229 0.7580 0.3899
vn 0.5147 0.7451 0.4242
vn 0.5535 0.7190 0.4203
vn 0.5941 0.6891 0.4149
vn 0.6380 0.7421 0.2055
vn 0.5961 0.7761 0.2058
vn 0.5909 0.7693 0.2430
vn 0.6328 0.7355 0.2421
vn 0.5514 0.8085 0.2055
vn 0.5473 0.8006 0.2440
vn 0.5425 0.7916 0.2813
vn 0.5843 0.7613 0.2811
vn 0.6264 0.7275 0.2801
vn 0.6505 0.7583 0.0432
vn 0.6065 0.7939 0.0431
vn 0.6052 0.7916 0.0846
vn 0.6489 0.7562 0.0845
vn 0.5606 0.8270 0.0429
vn 0.5595 0.8245 0.0847
vn 0.5575 0.8206 0.1259
vn 0.6022 0.7883 0.1263
vn 0.6461 0.7527 0.1263
vn 0.6461 0.7527 -0.1263
vn 0.6022 0.7883 -0.1263
vn 0.6052 0.7916 -0.0846
vn 0.6489 0.7562 -0.0845
vn 0.5575 0.8206 -0.1259
vn 0.5595 0.8245 -0.0847
vn 0.5606 0.8270 -0.0429
vn 0.6065 0.7939 -0.0431
vn 0.6505 0.7583 -0.0432
vn 0.6264 0.7275 -0.2801
vn 0.5843 0.7613 -0.2811
vn 0.5909 0.7693 -0.2430
vn 0.6328 0.7355 -0.2421
vn 0.5425 0.7916 -0.2813
vn 0.5473 0.8006 -0.2440
vn 0.5514 0.8085 -0.2055
vn 0.5961 0.7761 -0.2058
vn 0.6380 0.7421 -0.2055
vn 0.5941 0.6892 -0.4149
vn 0.5535 0.7190 -0.4202
vn 0.5637 0.7304 -0.3857
vn 0.6036 0.7001 -0.3815
vn 0.5147 0.7450 -0.4242
vn 0.5229 0.7580 -0.3899
vn 0.5304 0.7701 -0.3544
vn 0.5724 0.7401 -0.3529
vn 0.6116 0.7093 -0.3506
vn 0.4434 -0.4593 0.7697
vn 0.4507 -0.4188 0.7883
vn 0.4106 -0.4253 0.8066
vn 0.4038 -0.4662 0.7871
vn 0.4567 -0.3807 0.8041
vn 0.4168 -0.3848 0.8235
vn 0.3748 -0.3882 0.8419
vn 0.3710 -0.4311 0.8225
vn 0.3665 -0.4718 0.8019
vn 0.4671 -0.3007 0.8315
vn 0.4714 -0.2587 0.8431
vn 0.4281 -0.2611 0.8652
vn 0.4234 -0.3030 0.8538
vn 0.4747 -0.2187 0.8526
vn 0.4317 -0.2196 0.8749
vn 0.3864 -0.2200 0.8957
vn 0.3843 -0.2631 0.8849
vn 0.3815 -0.3045 0.8727
vn 0.4797 -0.1335 0.8672
vn 0.4814 -0.0890 0.8719
vn 0.4365 -0.0894 0.8952
vn 0.4343 -0.1337 0.8908
vn 0.4822 -0.0454 0.8749
vn 0.4371 -0.0453 0.8983
vn 0.3909 -0.0451 0.9193
vn 0.3905 -0.0897 0.9162
vn 0.3895 -0.1335 0.9113
vn 0.4822 0.0454 0.8749
vn 0.4814 0.0890 0.8719
vn 0.4365 0.0894 0.8952
vn 0.4371 0.0453 0.8983
vn 0.4797 0.1335 0.8672
vn 0.4343 0.1337 0.8908
vn 0.3895 0.1335 0.9113
vn 0.3905 0.0897 0.9162
vn 0.3909 0.0451 0.9193
vn 0.4747 0.2187 0.8526
vn 0.4714 0.2587 0.8431
vn 0.4281 0.2611 0.8652
vn 0.4317 0.2196 0.8749
vn 0.4671 0.3007 0.8315
vn 0.4234 0.3030 0.8538
vn 0.3815 0.3045 0.8727
vn 0.3843 0.2631 0.8849
vn 0.3864 0.2200 0.8957
vn 0.4567 0.3807 0.8041
vn 0.4507 0.4188 0.7883
vn 0.4106 0.4253 0.8066
vn 0.4168 0.3848 0.8235
vn 0.4434 0.4593 0.7697
vn 0.4038 0.4662 0.7871
vn 0.3665 0.4718 0.8019
vn 0.3710 0.4311 0.8225
vn 0.3748 0.3882 0.8419
vn 0.2889 -0.4815 0.8275
vn 0.2915 -0.4371 0.8509
vn 0.2510 -0.4415 0.8615
vn 0.2484 -0.4855 0.8382
vn 0.2933 -0.3944 0.8709
vn 0.2533 -0.3969 0.8822
vn 0.2115 -0.3988 0.8923
vn 0.2109 -0.4448 0.8705
vn 0.2097 -0.4885 0.8470
vn 0.2970 -0.3077 0.9040
vn 0.2986 -0.2633 0.9174
vn 0.2560 -0.2652 0.9296
vn 0.2540 -0.3090 0.9165
vn 0.2994 -0.2209 0.9282
vn 0.2573 -0.2213 0.9407
vn 0.2135 -0.2212 0.9516
vn 0.2134 -0.2663 0.9400
vn 0.2129 -0.3097 0.9267
vn 0.3008 -0.1333 0.9443
vn 0.3014 -0.0886 0.9494
vn 0.2579 -0.0890 0.9621
vn 0.2568 -0.1333 0.9572
vn 0.3013 -0.0448 0.9525
vn 0.2578 -0.0447 0.9652
vn 0.2137 -0.0445 0.9759
vn 0.2139 -0.0890 0.9728
vn 0.2137 -0.1329 0.9678
vn 0.3013 0.0448 0.9525
vn 0.3014 0.0886 0.9494
vn 0.2579 0.0890 0.9621
vn 0.2578 0.0447 0.9652
vn 0.3008 0.1333 0.9443
vn 0.2568 0.1333 0.9572
vn 0.2137 0.1329 0.9678
vn 0.2139 0.0890 0.9728
vn 0.2137 0.0445 0.9759
vn 0.2994 0.2209 0.9282
vn 0.2986 0.2633 0.9174
vn 0.2560 0.2652 0.9296
vn 0.2573 0.2213 0.9407
vn 0.2970 0.3077 0.9040
vn 0.2540 0.3090 0.9165
vn 0.2129 0.3097 0.9267
vn 0.2134 0.2663 0.9400
vn 0.2135 0.2212 0.9516
vn 0.2933 0.3944 0.8709
vn 0.2915 0.4371 0.8509
vn 0.2510 0.4415 0.8615
vn 0.2533 0.3969 0.8822
vn 0.2889 0.4815 0.8275
vn 0.2484 0.4855 0.8382
vn 0.2097 0.4885 0.8470
vn 0.2109 0.4448 0.8705
vn 0.2115 0.3988 0.8923
vn 0.1279 -0.4931 0.8605
vn 0.1283 -0.4471 0.8853
vn 0.0858 -0.4491 0.8894
vn 0.0853 -0.4947 0.8649
vn 0.1283 -0.4015 0.9068
vn 0.0861 -0.4024 0.9114
vn 0.0433 -0.4027 0.9143
vn 0.0434 -0.4496 0.8922
vn 0.0434 -0.4954 0.8676
vn 0.1284 -0.3108 0.9418
vn 0.1284 -0.2655 0.9555
vn 0.0857 -0.2665 0.9600
vn 0.0853 -0.3112 0.9465
vn 0.1282 -0.2212 0.9668
vn 0.0858 -0.2213 0.9714
vn 0.0428 -0.2210 0.9743
vn 0.0430 -0.2663 0.9629
vn 0.0431 -0.3111 0.9494
vn 0.1278 -0.1324 0.9829
vn 0.1278 -0.0880 0.9879
vn 0.0853 -0.0883 0.9924
vn 0.0850 -0.1324 0.9875
vn 0.1276 -0.0442 0.9908
vn 0.0851 -0.0441 0.9954
vn 0.0424 -0.0440 0.9981
vn 0.0426 -0.0881 0.9952
vn 0.0426 -0.1321 0.9903
vn 0.1276 0.0442 0.9908
vn 0.1278 0.0880 0.9879
vn 0.0853 0.0883 0.9924
vn 0.0851 0.0441 0.9954
vn 0.1278 0.1324 0.9829
vn 0.0850 0.1324 0.9875
vn 0.0426 0.1321 0.9903
vn 0.0426 0.0881 0.9952
vn 0.0424 0.0440 0.9981
vn 0.1282 0.2212 0.9668
vn 0.1284 0.2655 0.9555
vn 0.0857 0.2665 0.9600
vn 0.0858 0.2213 0.9714
vn 0.1284 0.3108 0.9418
vn 0.0853 0.3112 0.9465
vn 0.0431 0.3111 0.9494
vn 0.0430 0.2663 0.9629
vn 0.0428 0.2210 0.9743
vn 0.1283 0.4015 0.9068
vn 0.1283 0.4471 0.8853
vn 0.0858 0.4491 0.8894
vn 0.0861 0.4024 0.9114
vn 0.1279 0.4931 0.8605
vn 0.0853 0.4947 0.8649
vn 0.0434 0.4954 0.8676
vn 0.0434 0.4496 0.8922
vn 0.0433 0.4027 0.9143
vn -0.0434 -0.4954 0.8676
vn -0.0434 -0.4496 0.8922
vn -0.0858 -0.4491 0.8894
vn -0.0853 -0.4947 0.8649
vn -0.0433 -0.4027 0.9143
vn -0.0861 -0.4024 0.9114
vn -0.1283 -0.4015 0.9068
vn -0.1283 -0.4471 0.8853
vn -0.1279 -0.4931 0.8605
vn -0.0431 -0.3111 0.9494
vn -0.0430 -0.2663 0.9629
vn -0.0857 -0.2665 0.9600
vn -0.0853 -0.3112 0.9465
vn -0.0428 -0.2210 0.9743
vn -0.0858 -0.2213 0.9714
vn -0.1282 -0.2212 0.9668
vn -0.1284 -0.2655 0.9555
vn -0.1284 -0.3108 0.9418
vn -0.0426 -0.1321 0.9903
vn -0.0426 -0.0881 0.9952
vn -0.0853 -0.0883 0.9924
vn -0.0850 -0.1324 0.9875
vn -0.0424 -0.0440 0.9981
vn -0.0851 -0.0441 0.9954
vn -0.1276 -0.0442 0.9908
vn -0.1278 -0.0880 0.9879
vn -0.1278 -0.1324 0.9829
vn -0.0424 0.0440 0.9981
vn -0.0426 0.0881 0.9952
vn -0.0853 0.0883 0.9924
vn -0.0851 0.0441 0.9954
vn -0.0426 0.1321 0.9903
vn -0.0850 0.1324 0.9875
vn -0.1278 0.1324 0.9829
vn -0.1278 0.0880 0.9879
vn -0.1276 0.0442 0.9908
vn -0.0428 0.2210 0.9743
vn -0.0430 0.2663 0.9629
vn -0.0857 0.2665 0.9600
vn -0.0858 0.2213 0.9714
vn -0.0431 0.3111 0.9494
vn -0.0853 0.3112 0.9465
vn -0.1284 0.3108 0.9418
vn -0.1284 0.2655 0.9555
vn -0.1282 0.2212 0.9668
vn -0.0433 0.4027 0.9143
vn -0.0434 0.4496 0.8922
vn -0.0858 0.4491 0.8894
vn -0.0861 0.4024 0.9114
vn -0.0434 0.4954 0.8676
vn -0.0853 0.4947 0.8649
vn -0.1279 0.4931 0.8605
vn -0.1283 0.4471 0.8853
vn -0.1283 0.4015 0.9068
vn -0.2097 -0.4885 0.8470
vn -0.2109 -0.4448 0.8705
vn -0.2510 -0.4415 0.8615
vn -0.2484 -0.4855 0.8382
vn -0.2115 -0.3988 0.8923
vn -0.2533 -0.3969 0.8822
vn -0.2933 -0.3944 0.8709
vn -0.2915 -0.4371 0.8509
vn -0.2889 -0.4815 0.8275
vn -0.2129 -0.3097 0.9267
vn -0.2134 -0.2663 0.9400
vn -0.2560 -0.2652 0.9296
vn -0.2540 -0.3090 0.9165
vn -0.2135 -0.2212 0.9516
vn -0.2573 -0.2213 0.9407
vn -0.2994 -0.2209 0.9282
vn -0.2986 -0.2633 0.9174
vn -0.2970 -0.3077 0.9040
vn -0.2137 -0.1329 0.9678
vn -0.2139 -0.0890 0.9728
vn -0.2579 -0.0890 0.9621
vn -0.2568 -0.1333 0.9572
vn -0.2137 -0.0445 0.9759
vn -0.2578 -0.0447 0.9652
vn -0.3013 -0.0448 0.9525
vn -0.3014 -0.0886 0.9494
vn -0.3008 -0.1333 0.9443
vn -0.2137 0.0445 0.9759
vn -0.2139 0.0890 0.9728
vn -0.2579 0.0890 0.9621
vn -0.2578 0.0447 0.9652
vn -0.2137 0.1329 0.9678
vn -0.2568 0.1333 0.9572
vn -0.3008 0.1333 0.9443
vn -0.3014 0.0886 0.9494
vn -0.3013 0.0448 0.9525
vn -0.2135 0.2212 0.9516
vn -0.2134 0.2663 0.9400
vn -0.2560 0.2652 0.9296
vn -0.2573 0.2213 0.9407
vn -0.2129 0.3097 0.9267
vn -0.2540 0.3090 0.9165
vn -0.2970 0.3077 0.9040
vn -0.2986 0.2633 0.9174
vn -0.2994 0.2209 0.9282
vn -0.2115 0.3988 0.8923
vn -0.2109 0.4448 0.8705
vn -0.2510 0.4415 0.8615
vn -0.2533 0.3969 0.8822
vn -0.2097 0.4885 0.8470
vn -0.2484 0.4855 0.8382
vn -0.2889 0.4815 0.8275
vn -0.2915 0.4371 0.8509
vn -0.2933 0.3944 0.8709
vn -0.3665 -0.4718 0.8019
vn -0.3710 -0.4311 0.8225
vn -0.4106 -0.4253 0.8066
vn -0.4038 -0.4662 0.7871
vn -0.3748 -0.3882 0.8419
vn -0.4168 -0.3848 0.8235
vn -0.4567 -0.3807 0.8041
vn -0.4507 -0.4188 0.7883
vn -0.4434 -0.4593 0.7697
vn -0.3815 -0.3045 0.8727
vn -0.3843 -0.2631 0.8849
vn -0.4281 -0.2611 0.8652
vn -0.4234 -0.3030 0.8538
vn -0.3864 -0.2200 0.8957
vn -0.4317 -0.2196 0.8749
vn -0.4747 -0.2187 0.8526
vn -0.4714 -0.2587 0.8431
vn -0.4671 -0.3007 0.8315
vn -0.3895 -0.1335 0.9113
vn -0.3905 -0.0897 0.9162
vn -0.4365 -0.0894 0.8952
vn -0.4343 -0.1337 0.8908
vn -0.3909 -0.0451 0.9193
vn -0.4371 -0.0453 0.8983
vn -0.4822 -0.0454 0.8749
vn -0.4814 -0.0890 0.8719
vn -0.4797 -0.1335 0.8672
vn -0.3909 0.0451 0.9193
vn -0.3905 0.0897 0.9162
vn -0.4365 0.0894 0.8952
vn -0.4371 0.0453 0.8983
vn -0.3895 0.1335 0.9113
vn -0.4343 0.1337 0.8908
vn -0.4797 0.1335 0.8672
vn -0.4814 0.0890 0.8719
vn -0.4822 0.0454 0.8749
vn -0.3864 0.2200 0.8957
vn -0.3843 0.2631 0.8849
vn -0.4281 0.2611 0.8652
vn -0.4317 0.2196 0.8749
vn -0.3815 0.3045 0.8727
vn -0.4234 0.3030 0.8538
vn -0.4671 0.3007 0.8315
vn -0.4714 0.2587 0.8431
vn -0.4747 0.2187 0.8526
vn -0.3748 0.3882 0.8419
vn -0.3710 0.4311 0.8225
vn -0.4106 0.4253 0.8066
vn -0.4168 0.3848 0.8235
vn -0.3665 0.4718 0.8019
vn -0.4038 0.4662 0.7871
vn -0.4434 0.4593 0.7697
vn -0.4507 0.4188 0.7883
vn -0.4567 0.3807 0.8041
vn 0.5469 -0.5665 0.6164
vn 0.5636 -0.5293 0.6342
vn 0.5251 -0.5439 0.6546
vn 0.5102 -0.5825 0.6327
vn 0.5765 -0.4980 0.6477
vn 0.5379 -0.5083 0.6725
vn 0.4992 -0.5172 0.6952
vn 0.4899 -0.5560 0.6715
vn 0.4790 -0.5951 0.6454
vn 0.6000 -0.4341 0.6719
vn 0.6105 -0.4001 0.6835
vn 0.5709 -0.4048 0.7143
vn 0.5603 -0.4402 0.7016
vn 0.6195 -0.3679 0.6935
vn 0.5802 -0.3709 0.7251
vn 0.5389 -0.3730 0.7553
vn 0.5305 -0.4092 0.7424
vn 0.5212 -0.4450 0.7282
vn 0.6361 -0.2946 0.7131
vn 0.6433 -0.2551 0.7218
vn 0.6017 -0.2564 0.7565
vn 0.5946 -0.2962 0.7475
vn 0.6492 -0.2167 0.7291
vn 0.6074 -0.2174 0.7641
vn 0.5632 -0.2174 0.7972
vn 0.5585 -0.2576 0.7885
vn 0.5528 -0.2970 0.7786
vn 0.6586 -0.1334 0.7406
vn 0.6617 -0.0894 0.7444
vn 0.6183 -0.0895 0.7809
vn 0.6151 -0.1336 0.7770
vn 0.6636 -0.0457 0.7467
vn 0.6198 -0.0457 0.7834
vn 0.5741 -0.0456 0.8175
vn 0.5728 -0.0897 0.8148
vn 0.5704 -0.1335 0.8104
vn 0.6636 0.0457 0.7467
vn 0.6617 0.0894 0.7444
vn 0.6183 0.0895 0.7809
vn 0.6198 0.0457 0.7834
vn 0.6586 0.1334 0.7406
vn 0.6151 0.1336 0.7770
vn 0.5704 0.1335 0.8104
vn 0.5728 0.0897 0.8148
vn 0.5741 0.0456 0.8175
vn 0.6492 0.2167 0.7291
vn 0.6433 0.2551 0.7218
vn 0.6017 0.2564 0.7565
vn 0.6074 0.2174 0.7641
vn 0.6361 0.2946 0.7131
vn 0.5946 0.2962 0.7475
vn 0.5528 0.2970 0.7786
vn 0.5585 0.2576 0.7885
vn 0.5632 0.2174 0.7972
vn 0.6195 0.3679 0.6935
vn 0.6105 0.4001 0.6835
vn 0.5709 0.4048 0.7143
vn 0.5802 0.3709 0.7251
vn 0.6000 0.4342 0.6719
vn 0.5603 0.4402 0.7016
vn 0.5212 0.4450 0.7282
vn 0.5305 0.4092 0.7424
vn 0.5389 0.3730 0.7553
vn 0.5765 0.4980 0.6477
vn 0.5637 0.5293 0.6342
vn 0.5251 0.5439 0.6546
vn 0.5379 0.5083 0.6725
vn 0.5469 0.5665 0.6165
vn 0.5102 0.5825 0.6327
vn 0.4790 0.5951 0.6454
vn 0.4899 0.5560 0.6715
vn 0.4993 0.5172 0.6952
vn 0.4282 0.5382 0.7259
vn 0.4229 0.5777 0.6982
vn 0.3883 0.5876 0.7099
vn 0.3931 0.5471 0.7390
vn 0.4163 0.6174 0.6674
vn 0.3834 0.6272 0.6779
vn 0.3518 0.6358 0.6870
vn 0.3554 0.5962 0.7199
vn 0.3580 0.5550 0.7509
vn 0.2844 0.5680 0.7723
vn 0.2832 0.6100 0.7400
vn 0.2448 0.6165 0.7484
vn 0.2463 0.5733 0.7814
vn 0.2811 0.6513 0.7048
vn 0.2434 0.6579 0.7126
vn 0.2063 0.6635 0.7192
vn 0.2074 0.6217 0.7553
vn 0.2078 0.5777 0.7893
vn 0.1274 0.5843 0.8014
vn 0.1273 0.6289 0.7670
vn 0.0853 0.6317 0.7705
vn 0.0856 0.5866 0.8054
vn 0.1268 0.6721 0.7295
vn 0.0850 0.6750 0.7329
vn 0.0434 0.6766 0.7350
vn 0.0435 0.6332 0.7728
vn 0.0435 0.5877 0.8079
vn -0.0435 0.5877 0.8079
vn -0.0435 0.6332 0.7728
vn -0.0853 0.6317 0.7705
vn -0.0856 0.5866 0.8054
vn -0.0434 0.6766 0.7350
vn -0.0850 0.6750 0.7329
vn -0.1268 0.6721 0.7295
vn -0.1273 0.6289 0.7670
vn -0.1274 0.5843 0.8014
vn -0.2078 0.5777 0.7893
vn -0.2074 0.6217 0.7553
vn -0.2448 0.6165 0.7484
vn -0.2463 0.5733 0.7814
vn -0.2063 0.6635 0.7192
vn -0.2434 0.6579 0.7126
vn -0.2811 0.6513 0.7048
vn -0.2832 0.6100 0.7400
vn -0.2844 0.5680 0.7723
vn -0.3580 0.5550 0.7509
vn -0.3554 0.5962 0.7199
vn -0.3883 0.5876 0.7099
vn -0.3931 0.5471 0.7390
vn -0.3518 0.6358 0.6870
vn -0.3834 0.6272 0.6779
vn -0.4163 0.6174 0.6674
vn -0.4229 0.5777 0.6982
vn -0.4282 0.5382 0.7259
vn -0.4992 0.5172 0.6952
vn -0.4899 0.5560 0.6715
vn -0.5251 0.5439 0.6546
vn -0.5379 0.5083 0.6725
vn -0.4790 0.5951 0.6453
vn -0.5102 0.5825 0.6327
vn -0.5469 0.5665 0.6164
vn -0.5636 0.5293 0.6342
vn -0.5765 0.4980 0.6477
vn -0.5389 0.3730 0.7553
vn -0.5305 0.4092 0.7424
vn -0.5709 0.4048 0.7143
vn -0.5802 0.3709 0.7251
vn -0.5212 0.4450 0.7282
vn -0.5603 0.4402 0.7016
vn -0.6000 0.4341 0.6719
vn -0.6105 0.4001 0.6835
vn -0.6195 0.3679 0.6935
vn -0.5632 0.2174 0.7972
vn -0.5585 0.2576 0.7885
vn -0.6017 0.2564 0.7565
vn -0.6074 0.2174 0.7641
vn -0.5528 0.2970 0.7786
vn -0.5946 0.2962 0.7475
vn -0.6361 0.2946 0.7131
vn -0.6433 0.2551 0.7218
vn -0.6492 0.2167 0.7291
vn -0.5741 0.0456 0.8175
vn -0.5728 0.0897 0.8148
vn -0.6183 0.0895 0.7809
vn -0.6198 0.0457 0.7834
vn -0.5704 0.1335 0.8104
vn -0.6151 0.1336 0.7770
vn -0.6586 0.1334 0.7406
vn -0.6617 0.0894 0.7444
vn -0.6636 0.0457 0.7467
vn -0.5704 -0.1335 0.8104
vn -0.5728 -0.0897 0.8148
vn -0.6183 -0.0895 0.7809
vn -0.6151 -0.1336 0.7770
vn -0.5741 -0.0456 0.8175
vn -0.6198 -0.0457 0.7834
vn -0.6636 -0.0457 0.7467
vn -0.6617 -0.0894 0.7444
vn -0.6586 -0.1334 0.7406
vn -0.5528 -0.2970 0.7786
vn -0.5585 -0.2576 0.7885
vn -0.6017 -0.2564 0.7565
vn -0.5946 -0.2962 0.7475
vn -0.5632 -0.2174 0.7972
vn -0.6074 -0.2174 0.7641
vn -0.6492 -0.2167 0.7291
vn -0.6433 -0.2551 0.7218
vn -0.6361 -0.2946 0.7131
vn -0.5212 -0.4450 0.7282
vn -0.5305 -0.4092 0.7424
vn -0.5709 -0.4048 0.7143
vn -0.5603 -0.4402 0.7017
vn -0.5389 -0.3730 0.7553
vn -0.5802 -0.3709 0.7251
vn -0.6195 -0.3679 0.6935
vn -0.6105 -0.4001 0.6835
vn -0.6000 -0.4341 0.6719
vn -0.4790 -0.5951 0.6454
vn -0.4899 -0.5560 0.6715
vn -0.5251 -0.5439 0.6546
vn -0.5102 -0.5825 0.6327
vn -0.4992 -0.5172 0.6952
vn -0.5379 -0.5083 0.6725
vn -0.5765 -0.4980 0.6477
vn -0.5636 -0.5293 0.6342
vn -0.5469 -0.5665 0.6165
vn -0.3518 -0.6358 0.6870
vn -0.3554 -0.5962 0.7199
vn -0.3883 -0.5876 0.7099
vn -0.3834 -0.6272 0.6779
vn -0.3580 -0.5550 0.7509
vn -0.3931 -0.5471 0.7390
vn -0.4282 -0.5382 0.7259
vn -0.4229 -0.5777 0.6982
vn -0.4163 -0.6174 0.6674
vn -0.2063 -0.6635 0.7192
vn -0.2074 -0.6217 0.7553
vn -0.2448 -0.6165 0.7484
vn -0.2434 -0.6579 0.7126
vn -0.2078 -0.5777 0.7893
vn -0.2463 -0.5733 0.7814
vn -0.2844 -0.5680 0.7723
vn -0.2832 -0.6100 0.7400
vn -0.2811 -0.6513 0.7048
vn -0.0434 -0.6766 0.7350
vn -0.0435 -0.6332 0.7728
vn -0.0853 -0.6317 0.7705
vn -0.0850 -0.6750 0.7329
vn -0.0435 -0.5877 0.8079
vn -0.0856 -0.5866 0.8054
vn -0.1274 -0.5843 0.8014
vn -0.1273 -0.6289 0.7670
vn -0.1268 -0.6721 0.7295
vn 0.1268 -0.6721 0.7295
vn 0.1273 -0.6289 0.7670
vn 0.0853 -0.6317 0.7705
vn 0.0850 -0.6750 0.7329
vn 0.1274 -0.5843 0.8014
vn 0.0856 -0.5866 0.8054
vn 0.0435 -0.5877 0.8079
vn 0.0435 -0.6332 0.7728
vn 0.0434 -0.6766 0.7350
vn 0.2811 -0.6513 0.7048
vn 0.2832 -0.6100 0.7400
vn 0.2448 -0.6165 0.7484
vn 0.2434 -0.6579 0.7126
vn 0.2844 -0.5680 0.7723
vn 0.2463 -0.5733 0.7814
vn 0.2078 -0.5777 0.7893
vn 0.2074 -0.6217 0.7553
vn 0.2063 -0.6635 0.7192
vn 0.4163 -0.6174 0.6674
vn 0.4229 -0.5777 0.6982
vn 0.3883 -0.5876 0.7099
vn 0.3834 -0.6272 0.6779
vn 0.4282 -0.5382 0.7259
vn 0.3931 -0.5471 0.7390
vn 0.3580 -0.5550 0.7509
vn 0.3554 -0.5962 0.7199
vn 0.3518 -0.6358 0.6870
vn -0.7697 -0.4593 0.4434
vn -0.7883 -0.4188 0.4507
vn -0.8066 -0.4253 0.4106
vn -0.7871 -0.4662 0.4038
vn -0.8041 -0.3807 0.4567
vn -0.8235 -0.3848 0.4168
vn -0.8419 -0.3882 0.3748
vn -0.8225 -0.4311 0.3710
vn -0.8019 -0.4718 0.3665
vn -0.8315 -0.3007 0.4671
vn -0.8431 -0.2587 0.4714
vn -0.8652 -0.2611 0.4281
vn -0.8538 -0.3030 0.4234
vn -0.8526 -0.2187 0.4747
vn -0.8749 -0.2196 0.4317
vn -0.8957 -0.2200 0.3864
vn -0.8849 -0.2631 0.3843
vn -0.8727 -0.3045 0.3815
vn -0.8672 -0.1335 0.4797
vn -0.8719 -0.0890 0.4814
vn -0.8952 -0.0894 0.4365
vn -0.8908 -0.1337 0.4343
vn -0.8749 -0.0454 0.4822
vn -0.8983 -0.0453 0.4371
vn -0.9193 -0.0451 0.3909
vn -0.9162 -0.0897 0.3905
vn -0.9113 -0.1335 0.3895
vn -0.8749 0.0454 0.4822
vn -0.8719 0.0890 0.4814
vn -0.8953 0.0894 0.4365
vn -0.8983 0.0453 0.4371
vn -0.8672 0.1335 0.4797
vn -0.8908 0.1337 0.4343
vn -0.9113 0.1335 0.3895
vn -0.9162 0.0897 0.3905
vn -0.9193 0.0451 0.3909
vn -0.8526 0.2187 0.4747
vn -0.8431 0.2587 0.4714
vn -0.8652 0.2611 0.4281
vn -0.8749 0.2196 0.4317
vn -0.8315 0.3007 0.4671
vn -0.8538 0.3030 0.4234
vn -0.8727 0.3045 0.3815
vn -0.8849 0.2631 0.3843
vn -0.8957 0.2200 0.3864
vn -0.8041 0.3807 0.4567
vn -0.7883 0.4188 0.4507
vn -0.8066 0.4253 0.4106
vn -0.8235 0.3848 0.4168
vn -0.7697 0.4593 0.4434
vn -0.7871 0.4662 0.4038
vn -0.8019 0.4718 0.3665
vn -0.8225 0.4311 0.3710
vn -0.8419 0.3882 0.3748
vn -0.8275 -0.4815 0.2889
vn -0.8509 -0.4371 0.2915
vn -0.8615 -0.4415 0.2510
vn -0.8382 -0.4855 0.2484
vn -0.8709 -0.3944 0.2933
vn -0.8822 -0.3969 0.2533
vn -0.8923 -0.3988 0.2115
vn -0.8705 -0.4448 0.2109
vn -0.8470 -0.4885 0.2097
vn -0.9040 -0.3077 0.2970
vn -0.9174 -0.2633 0.2986
vn -0.9296 -0.2652 0.2560
vn -0.9165 -0.3090 0.2540
vn -0.9282 -0.2209 0.2994
vn -0.9407 -0.2213 0.2573
vn -0.9516 -0.2212 0.2135
vn -0.9400 -0.2663 0.2134
vn -0.9267 -0.3097 0.2129
vn -0.9443 -0.1333 0.3008
vn -0.9494 -0.0886 0.3014
vn -0.9621 -0.0890 0.2579
vn -0.9572 -0.1333 0.2568
vn -0.9525 -0.0448 0.3013
vn -0.9652 -0.0447 0.2578
vn -0.9759 -0.0445 0.2137
vn -0.9728 -0.0890 0.2139
vn -0.9678 -0.1329 0.2137
vn -0.9525 0.0448 0.3013
vn -0.9494 0.0886 0.3014
vn -0.9621 0.0890 0.2579
vn -0.9652 0.0447 0.2578
vn -0.9443 0.1333 0.3008
vn -0.9572 0.1333 0.2568
vn -0.9678 0.1329 0.2137
vn -0.9728 0.0890 0.2139
vn -0.9759 0.0445 0.2137
vn -0.9282 0.2209 0.2994
vn -0.9174 0.2633 0.2986
vn -0.9296 0.2652 0.2560
vn -0.9407 0.2213 0.2573
vn -0.9040 0.3077 0.2970
vn -0.9165 0.3090 0.2540
vn -0.9267 0.3097 0.2129
vn -0.9400 0.2663 0.2134
vn -0.9516 0.2212 0.2135
vn -0.8709 0.3944 0.2933
vn -0.8509 0.4371 0.2915
vn -0.8615 0.4415 0.2510
vn -0.8822 0.3969 0.2533
vn -0.8275 0.4815 0.2889
vn -0.8382 0.4855 0.2484
vn -0.8470 0.4885 0.2097
vn -0.8705 0.4448 0.2109
vn -0.8923 0.3988 0.2115
vn -0.8605 -0.4931 0.1279
vn -0.8853 -0.4471 0.1283
vn -0.8894 -0.4491 0.0858
vn -0.8649 -0.4947 0.0853
vn -0.9068 -0.4015 0.1283
vn -0.9114 -0.4024 0.0861
vn -0.9143 -0.4027 0.0433
vn -0.8922 -0.4496 0.0434
vn -0.8676 -0.4954 0.0434
vn -0.9418 -0.3108 0.1284
vn -0.9555 -0.2655 0.1284
vn -0.9600 -0.2665 0.0857
vn -0.9465 -0.3112 0.0853
vn -0.9668 -0.2212 0.1282
vn -0.9714 -0.2213 0.0858
vn -0.9743 -0.2210 0.0428
vn -0.9629 -0.2663 0.0430
vn -0.9494 -0.3111 0.0431
vn -0.9829 -0.1324 0.1278
vn -0.9879 -0.0880 0.1278
vn -0.9924 -0.0883 0.0853
vn -0.9875 -0.1324 0.0850
vn -0.9908 -0.0442 0.1276
vn -0.9954 -0.0441 0.0851
vn -0.9981 -0.0440 0.0424
vn -0.9952 -0.0881 0.0426
vn -0.9903 -0.1321 0.0426
vn -0.9908 0.0442 0.1276
vn -0.9879 0.0880 0.1278
vn -0.9924 0.0883 0.0853
vn -0.9954 0.0441 0.0851
vn -0.9829 0.1324 0.1278
vn -0.9875 0.1324 0.0850
vn -0.9903 0.1321 0.0426
vn -0.9952 0.0881 0.0426
vn -0.9981 0.0440 0.0424
vn -0.9668 0.2212 0.1282
vn -0.9555 0.2655 0.1284
vn -0.9600 0.2665 0.0857
vn -0.9714 0.2213 0.0858
vn -0.9418 0.3108 0.1284
vn -0.9465 0.3112 0.0853
vn -0.9494 0.3111 0.0431
vn -0.9629 0.2663 0.0430
vn -0.9743 0.2210 0.0428
vn -0.9068 0.4015 0.1283
vn -0.8853 0.4471 0.1283
vn -0.8894 0.4491 0.0858
vn -0.9114 0.4024 0.0861
vn -0.8605 0.4931 0.1279
vn -0.8649 0.4947 0.0853
vn -0.8676 0.4954 0.0434
vn -0.8922 0.4496 0.0434
vn -0.9143 0.4027 0.0433
vn -0.8676 -0.4954 -0.0434
vn -0.8922 -0.4496 -0.0434
vn -0.8894 -0.4491 -0.0858
vn -0.8649 -0.4947 -0.0853
vn -0.9143 -0.4027 -0.0433
vn -0.9114 -0.4024 -0.0861
vn -0.9068 -0.4015 -0.1283
vn -0.8853 -0.4471 -0.1283
vn -0.8605 -0.4931 -0.1279
vn -0.9494 -0.3111 -0.0431
vn -0.9629 -0.2663 -0.0430
vn -0.9600 -0.2665 -0.0857
vn -0.9465 -0.3112 -0.0853
vn -0.9743 -0.2210 -0.0428
vn -0.9714 -0.2213 -0.0858
vn -0.9668 -0.2212 -0.1282
vn -0.9555 -0.2655 -0.1284
vn -0.9418 -0.3108 -0.1284
vn -0.9903 -0.1321 -0.0426
vn -0.9952 -0.0881 -0.0426
vn -0.9924 -0.0883 -0.0853
vn -0.9875 -0.1324 -0.0850
vn -0.9981 -0.0440 -0.0424
vn -0.9954 -0.0441 -0.0851
vn -0.9908 -0.0442 -0.1276
vn -0.9879 -0.0880 -0.1278
vn -0.9829 -0.1324 -0.1278
vn -0.9981 0.0440 -0.0424
vn -0.9952 0.0881 -0.0426
vn -0.9924 0.0883 -0.0853
vn -0.9954 0.0441 -0.0851
vn -0.9903 0.1321 -0.0426
vn -0.9875 0.1324 -0.0850
vn -0.9829 0.1324 -0.1278
vn -0.9879 0.0880 -0.1278
vn -0.9908 0.0442 -0.1276
vn -0.9743 0.2210 -0.0428
vn -0.9629 0.2663 -0.0430
vn -0.9600 0.2665 -0.0857
vn -0.9714 0.2213 -0.0858
vn -0.9494 0.3111 -0.0431
vn -0.9465 0.3112 -0.0853
vn -0.9418 0.3108 -0.1284
vn -0.9555 0.2655 -0.1284
vn -0.9668 0.2212 -0.1282
vn -0.9143 0.4027 -0.0433
vn -0.8922 0.4496 -0.0434
vn -0.8894 0.4491 -0.0858
vn -0.9114 0.4024 -0.0861
vn -0.8676 0.4954 -0.0434
vn -0.8649 0.4947 -0.0853
vn -0.8605 0.4931 -0.1279
vn -0.8853 0.4471 -0.1283
vn -0.9068 0.4015 -0.1283
vn -0.8470 -0.4885 -0.2097
vn -0.8705 -0.4448 -0.2109
vn -0.8615 -0.4415 -0.2510
vn -0.8382 -0.4855 -0.2484
vn -0.8923 -0.3988 -0.2115
vn -0.8822 -0.3969 -0.2533
vn -0.8709 -0.3944 -0.2933
vn -0.8509 -0.4371 -0.2915
vn -0.8275 -0.4815 -0.2889
vn -0.9267 -0.3097 -0.2129
vn -0.9400 -0.2663 -0.2134
vn -0.9296 -0.2652 -0.2560
vn -0.9165 -0.3090 -0.2540
vn -0.9516 -0.2212 -0.2135
vn -0.9407 -0.2213 -0.2573
vn -0.9282 -0.2209 -0.2994
vn -0.9174 -0.2633 -0.2986
vn -0.9040 -0.3077 -0.2970
vn -0.9678 -0.1329 -0.2137
vn -0.9728 -0.0890 -0.2139
vn -0.9621 -0.0890 -0.2579
vn -0.9572 -0.1333 -0.2568
vn -0.9759 -0.0445 -0.2137
vn -0.9652 -0.0447 -0.2578
vn -0.9525 -0.0448 -0.3013
vn -0.9494 -0.0886 -0.3014
vn -0.9443 -0.1333 -0.3008
vn -0.9759 0.0445 -0.2137
vn -0.9728 0.0890 -0.2139
vn -0.9621 0.0890 -0.2579
vn -0.9652 0.0447 -0.2578
vn -0.9678 0.1329 -0.2137
vn -0.9572 0.1333 -0.2568
vn -0.9443 0.1333 -0.3008
vn -0.9494 0.0886 -0.3014
vn -0.9525 0.0448 -0.3013
vn -0.9516 0.2212 -0.2135
vn -0.9400 0.2663 -0.2134
vn -0.9296 0.2652 -0.2560
vn -0.9407 0.2213 -0.2573
vn -0.9267 0.3097 -0.2129
vn -0.9165 0.3090 -0.2540
vn -0.9040 0.3077 -0.2970
vn -0.9174 0.2633 -0.2986
vn -0.9282 0.2209 -0.2994
vn -0.8923 0.3988 -0.2115
vn -0.8705 0.4448 -0.2109
vn -0.8615 0.4415 -0.2510
vn -0.8822 0.3969 -0.2533
vn -0.8470 0.4885 -0.2097
vn -0.8382 0.4855 -0.2484
vn -0.8275 0.4815 -0.2889
vn -0.8509 0.4371 -0.2915
vn -0.8709 0.3944 -0.2933
vn -0.8019 -0.4718 -0.3665
vn -0.8225 -0.4311 -0.3710
vn -0.8066 -0.4253 -0.4106
vn -0.7871 -0.4662 -0.4038
vn -0.8419 -0.3882 -0.3748
vn -0.8235 -0.3848 -0.4168
vn -0.8041 -0.3807 -0.4567
vn -0.7883 -0.4188 -0.4507
vn -0.7697 -0.4593 -0.4434
vn -0.8727 -0.3045 -0.3815
vn -0.8849 -0.2631 -0.3843
vn -0.8652 -0.2611 -0.4281
vn -0.8538 -0.3030 -0.4234
vn -0.8957 -0.2200 -0.3864
vn -0.8749 -0.2196 -0.4317
vn -0.8526 -0.2187 -0.4747
vn -0.8431 -0.2587 -0.4714
vn -0.8315 -0.3007 -0.4671
vn -0.9113 -0.1335 -0.3895
vn -0.9162 -0.0897 -0.3905
vn -0.8952 -0.0894 -0.4365
vn -0.8908 -0.1337 -0.4343
vn -0.9193 -0.0451 -0.3909
vn -0.8983 -0.0453 -0.4371
vn -0.8749 -0.0454 -0.4822
vn -0.8719 -0.0890 -0.4814
vn -0.8672 -0.1335 -0.4797
vn -0.9193 0.0451 -0.3909
vn -0.9162 0.0897 -0.3905
vn -0.8952 0.0894 -0.4365
vn -0.8983 0.0453 -0.4371
vn -0.9113 0.1335 -0.3895
vn -0.8908 0.1337 -0.4343
vn -0.8672 0.1335 -0.4797
vn -0.8719 0.0890 -0.4814
vn -0.8749 0.0454 -0.4822
vn -0.8957 0.2200 -0.3864
vn -0.8849 0.2631 -0.3843
vn -0.8652 0.2611 -0.4281
vn -0.8749 0.2196 -0.4317
vn -0.8727 0.3045 -0.3815
vn -0.8538 0.3030 -0.4234
vn -0.8315 0.3007 -0.4671
vn -0.8431 0.2587 -0.4714
vn -0.8526 0.2187 -0.4747
vn -0.8419 0.3882 -0.3748
vn -0.8225 0.4311 -0.3710
vn -0.8066 0.4253 -0.4106
vn -0.8235 0.3848 -0.4168
vn -0.8019 0.4718 -0.3665
vn -0.7871 0.4662 -0.4038
vn -0.7697 0.4593 -0.4434
vn -0.7883 0.4188 -0.4507
vn -0.8041 0.3807 -0.4567
vn -0.6164 -0.5665 0.5469
vn -0.6342 -0.5293 0.5636
vn -0.6546 -0.5439 0.5251
vn -0.6327 -0.5825 0.5102
vn -0.6477 -0.4980 0.5765
vn -0.6725 -0.5083 0.5379
vn -0.6952 -0.5172 0.4993
vn -0.6715 -0.5560 0.4899
vn -0.6454 -0.5951 0.4790
vn -0.6719 -0.4341 0.6000
vn -0.6835 -0.4001 0.6105
vn -0.7143 -0.4048 0.5709
vn -0.7016 -0.4402 0.5603
vn -0.6935 -0.3679 0.6195
vn -0.7251 -0.3709 0.5802
vn -0.7553 -0.3730 0.5389
vn -0.7424 -0.4092 0.5305
vn -0.7282 -0.4450 0.5212
vn -0.7131 -0.2946 0.6361
vn -0.7218 -0.2551 0.6433
vn -0.7565 -0.2564 0.6017
vn -0.7475 -0.2962 0.5946
vn -0.7291 -0.2167 0.6492
vn -0.7641 -0.2174 0.6074
vn -0.7972 -0.2174 0.5632
vn -0.7885 -0.2576 0.5585
vn -0.7786 -0.2970 0.5528
vn -0.7406 -0.1334 0.6586
vn -0.7444 -0.0894 0.6617
vn -0.7809 -0.0895 0.6183
vn -0.7770 -0.1336 0.6151
vn -0.7467 -0.0457 0.6636
vn -0.7834 -0.0457 0.6198
vn -0.8175 -0.0456 0.5741
vn -0.8148 -0.0897 0.5728
vn -0.8104 -0.1335 0.5704
vn -0.7467 0.0457 0.6636
vn -0.7444 0.0894 0.6617
vn -0.7809 0.0895 0.6183
vn -0.7834 0.0457 0.6198
vn -0.7406 0.1334 0.6586
vn -0.7770 0.1336 0.6151
vn -0.8104 0.1335 0.5704
vn -0.8148 0.0897 0.5728
vn -0.8175 0.0456 0.5741
vn -0.7291 0.2167 0.6492
vn -0.7218 0.2551 0.6433
vn -0.7565 0.2564 0.6017
vn -0.7641 0.2174 0.6074
vn -0.7131 0.2946 0.6361
vn -0.7475 0.2962 0.5946
vn -0.7786 0.2970 0.5528
vn -0.7885 0.2576 0.5585
vn -0.7972 0.2174 0.5632
vn -0.6935 0.3679 0.6195
vn -0.6835 0.4001 0.6105
vn -0.7143 0.4048 0.5709
vn -0.7251 0.3709 0.5802
vn -0.6719 0.4341 0.6000
vn -0.7016 0.4402 0.5603
vn -0.7282 0.4450 0.5212
vn -0.7424 0.4092 0.5305
vn -0.7553 0.3730 0.5389
vn -0.6477 0.4980 0.5765
vn -0.6342 0.5293 0.5636
vn -0.6546 0.5439 0.5251
vn -0.6725 0.5083 0.5379
vn -0.6165 0.5665 0.5469
vn -0.6327 0.5825 0.5102
vn -0.6453 0.5951 0.4790
vn -0.6715 0.5560 0.4899
vn -0.6952 0.5172 0.4992
vn -0.7259 0.5382 0.4282
vn -0.6982 0.5777 0.4229
vn -0.7099 0.5876 0.3883
vn -0.7390 0.5471 0.3931
vn -0.6674 0.6174 0.4163
vn -0.6779 0.6272 0.3834
vn -0.6870 0.6358 0.3518
vn -0.7199 0.5962 0.3554
vn -0.7509 0.5550 0.3580
vn -0.7723 0.5680 0.2844
vn -0.7400 0.6100 0.2832
vn -0.7484 0.6165 0.2448
vn -0.7814 0.5733 0.2463
vn -0.7048 0.6513 0.2811
vn -0.7126 0.6579 0.2434
vn -0.7192 0.6635 0.2063
vn -0.7553 0.6217 0.2074
vn -0.7893 0.5777 0.2078
vn -0.8014 0.5843 0.1274
vn -0.7670 0.6289 0.1273
vn -0.7705 0.6317 0.0853
vn -0.8054 0.5866 0.0856
vn -0.7295 0.6721 0.1268
vn -0.7329 0.6750 0.0850
vn -0.7350 0.6766 0.0434
vn -0.7728 0.6332 0.0435
vn -0.8079 0.5877 0.0435
vn -0.8079 0.5877 -0.0435
vn -0.7728 0.6332 -0.0435
vn -0.7705 0.6317 -0.0853
vn -0.8054 0.5866 -0.0856
vn -0.7350 0.6766 -0.0434
vn -0.7329 0.6750 -0.0850
vn -0.7295 0.6721 -0.1269
vn -0.7670 0.6289 -0.1273
vn -0.8014 0.5843 -0.1274
vn -0.7893 0.5777 -0.2078
vn -0.7553 0.6217 -0.2074
vn -0.7484 0.6165 -0.2448
vn -0.7814 0.5733 -0.2463
vn -0.7192 0.6635 -0.2063
vn -0.7126 0.6579 -0.2434
vn -0.7048 0.6513 -0.2811
vn -0.7400 0.6100 -0.2832
vn -0.7723 0.5680 -0.2844
vn -0.7509 0.5550 -0.3580
vn -0.7199 0.5962 -0.3554
vn -0.7099 0.5876 -0.3883
vn -0.7390 0.5471 -0.3931
vn -0.6870 0.6358 -0.3518
vn -0.6779 0.6272 -0.3834
vn -0.6674 0.6174 -0.4163
vn -0.6982 0.5777 -0.4229
vn -0.7259 0.5382 -0.4282
vn -0.6952 0.5172 -0.4992
vn -0.6715 0.5560 -0.4899
vn -0.6546 0.5439 -0.5251
vn -0.6725 0.5083 -0.5379
vn -0.6454 0.5951 -0.4790
vn -0.6327 0.5825 -0.5102
vn -0.6165 0.5665 -0.5469
vn -0.6342 0.5293 -0.5636
vn -0.6477 0.4980 -0.5765
vn -0.7553 0.3730 -0.5389
vn -0.7424 0.4092 -0.5305
vn -0.7143 0.4048 -0.5709
vn -0.7251 0.3709 -0.5802
vn -0.7282 0.4450 -0.5212
vn -0.7016 0.4402 -0.5603
vn -0.6719 0.4341 -0.6000
vn -0.6835 0.4001 -0.6105
vn -0.6935 0.3679 -0.6195
vn -0.7972 0.2174 -0.5632
vn -0.7885 0.2576 -0.5585
vn -0.7565 0.2564 -0.6017
vn -0.7641 0.2174 -0.6074
vn -0.7786 0.2970 -0.5528
vn -0.7475 0.2962 -0.5946
vn -0.7131 0.2946 -0.6361
vn -0.7218 0.2551 -0.6433
vn -0.7291 0.2167 -0.6492
vn -0.8175 0.0456 -0.5741
vn -0.8148 0.0897 -0.5728
vn -0.7809 0.0895 -0.6183
vn -0.7834 0.0457 -0.6198
vn -0.8104 0.1335 -0.5704
vn -0.7770 0.1336 -0.6151
vn -0.7406 0.1334 -0.6586
vn -0.7444 0.0894 -0.6617
vn -0.7467 0.0457 -0.6636
vn -0.8104 -0.1335 -0.5704
vn -0.8148 -0.0897 -0.5728
vn -0.7809 -0.0895 -0.6183
vn -0.7770 -0.1336 -0.6151
vn -0.8175 -0.0456 -0.5741
vn -0.7834 -0.0457 -0.6198
vn -0.7467 -0.0457 -0.6636
vn -0.7444 -0.0894 -0.6617
vn -0.7406 -0.1334 -0.6586
vn -0.7786 -0.2970 -0.5528
vn -0.7885 -0.2576 -0.5585
vn -0.7565 -0.2564 -0.6017
vn -0.7475 -0.2962 -0.5946
vn -0.7972 -0.2174 -0.5632
vn -0.7641 -0.2174 -0.6074
vn -0.7291 -0.2167 -0.6492
vn -0.7218 -0.2551 -0.6433
vn -0.7131 -0.2946 -0.6361
vn -0.7282 -0.4450 -0.5212
vn -0.7424 -0.4092 -0.5305
vn -0.7143 -0.4048 -0.5709
vn -0.7016 -0.4402 -0.5603
vn -0.7553 -0.3730 -0.5389
vn -0.7251 -0.3709 -0.5802
vn -0.6935 -0.3679 -0.6195
vn -0.6835 -0.4001 -0.6105
vn -0.6719 -0.4341 -0.6000
vn -0.6454 -0.5951 -0.4790
vn -0.6715 -0.5560 -0.4899
vn -0.6546 -0.5439 -0.5251
vn -0.6327 -0.5825 -0.5102
vn -0.6952 -0.5172 -0.4992
vn -0.6725 -0.5083 -0.5379
vn -0.6477 -0.4980 -0.5765
vn -0.6342 -0.5293 -0.5636
vn -0.6165 -0.5665 -0.5469
vn -0.6870 -0.6358 -0.3518
vn -0.7199 -0.5962 -0.3554
vn -0.7099 -0.5876 -0.3883
vn -0.6779 -0.6272 -0.3834
vn -0.7509 -0.5550 -0.3580
vn -0.7390 -0.5471 -0.3931
vn -0.7259 -0.5382 -0.4282
vn -0.6982 -0.5777 -0.4229
vn -0.6674 -0.6174 -0.4163
vn -0.7192 -0.6635 -0.2063
vn -0.7553 -0.6217 -0.2074
vn -0.7484 -0.6165 -0.2448
vn -0.7126 -0.6579 -0.2434
vn -0.7893 -0.5777 -0.2078
vn -0.7814 -0.5733 -0.2463
vn -0.7723 -0.5680 -0.2844
vn -0.7400 -0.6100 -0.2832
vn -0.7048 -0.6513 -0.2811
vn -0.7350 -0.6766 -0.0434
vn -0.7728 -0.6332 -0.0435
vn -0.7705 -0.6317 -0.0853
vn -0.7329 -0.6750 -0.0850
vn -0.8079 -0.5877 -0.0435
vn -0.8054 -0.5866 -0.0856
vn -0.8014 -0.5843 -0.1274
vn -0.7670 -0.6289 -0.1273
vn -0.7295 -0.6721 -0.1268
vn -0.7295 -0.6721 0.1269
vn -0.7670 -0.6289 0.1273
vn -0.7705 -0.6317 0.0853
vn -0.7329 -0.6750 0.0850
vn -0.8014 -0.5843 0.1274
vn -0.8054 -0.5866 0.0856
vn -0.8079 -0.5877 0.0435
vn -0.7728 -0.6332 0.0435
vn -0.7350 -0.6766 0.0434
vn -0.7048 -0.6513 0.2811
vn -0.7400 -0.6100 0.2832
vn -0.7484 -0.6165 0.2448
vn -0.7126 -0.6579 0.2434
vn -0.7723 -0.5680 0.2844
vn -0.7814 -0.5733 0.2463
vn -0.7893 -0.5777 0.2078
vn -0.7553 -0.6217 0.2074
vn -0.7192 -0.6635 0.2063
vn -0.6674 -0.6174 0.4163
vn -0.6982 -0.5777 0.4229
vn -0.7099 -0.5876 0.3883
vn -0.6779 -0.6272 0.3834
vn -0.7259 -0.5382 0.4282
vn -0.7390 -0.5471 0.3931
vn -0.7509 -0.5550 0.3580
vn -0.7199 -0.5962 0.3554
vn -0.6870 -0.6358 0.3518
vn -0.4371 -0.7861 -0.4371
vn -0.3973 -0.8035 -0.4434
vn -0.4036 -0.8211 -0.4036
vn -0.4434 -0.8035 -0.3973
vn -0.3608 -0.8178 -0.4483
vn -0.3643 -0.8366 -0.4092
vn -0.3672 -0.8546 -0.3672
vn -0.4092 -0.8366 -0.3643
vn -0.4483 -0.8178 -0.3608
vn -0.2840 -0.8429 -0.4570
vn -0.2438 -0.8535 -0.4606
vn -0.2460 -0.8746 -0.4179
vn -0.2859 -0.8645 -0.4135
vn -0.2060 -0.8619 -0.4633
vn -0.2066 -0.8832 -0.4210
vn -0.2067 -0.9032 -0.3761
vn -0.2479 -0.8934 -0.3746
vn -0.2870 -0.8826 -0.3724
vn -0.1256 -0.8751 -0.4673
vn -0.0836 -0.8794 -0.4687
vn -0.0840 -0.9016 -0.4244
vn -0.1256 -0.8977 -0.4224
vn -0.0426 -0.8820 -0.4693
vn -0.0425 -0.9043 -0.4248
vn -0.0423 -0.9243 -0.3793
vn -0.0842 -0.9215 -0.3792
vn -0.1252 -0.9172 -0.3784
vn 0.0426 -0.8820 -0.4693
vn 0.0836 -0.8794 -0.4687
vn 0.0840 -0.9016 -0.4244
vn 0.0425 -0.9043 -0.4248
vn 0.1256 -0.8751 -0.4673
vn 0.1256 -0.8977 -0.4224
vn 0.1252 -0.9172 -0.3784
vn 0.0842 -0.9215 -0.3792
vn 0.0423 -0.9243 -0.3793
vn 0.2060 -0.8619 -0.4633
vn 0.2438 -0.8535 -0.4606
vn 0.2460 -0.8746 -0.4179
vn 0.2066 -0.8832 -0.4210
vn 0.2840 -0.8429 -0.4570
vn 0.2859 -0.8645 -0.4135
vn 0.2870 -0.8826 -0.3724
vn 0.2479 -0.8934 -0.3746
vn 0.2067 -0.9032 -0.3761
vn 0.3608 -0.8178 -0.4483
vn 0.3973 -0.8035 -0.4434
vn 0.4036 -0.8211 -0.4036
vn 0.3643 -0.8366 -0.4092
vn 0.4371 -0.7861 -0.4371
vn 0.4434 -0.8035 -0.3973
vn 0.4483 -0.8178 -0.3608
vn 0.4092 -0.8366 -0.3643
vn 0.3672 -0.8546 -0.3672
vn -0.4570 -0.8429 -0.2840
vn -0.4135 -0.8645 -0.2859
vn -0.4179 -0.8746 -0.2460
vn -0.4606 -0.8535 -0.2438
vn -0.3724 -0.8826 -0.2870
vn -0.3746 -0.8934 -0.2479
vn -0.3761 -0.9032 -0.2067
vn -0.4210 -0.8832 -0.2066
vn -0.4633 -0.8619 -0.2060
vn -0.2894 -0.9124 -0.2894
vn -0.2471 -0.9244 -0.2904
vn -0.2489 -0.9360 -0.2489
vn -0.2904 -0.9244 -0.2471
vn -0.2071 -0.9341 -0.2909
vn -0.2073 -0.9458 -0.2499
vn -0.2071 -0.9561 -0.2071
vn -0.2499 -0.9458 -0.2073
vn -0.2909 -0.9341 -0.2071
vn -0.1248 -0.9484 -0.2916
vn -0.0828 -0.9528 -0.2920
vn -0.0832 -0.9648 -0.2497
vn -0.1246 -0.9605 -0.2486
vn -0.0419 -0.9556 -0.2918
vn -0.0417 -0.9675 -0.2495
vn -0.0415 -0.9775 -0.2066
vn -0.0832 -0.9748 -0.2069
vn -0.1242 -0.9705 -0.2069
vn 0.0419 -0.9556 -0.2918
vn 0.0828 -0.9528 -0.2920
vn 0.0832 -0.9648 -0.2497
vn 0.0417 -0.9675 -0.2495
vn 0.1248 -0.9484 -0.2916
vn 0.1246 -0.9605 -0.2486
vn 0.1242 -0.9705 -0.2069
vn 0.0832 -0.9748 -0.2069
vn 0.0415 -0.9775 -0.2066
vn 0.2071 -0.9341 -0.2909
vn 0.2471 -0.9244 -0.2904
vn 0.2489 -0.9360 -0.2489
vn 0.2073 -0.9458 -0.2499
vn 0.2894 -0.9124 -0.2894
vn 0.2904 -0.9245 -0.2471
vn 0.2909 -0.9341 -0.2071
vn 0.2499 -0.9458 -0.2073
vn 0.2071 -0.9561 -0.2071
vn 0.3724 -0.8826 -0.2870
vn 0.4135 -0.8645 -0.2859
vn 0.4179 -0.8746 -0.2460
vn 0.3746 -0.8934 -0.2479
vn 0.4570 -0.8429 -0.2840
vn 0.4606 -0.8535 -0.2438
vn 0.4633 -0.8619 -0.2060
vn 0.4210 -0.8832 -0.2066
vn 0.3761 -0.9032 -0.2067
vn -0.4673 -0.8751 -0.1256
vn -0.4224 -0.8977 -0.1256
vn -0.4244 -0.9016 -0.0840
vn -0.4687 -0.8794 -0.0836
vn -0.3784 -0.9172 -0.1252
vn -0.3792 -0.9215 -0.0842
vn -0.3793 -0.9243 -0.0423
vn -0.4248 -0.9043 -0.0425
vn -0.4693 -0.8820 -0.0426
vn -0.2916 -0.9484 -0.1248
vn -0.2486 -0.9605 -0.1246
vn -0.2497 -0.9648 -0.0832
vn -0.2920 -0.9528 -0.0828
vn -0.2069 -0.9705 -0.1242
vn -0.2069 -0.9748 -0.0832
vn -0.2066 -0.9775 -0.0415
vn -0.2495 -0.9675 -0.0417
vn -0.2918 -0.9556 -0.0419
vn -0.1236 -0.9846 -0.1236
vn -0.0821 -0.9889 -0.1235
vn -0.0824 -0.9932 -0.0824
vn -0.1235 -0.9889 -0.0821
vn -0.0412 -0.9915 -0.1232
vn -0.0411 -0.9958 -0.0822
vn -0.0410 -0.9983 -0.0410
vn -0.0822 -0.9958 -0.0411
vn -0.1232 -0.9915 -0.0412
vn 0.0412 -0.9915 -0.1232
vn 0.0821 -0.9889 -0.1235
vn 0.0824 -0.9932 -0.0824
vn 0.0411 -0.9958 -0.0822
vn 0.1236 -0.9846 -0.1236
vn 0.1235 -0.9889 -0.0821
vn 0.1232 -0.9915 -0.0412
vn 0.0822 -0.9958 -0.0411
vn 0.0410 -0.9983 -0.0410
vn 0.2069 -0.9705 -0.1242
vn 0.2486 -0.9605 -0.1246
vn 0.2497 -0.9648 -0.0832
vn 0.2069 -0.9748 -0.0832
vn 0.2916 -0.9484 -0.1248
vn 0.2920 -0.9528 -0.0828
vn 0.2918 -0.9556 -0.0419
vn 0.2495 -0.9675 -0.0417
vn 0.2066 -0.9775 -0.0415
vn 0.3784 -0.9172 -0.1252
vn 0.4224 -0.8977 -0.1256
vn 0.4244 -0.9016 -0.0840
vn 0.3792 -0.9215 -0.0842
vn 0.4673 -0.8751 -0.1256
vn 0.4687 -0.8794 -0.0836
vn 0.4693 -0.8820 -0.0426
vn 0.4248 -0.9043 -0.0425
vn 0.3793 -0.9243 -0.0423
vn -0.4693 -0.8820 0.0426
vn -0.4248 -0.9043 0.0425
vn -0.4244 -0.9016 0.0840
vn -0.4687 -0.8794 0.0836
vn -0.3793 -0.9243 0.0423
vn -0.3792 -0.9215 0.0842
vn -0.3784 -0.9172 0.1252
vn -0.4224 -0.8977 0.1256
vn -0.4673 -0.8751 0.1256
vn -0.2918 -0.9556 0.0419
vn -0.2495 -0.9675 0.0417
vn -0.2497 -0.9648 0.0832
vn -0.2920 -0.9528 0.0828
vn -0.2066 -0.9775 0.0415
vn -0.2069 -0.9748 0.0832
vn -0.2069 -0.9705 0.1242
vn -0.2486 -0.9605 0.1246
vn -0.2916 -0.9484 0.1248
vn -0.1232 -0.9915 0.0412
vn -0.0822 -0.9958 0.0411
vn -0.0824 -0.9932 0.0824
vn -0.1235 -0.9889 0.0821
vn -0.0410 -0.9983 0.0410
vn -0.0411 -0.9958 0.0822
vn -0.0412 -0.9915 0.1232
vn -0.0821 -0.9889 0.1235
vn -0.1236 -0.9846 0.1236
vn 0.0410 -0.9983 0.0410
vn 0.0822 -0.9958 0.0411
vn 0.0824 -0.9932 0.0824
vn 0.0411 -0.9958 0.0822
vn 0.1232 -0.9915 0.0412
vn 0.1235 -0.9889 0.0821
vn 0.1236 -0.9846 0.1236
vn 0.0821 -0.9889 0.1235
vn 0.0412 -0.9915 0.1232
vn 0.2066 -0.9775 0.0415
vn 0.2495 -0.9675 0.0417
vn 0.2497 -0.9648 0.0832
vn 0.2069 -0.9748 0.0832
vn 0.2918 -0.9556 0.0419
vn 0.2920 -0.9528 0.0828
vn 0.2916 -0.9484 0.1248
vn 0.2486 -0.9605 0.1246
vn 0.2069 -0.9705 0.1242
vn 0.3793 -0.9243 0.0423
vn 0.4248 -0.9043 0.0425
vn 0.4244 -0.9016 0.0840
vn 0.3792 -0.9215 0.0842
vn 0.4693 -0.8820 0.0426
vn 0.4687 -0.8794 0.0836
vn 0.4673 -0.8751 0.1256
vn 0.4224 -0.8977 0.1256
vn 0.3784 -0.9171 0.1252
vn -0.4633 -0.8619 0.2060
vn -0.4210 -0.8832 0.2066
vn -0.4179 -0.8746 0.2460
vn -0.4606 -0.8535 0.2438
vn -0.3761 -0.9032 0.2067
vn -0.3746 -0.8934 0.2479
vn -0.3724 -0.8826 0.2870
vn -0.4135 -0.8645 0.2859
vn -0.4570 -0.8429 0.2840
vn -0.2909 -0.9341 0.2071
vn -0.2499 -0.9458 0.2073
vn -0.2489 -0.9360 0.2489
vn -0.2904 -0.9244 0.2471
vn -0.2071 -0.9561 0.2071
vn -0.2073 -0.9458 0.2499
vn -0.2071 -0.9341 0.2909
vn -0.2471 -0.9245 0.2904
vn -0.2894 -0.9124 0.2894
vn -0.1242 -0.9705 0.2069
vn -0.0832 -0.9748 0.2069
vn -0.0832 -0.9648 0.2497
vn -0.1246 -0.9605 0.2486
vn -0.0415 -0.9775 0.2066
vn -0.0417 -0.9675 0.2495
vn -0.0419 -0.9556 0.2918
vn -0.0828 -0.9528 0.2920
vn -0.1248 -0.9484 0.2916
vn 0.0415 -0.9775 0.2066
vn 0.0832 -0.9748 0.2069
vn 0.0832 -0.9648 0.2497
vn 0.0417 -0.9675 0.2495
vn 0.1242 -0.9705 0.2069
vn 0.1246 -0.9605 0.2486
vn 0.1248 -0.9484 0.2916
vn 0.0828 -0.9528 0.2920
vn 0.0419 -0.9556 0.2918
vn 0.2071 -0.9561 0.2071
vn 0.2499 -0.9458 0.2073
vn 0.2489 -0.9360 0.2489
vn 0.2073 -0.9458 0.2499
vn 0.2909 -0.9341 0.2071
vn 0.2904 -0.9244 0.2471
vn 0.2894 -0.9124 0.2894
vn 0.2471 -0.9245 0.2904
vn 0.2071 -0.9341 0.2909
vn 0.3761 -0.9032 0.2067
vn 0.4210 -0.8832 0.2066
vn 0.4179 -0.8746 0.2460
vn 0.3746 -0.8934 0.2479
vn 0.4633 -0.8619 0.2060
vn 0.4606 -0.8535 0.2438
vn 0.4570 -0.8429 0.2840
vn 0.4135 -0.8645 0.2859
vn 0.3724 -0.8826 0.2870
vn -0.4483 -0.8178 0.3608
vn -0.4092 -0.8366 0.3643
vn -0.4036 -0.8211 0.4036
vn -0.4434 -0.8035 0.3973
vn -0.3672 -0.8546 0.3672
vn -0.3643 -0.8366 0.4092
vn -0.3608 -0.8178 0.4483
vn -0.3973 -0.8035 0.4434
vn -0.4371 -0.7861 0.4371
vn -0.2870 -0.8826 0.3724
vn -0.2479 -0.8934 0.3746
vn -0.2460 -0.8746 0.4179
vn -0.2859 -0.8645 0.4135
vn -0.2067 -0.9032 0.3761
vn -0.2066 -0.8832 0.4210
vn -0.2060 -0.8619 0.4633
vn -0.2438 -0.8535 0.4606
vn -0.2840 -0.8429 0.4570
vn -0.1252 -0.9172 0.3784
vn -0.0842 -0.9215 0.3792
vn -0.0840 -0.9016 0.4244
vn -0.1256 -0.8977 0.4224
vn -0.0423 -0.9243 0.3793
vn -0.0425 -0.9043 0.4249
vn -0.0426 -0.8820 0.4693
vn -0.0836 -0.8794 0.4687
vn -0.1256 -0.8751 0.4673
vn 0.0423 -0.9243 0.3793
vn 0.0842 -0.9215 0.3792
vn 0.0840 -0.9016 0.4244
vn 0.0425 -0.9043 0.4249
vn 0.1252 -0.9172 0.3784
vn 0.1256 -0.8977 0.4224
vn 0.1256 -0.8751 0.4673
vn 0.0836 -0.8794 0.4687
vn 0.0426 -0.8820 0.4693
vn 0.2067 -0.9032 0.3761
vn 0.2479 -0.8934 0.3746
vn 0.2460 -0.8746 0.4179
vn 0.2066 -0.8832 0.4210
vn 0.2870 -0.8826 0.3724
vn 0.2859 -0.8645 0.4135
vn 0.2840 -0.8429 0.4570
vn 0.2438 -0.8535 0.4606
vn 0.2060 -0.8619 0.4633
vn 0.3672 -0.8546 0.3672
vn 0.4092 -0.8366 0.3643
vn 0.4036 -0.8211 0.4036
vn 0.3643 -0.8366 0.4092
vn 0.4483 -0.8178 0.3608
vn 0.4434 -0.8035 0.3973
vn 0.4371 -0.7861 0.4371
vn 0.3973 -0.8035 0.4434
vn 0.3608 -0.8178 0.4483
vn -0.5452 -0.6367 -0.5452
vn -0.5079 -0.6538 -0.5609
vn -0.5222 -0.6743 -0.5222
vn -0.5609 -0.6538 -0.5079
vn -0.4775 -0.6664 -0.5726
vn -0.4868 -0.6910 -0.5344
vn -0.4950 -0.7141 -0.4950
vn -0.5344 -0.6910 -0.4868
vn -0.5726 -0.6664 -0.4775
vn -0.4149 -0.6892 -0.5941
vn -0.3815 -0.7001 -0.6036
vn -0.3857 -0.7304 -0.5637
vn -0.4202 -0.7190 -0.5535
vn -0.3506 -0.7093 -0.6116
vn -0.3529 -0.7401 -0.5724
vn -0.3544 -0.7701 -0.5304
vn -0.3899 -0.7580 -0.5229
vn -0.4242 -0.7450 -0.5147
vn -0.2801 -0.7275 -0.6264
vn -0.2421 -0.7355 -0.6328
vn -0.2430 -0.7693 -0.5909
vn -0.2811 -0.7613 -0.5843
vn -0.2055 -0.7421 -0.6380
vn -0.2058 -0.7761 -0.5961
vn -0.2055 -0.8085 -0.5514
vn -0.2440 -0.8006 -0.5473
vn -0.2813 -0.7916 -0.5425
vn -0.1263 -0.7527 -0.6461
vn -0.0845 -0.7562 -0.6489
vn -0.0846 -0.7916 -0.6052
vn -0.1263 -0.7883 -0.6022
vn -0.0432 -0.7583 -0.6505
vn -0.0431 -0.7939 -0.6065
vn -0.0429 -0.8270 -0.5606
vn -0.0847 -0.8245 -0.5595
vn -0.1259 -0.8206 -0.5575
vn 0.0432 -0.7583 -0.6505
vn 0.0845 -0.7562 -0.6489
vn 0.0846 -0.7916 -0.6052
vn 0.0431 -0.7939 -0.6065
vn 0.1263 -0.7527 -0.6461
vn 0.1263 -0.7883 -0.6022
vn 0.1259 -0.8206 -0.5575
vn 0.0847 -0.8245 -0.5595
vn 0.0429 -0.8270 -0.5606
vn 0.2055 -0.7421 -0.6380
vn 0.2421 -0.7355 -0.6328
vn 0.2430 -0.7693 -0.5909
vn 0.2058 -0.7761 -0.5961
vn 0.2801 -0.7275 -0.6264
vn 0.2811 -0.7613 -0.5843
vn 0.2813 -0.7916 -0.5425
vn 0.2440 -0.8006 -0.5473
vn 0.2055 -0.8085 -0.5514
vn 0.3506 -0.7093 -0.6116
vn 0.3815 -0.7001 -0.6036
vn 0.3857 -0.7304 -0.5637
vn 0.3529 -0.7401 -0.5724
vn 0.4149 -0.6892 -0.5941
vn 0.4202 -0.7190 -0.5535
vn 0.4242 -0.7450 -0.5147
vn 0.3899 -0.7580 -0.5229
vn 0.3544 -0.7701 -0.5304
vn 0.4775 -0.6664 -0.5726
vn 0.5079 -0.6538 -0.5609
vn 0.5222 -0.6743 -0.5222
vn 0.4868 -0.6910 -0.5344
vn 0.5452 -0.6367 -0.5452
vn 0.5609 -0.6538 -0.5079
vn 0.5726 -0.6664 -0.4775
vn 0.5344 -0.6910 -0.4868
vn 0.4950 -0.7141 -0.4950
vn 0.5147 -0.7451 -0.4242
vn 0.5535 -0.7190 -0.4202
vn 0.5637 -0.7304 -0.3857
vn 0.5229 -0.7580 -0.3899
vn 0.5941 -0.6891 -0.4149
vn 0.6036 -0.7001 -0.3815
vn 0.6116 -0.7093 -0.3506
vn 0.5724 -0.7401 -0.3529
vn 0.5304 -0.7701 -0.3544
vn 0.5425 -0.7916 -0.2813
vn 0.5843 -0.7613 -0.2811
vn 0.5909 -0.7693 -0.2430
vn 0.5473 -0.8006 -0.2440
vn 0.6264 -0.7275 -0.2801
vn 0.6328 -0.7355 -0.2421
vn 0.6380 -0.7421 -0.2055
vn 0.5961 -0.7761 -0.2058
vn 0.5514 -0.8085 -0.2055
vn 0.5575 -0.8206 -0.1259
vn 0.6022 -0.7883 -0.1263
vn 0.6052 -0.7916 -0.0846
vn 0.5595 -0.8245 -0.0847
vn 0.6461 -0.7527 -0.1263
vn 0.6489 -0.7562 -0.0845
vn 0.6505 -0.7583 -0.0432
vn 0.6065 -0.7939 -0.0431
vn 0.5606 -0.8270 -0.0429
vn 0.5606 -0.8270 0.0429
vn 0.6065 -0.7939 0.0431
vn 0.6052 -0.7916 0.0846
vn 0.5595 -0.8245 0.0847
vn 0.6505 -0.7583 0.0432
vn 0.6489 -0.7562 0.0845
vn 0.6461 -0.7527 0.1263
vn 0.6022 -0.7883 0.1263
vn 0.5575 -0.8206 0.1259
vn 0.5514 -0.8085 0.2055
vn 0.5961 -0.7761 0.2058
vn 0.5909 -0.7693 0.2430
vn 0.5473 -0.8006 0.2440
vn 0.6380 -0.7421 0.2055
vn 0.6328 -0.7355 0.2421
vn 0.6264 -0.7275 0.2801
vn 0.5843 -0.7613 0.2811
vn 0.5425 -0.7916 0.2813
vn 0.5304 -0.7701 0.3544
vn 0.5724 -0.7401 0.3529
vn 0.5637 -0.7304 0.3857
vn 0.5229 -0.7580 0.3899
vn 0.6116 -0.7093 0.3506
vn 0.6036 -0.7001 0.3815
vn 0.5941 -0.6892 0.4149
vn 0.5535 -0.7190 0.4202
vn 0.5147 -0.7451 0.4242
vn 0.4950 -0.7141 0.4950
vn 0.5344 -0.6910 0.4868
vn 0.5221 -0.6743 0.5222
vn 0.4868 -0.6910 0.5344
vn 0.5726 -0.6664 0.4775
vn 0.5609 -0.6538 0.5079
vn 0.5453 -0.6367 0.5452
vn 0.5079 -0.6538 0.5609
vn 0.4775 -0.6664 0.5726
vn 0.3544 -0.7701 0.5304
vn 0.3899 -0.7580 0.5229
vn 0.3857 -0.7304 0.5637
vn 0.3529 -0.7401 0.5724
vn 0.4242 -0.7450 0.5147
vn 0.4202 -0.7190 0.5535
vn 0.4149 -0.6892 0.5941
vn 0.3815 -0.7001 0.6036
vn 0.3506 -0.7093 0.6116
vn 0.2055 -0.8085 0.5514
vn 0.2440 -0.8006 0.5473
vn 0.2430 -0.7693 0.5909
vn 0.2058 -0.7761 0.5961
vn 0.2813 -0.7916 0.5425
vn 0.2811 -0.7613 0.5843
vn 0.2801 -0.7275 0.6264
vn 0.2421 -0.7355 0.6328
vn 0.2055 -0.7421 0.6380
vn 0.0429 -0.8270 0.5606
vn 0.0847 -0.8245 0.5595
vn 0.0846 -0.7916 0.6052
vn 0.0431 -0.7939 0.6065
vn 0.1259 -0.8206 0.5575
vn 0.1263 -0.7883 0.6022
vn 0.1263 -0.7527 0.6461
vn 0.0845 -0.7562 0.6489
vn 0.0432 -0.7583 0.6505
vn -0.1259 -0.8206 0.5575
vn -0.0847 -0.8245 0.5595
vn -0.0846 -0.7916 0.6052
vn -0.1263 -0.7883 0.6022
vn -0.0429 -0.8270 0.5606
vn -0.0431 -0.7939 0.6065
vn -0.0432 -0.7583 0.6505
vn -0.0845 -0.7562 0.6489
vn -0.1263 -0.7527 0.6461
vn -0.2813 -0.7916 0.5425
vn -0.2440 -0.8006 0.5473
vn -0.2430 -0.7693 0.5909
vn -0.2811 -0.7613 0.5843
vn -0.2055 -0.8085 0.5514
vn -0.2058 -0.7761 0.5961
vn -0.2055 -0.7421 0.6380
vn -0.2421 -0.7355 0.6328
vn -0.2801 -0.7275 0.6264
vn -0.4242 -0.7450 0.5147
vn -0.3899 -0.7580 0.5229
vn -0.3857 -0.7304 0.5637
vn -0.4202 -0.7190 0.5535
vn -0.3544 -0.7701 0.5304
vn -0.3529 -0.7401 0.5724
vn -0.3506 -0.7093 0.6116
vn -0.3815 -0.7001 0.6036
vn -0.4149 -0.6892 0.5941
vn -0.5726 -0.6664 0.4775
vn -0.5344 -0.6910 0.4868
vn -0.5222 -0.6743 0.5222
vn -0.5609 -0.6538 0.5079
vn -0.4950 -0.7141 0.4950
vn -0.4868 -0.6910 0.5344
vn -0.4775 -0.6664 0.5726
vn -0.5079 -0.6538 0.5609
vn -0.5452 -0.6367 0.5452
vn -0.6116 -0.7093 0.3506
vn -0.5724 -0.7401 0.3529
vn -0.5637 -0.7304 0.3857
vn -0.6036 -0.7001 0.3815
vn -0.5304 -0.7701 0.3544
vn -0.5229 -0.7580 0.3899
vn -0.5147 -0.7451 0.4242
vn -0.5535 -0.7190 0.4202
vn -0.5941 -0.6892 0.4149
vn -0.6380 -0.7421 0.2055
vn -0.5961 -0.7761 0.2058
vn -0.5909 -0.7693 0.2430
vn -0.6328 -0.7355 0.2421
vn -0.5514 -0.8085 0.2055
vn -0.5473 -0.8006 0.2440
vn -0.5425 -0.7916 0.2813
vn -0.5843 -0.7613 0.2811
vn -0.6264 -0.7275 0.2801
vn -0.6505 -0.7583 0.0432
vn -0.6065 -0.7939 0.0431
vn -0.6052 -0.7916 0.0846
vn -0.6489 -0.7562 0.0845
vn -0.5606 -0.8270 0.0429
vn -0.5595 -0.8245 0.0847
vn -0.5575 -0.8206 0.1259
vn -0.6022 -0.7883 0.1263
vn -0.6461 -0.7527 0.1263
vn -0.6461 -0.7527 -0.1263
vn -0.6022 -0.7883 -0.1263
vn -0.6052 -0.7916 -0.0846
vn -0.6489 -0.7562 -0.0845
vn -0.5575 -0.8206 -0.1259
vn -0.5595 -0.8245 -0.0847
vn -0.5606 -0.8270 -0.0429
vn -0.6065 -0.7939 -0.0431
vn -0.6505 -0.7583 -0.0432
vn -0.6264 -0.7275 -0.2801
vn -0.5843 -0.7613 -0.2811
vn -0.5909 -0.7693 -0.2430
vn -0.6328 -0.7355 -0.2421
vn -0.5425 -0.7916 -0.2813
vn -0.5473 -0.8006 -0.2440
vn -0.5514 -0.8085 -0.2055
vn -0.5961 -0.7761 -0.2058
vn -0.6380 -0.7421 -0.2055
vn -0.5941 -0.6892 -0.4149
vn -0.5535 -0.7190 -0.4202
vn -0.5637 -0.7304 -0.3857
vn -0.6036 -0.7001 -0.3815
vn -0.5147 -0.7450 -0.4242
vn -0.5229 -0.7580 -0.3899
vn -0.5304 -0.7701 -0.3544
vn -0.5724 -0.7401 -0.3529
vn -0.6116 -0.7093 -0.3506
vn 0.7697 -0.4593 -0.4434
vn 0.7883 -0.4188 -0.4507
vn 0.8066 -0.4253 -0.4106
vn 0.7871 -0.4662 -0.4038
vn 0.8041 -0.3807 -0.4567
vn 0.8235 -0.3848 -0.4168
vn 0.8419 -0.3882 -0.3748
vn 0.8225 -0.4311 -0.3710
vn 0.8019 -0.4718 -0.3665
vn 0.8315 -0.3007 -0.4671
vn 0.8431 -0.2587 -0.4714
vn 0.8652 -0.2611 -0.4281
vn 0.8538 -0.3030 -0.4234
vn 0.8526 -0.2187 -0.4747
vn 0.8749 -0.2196 -0.4317
vn 0.8957 -0.2200 -0.3864
vn 0.8849 -0.2631 -0.3843
vn 0.8727 -0.3045 -0.3815
vn 0.8672 -0.1335 -0.4797
vn 0.8719 -0.0890 -0.4814
vn 0.8952 -0.0894 -0.4365
vn 0.8908 -0.1337 -0.4343
vn 0.8749 -0.0454 -0.4822
vn 0.8983 -0.0453 -0.4371
vn 0.9193 -0.0451 -0.3909
vn 0.9162 -0.0897 -0.3905
vn 0.9113 -0.1335 -0.3895
vn 0.8749 0.0454 -0.4822
vn 0.8719 0.0890 -0.4814
vn 0.8952 0.0894 -0.4365
vn 0.8983 0.0453 -0.4371
vn 0.8672 0.1335 -0.4797
vn 0.8908 0.1337 -0.4343
vn 0.9113 0.1335 -0.3895
vn 0.9162 0.0897 -0.3905
vn 0.9193 0.0451 -0.3909
vn 0.8526 0.2187 -0.4747
vn 0.8431 0.2587 -0.4714
vn 0.8652 0.2611 -0.4281
vn 0.8749 0.2196 -0.4317
vn 0.8315 0.3007 -0.4671
vn 0.8538 0.3030 -0.4234
vn 0.8727 0.3045 -0.3815
vn 0.8849 0.2631 -0.3843
vn 0.8957 0.2200 -0.3864
vn 0.8041 0.3807 -0.4567
vn 0.7883 0.4188 -0.4507
vn 0.8066 0.4253 -0.4106
vn 0.8235 0.3848 -0.4168
vn 0.7697 0.4593 -0.4434
vn 0.7871 0.4662 -0.4038
vn 0.8019 0.4718 -0.3665
vn 0.8225 0.4311 -0.3710
vn 0.8419 0.3882 -0.3748
vn 0.8275 -0.4815 -0.2889
vn 0.8509 -0.4371 -0.2915
vn 0.8615 -0.4415 -0.2510
vn 0.8382 -0.4855 -0.2484
vn 0.8709 -0.3944 -0.2933
vn 0.8822 -0.3969 -0.2533
vn 0.8923 -0.3988 -0.2115
vn 0.8705 -0.4448 -0.2109
vn 0.8470 -0.4885 -0.2097
vn 0.9040 -0.3077 -0.2970
vn 0.9174 -0.2633 -0.2986
vn 0.9296 -0.2652 -0.2560
vn 0.9165 -0.3090 -0.2540
vn 0.9282 -0.2209 -0.2994
vn 0.9407 -0.2213 -0.2573
vn 0.9516 -0.2212 -0.2135
vn 0.9400 -0.2663 -0.2134
vn 0.9267 -0.3097 -0.2129
vn 0.9443 -0.1333 -0.3008
vn 0.9494 -0.0886 -0.3014
vn 0.9621 -0.0890 -0.2579
vn 0.9572 -0.1333 -0.2568
vn 0.9525 -0.0448 -0.3013
vn 0.9652 -0.0447 -0.2578
vn 0.9759 -0.0445 -0.2137
vn 0.9728 -0.0890 -0.2139
vn 0.9678 -0.1329 -0.2137
vn 0.9525 0.0448 -0.3013
vn 0.9494 0.0886 -0.3014
vn 0.9621 0.0890 -0.2579
vn 0.9652 0.0447 -0.2578
vn 0.9443 0.1333 -0.3008
vn 0.9572 0.1333 -0.2568
vn 0.9678 0.1329 -0.2137
vn 0.9728 0.0890 -0.2139
vn 0.9759 0.0445 -0.2137
vn 0.9282 0.2209 -0.2994
vn 0.9174 0.2633 -0.2986
vn 0.9296 0.2652 -0.2560
vn 0.9407 0.2213 -0.2573
vn 0.9040 0.3077 -0.2970
vn 0.9165 0.3090 -0.2540
vn 0.9267 0.3097 -0.2129
vn 0.9400 0.2663 -0.2134
vn 0.9516 0.2212 -0.2135
vn 0.8709 0.3944 -0.2933
vn 0.8509 0.4371 -0.2915
vn 0.8615 0.4415 -0.2510
vn 0.8822 0.3969 -0.2533
vn 0.8275 0.4815 -0.2889
vn 0.8382 0.4855 -0.2484
vn 0.8470 0.4885 -0.2097
vn 0.8705 0.4448 -0.2109
vn 0.8923 0.3988 -0.2115
vn 0.8605 -0.4931 -0.1279
vn 0.8853 -0.4471 -0.1283
vn 0.8894 -0.4491 -0.0858
vn 0.8649 -0.4947 -0.0853
vn 0.9068 -0.4015 -0.1283
vn 0.9114 -0.4024 -0.0861
vn 0.9143 -0.4027 -0.0433
vn 0.8922 -0.4496 -0.0434
vn 0.8676 -0.4954 -0.0434
vn 0.9418 -0.3108 -0.1284
vn 0.9555 -0.2655 -0.1284
vn 0.9600 -0.2665 -0.0857
vn 0.9465 -0.3112 -0.0853
vn 0.9668 -0.2212 -0.1282
vn 0.9714 -0.2213 -0.0858
vn 0.9743 -0.2210 -0.0428
vn 0.9629 -0.2663 -0.0430
vn 0.9494 -0.3111 -0.0431
vn 0.9829 -0.1324 -0.1278
vn 0.9879 -0.0880 -0.1278
vn 0.9924 -0.0883 -0.0853
vn 0.9875 -0.1324 -0.0850
vn 0.9908 -0.0442 -0.1276
vn 0.9954 -0.0441 -0.0851
vn 0.9981 -0.0440 -0.0424
vn 0.9952 -0.0881 -0.0426
vn 0.9903 -0.1321 -0.0426
vn 0.9908 0.0442 -0.1276
vn 0.9879 0.0880 -0.1278
vn 0.9924 0.0883 -0.0853
vn 0.9954 0.0441 -0.0851
vn 0.9829 0.1324 -0.1278
vn 0.9875 0.1324 -0.0850
vn 0.9903 0.1321 -0.0426
vn 0.9952 0.0881 -0.0426
vn 0.9981 0.0440 -0.0424
vn 0.9668 0.2212 -0.1282
vn 0.9555 0.2655 -0.1284
vn 0.9600 0.2665 -0.0857
vn 0.9714 0.2213 -0.0858
vn 0.9418 0.3108 -0.1284
vn 0.9465 0.3112 -0.0853
vn 0.9494 0.3111 -0.0431
vn 0.9629 0.2663 -0.0430
vn 0.9743 0.2210 -0.0428
vn 0.9068 0.4015 -0.1283
vn 0.8853 0.4471 -0.1283
vn 0.8894 0.4491 -0.0858
vn 0.9114 0.4024 -0.0861
vn 0.8605 0.4931 -0.1279
vn 0.8649 0.4947 -0.0853
vn 0.8676 0.4954 -0.0434
vn 0.8922 0.4496 -0.0434
vn 0.9143 0.4027 -0.0433
vn 0.8676 -0.4954 0.0434
vn 0.8922 -0.4496 0.0434
vn 0.8894 -0.4491 0.0858
vn 0.8649 -0.4947 0.0853
vn 0.9143 -0.4027 0.0433
vn 0.9114 -0.4024 0.0861
vn 0.9068 -0.4015 0.1283
vn 0.8853 -0.4471 0.1283
vn 0.8605 -0.4931 0.1279
vn 0.9494 -0.3111 0.0431
vn 0.9629 -0.2663 0.0430
vn 0.9600 -0.2665 0.0857
vn 0.9465 -0.3112 0.0853
vn 0.9743 -0.2210 0.0428
vn 0.9714 -0.2213 0.0858
vn 0.9668 -0.2212 0.1282
vn 0.9555 -0.2655 0.1284
vn 0.9418 -0.3108 0.1284
vn 0.9903 -0.1321 0.0426
vn 0.9952 -0.0881 0.0426
vn 0.9924 -0.0883 0.0853
vn 0.9875 -0.1324 0.0850
vn 0.9981 -0.0440 0.0424
vn 0.9954 -0.0441 0.0851
vn 0.9908 -0.0442 0.1276
vn 0.9879 -0.0880 0.1278
vn 0.9829 -0.1324 0.1278
vn 0.9981 0.0440 0.0424
vn 0.9952 0.0881 0.0426
vn 0.9924 0.0883 0.0853
vn 0.9954 0.0441 0.0851
vn 0.9903 0.1321 0.0426
vn 0.9875 0.1324 0.0850
vn 0.9829 0.1324 0.1278
vn 0.9879 0.0880 0.1278
vn 0.9908 0.0442 0.1276
vn 0.9743 0.2210 0.0428
vn 0.9629 0.2663 0.0430
vn 0.9600 0.2665 0.0857
vn 0.9714 0.2213 0.0858
vn 0.9494 0.3111 0.0431
vn 0.9465 0.3112 0.0853
vn 0.9418 0.3108 0.1284
vn 0.9555 0.2655 0.1284
vn 0.9668 0.2212 0.1282
vn 0.9143 0.4027 0.0433
vn 0.8922 0.4496 0.0434
vn 0.8894 0.4491 0.0858
vn 0.9114 0.4024 0.0861
vn 0.8676 0.4954 0.0434
vn 0.8649 0.4947 0.0853
vn 0.8605 0.4931 0.1279
vn 0.8853 0.4471 0.1283
vn 0.9068 0.4015 0.1283
vn 0.8470 -0.4885 0.2097
vn 0.8705 -0.4448 0.2109
vn 0.8615 -0.4415 0.2510
vn 0.8382 -0.4855 0.2484
vn 0.8923 -0.3988 0.2115
vn 0.8822 -0.3969 0.2533
vn 0.8709 -0.3944 0.2933
vn 0.8509 -0.4371 0.2915
vn 0.8275 -0.4815 0.2889
vn 0.9267 -0.3097 0.2129
vn 0.9400 -0.2663 0.2134
vn 0.9296 -0.2652 0.2560
vn 0.9165 -0.3090 0.2540
vn 0.9516 -0.2212 0.2135
vn 0.9407 -0.2213 0.2573
vn 0.9282 -0.2209 0.2994
vn 0.9174 -0.2633 0.2986
vn 0.9040 -0.3077 0.2970
vn 0.9678 -0.1329 0.2137
vn 0.9728 -0.0890 0.2139
vn 0.9621 -0.0890 0.2579
vn 0.9572 -0.1333 0.2568
vn 0.9759 -0.0445 0.2137
vn 0.9652 -0.0447 0.2578
vn 0.9525 -0.0448 0.3013
vn 0.9494 -0.0886 0.3014
vn 0.9443 -0.1333 0.3008
vn 0.9759 0.0445 0.2137
vn 0.9728 0.0890 0.2139
vn 0.9621 0.0890 0.2579
vn 0.9652 0.0447 0.2578
vn 0.9678 0.1329 0.2137
vn 0.9572 0.1333 0.2568
vn 0.9443 0.1333 0.3008
vn 0.9494 0.0886 0.3014
vn 0.9525 0.0448 0.3013
vn 0.9516 0.2212 0.2135
vn 0.9400 0.2663 0.2134
vn 0.9296 0.2652 0.2560
vn 0.9407 0.2213 0.2573
vn 0.9267 0.3097 0.2129
vn 0.9165 0.3090 0.2540
vn 0.9040 0.3077 0.2970
vn 0.9174 0.2633 0.2986
vn 0.9282 0.2209 0.2994
vn 0.8923 0.3988 0.2115
vn 0.8705 0.4448 0.2109
vn 0.8615 0.4415 0.2510
vn 0.8822 0.3969 0.2533
vn 0.8470 0.4885 0.2097
vn 0.8382 0.4855 0.2484
vn 0.8275 0.4815 0.2889
vn 0.8509 0.4371 0.2915
vn 0.8709 0.3944 0.2933
vn 0.8019 -0.4718 0.3665
vn 0.8225 -0.4311 0.3710
vn 0.8066 -0.4253 0.4106
vn 0.7871 -0.4662 0.4038
vn 0.8419 -0.3882 0.3748
vn 0.8235 -0.3848 0.4168
vn 0.8041 -0.3807 0.4567
vn 0.7883 -0.4188 0.4507
vn 0.7697 -0.4593 0.4434
vn 0.8727 -0.3045 0.3815
vn 0.8849 -0.2631 0.3843
vn 0.8652 -0.2611 0.4281
vn 0.8538 -0.3030 0.4234
vn 0.8957 -0.2200 0.3864
vn 0.8749 -0.2196 0.4317
vn 0.8526 -0.2187 0.4747
vn 0.8431 -0.2587 0.4714
vn 0.8315 -0.3007 0.4671
vn 0.9113 -0.1335 0.3895
vn 0.9162 -0.0897 0.3905
vn 0.8952 -0.0894 0.4365
vn 0.8908 -0.1337 0.4343
vn 0.9193 -0.0451 0.3909
vn 0.8983 -0.0453 0.4371
vn 0.8749 -0.0454 0.4822
vn 0.8719 -0.0890 0.4814
vn 0.8672 -0.1335 0.4797
vn 0.9193 0.0451 0.3909
vn 0.9162 0.0897 0.3905
vn 0.8952 0.0894 0.4365
vn 0.8983 0.0453 0.4371
vn 0.9113 0.1335 0.3895
vn 0.8908 0.1337 0.4343
vn 0.8672 0.1335 0.4797
vn 0.8719 0.0890 0.4814
vn 0.8749 0.0454 0.4822
vn 0.8957 0.2200 0.3864
vn 0.8849 0.2631 0.3843
vn 0.8652 0.2611 0.4281
vn 0.8749 0.2196 0.4317
vn 0.8727 0.3045 0.3815
vn 0.8538 0.3030 0.4234
vn 0.8315 0.3007 0.4671
vn 0.8431 0.2587 0.4714
vn 0.8526 0.2187 0.4747
vn 0.8419 0.3882 0.3748
vn 0.8225 0.4311 0.3710
vn 0.8066 0.4253 0.4106
vn 0.8235 0.3848 0.4168
vn 0.8019 0.4718 0.3665
vn 0.7871 0.4662 0.4038
vn 0.7697 0.4593 0.4434
vn 0.7883 0.4188 0.4507
vn 0.8041 0.3807 0.4567
vn 0.6165 -0.5665 -0.5469
vn 0.6342 -0.5293 -0.5636
vn 0.6546 -0.5439 -0.5251
vn 0.6327 -0.5825 -0.5102
vn 0.6477 -0.4980 -0.5765
vn 0.6725 -0.5083 -0.5379
vn 0.6952 -0.5172 -0.4993
vn 0.6715 -0.5560 -0.4899
vn 0.6454 -0.5951 -0.4790
vn 0.6719 -0.4341 -0.6000
vn 0.6835 -0.4001 -0.6105
vn 0.7143 -0.4048 -0.5709
vn 0.7016 -0.4402 -0.5603
vn 0.6935 -0.3679 -0.6195
vn 0.7251 -0.3709 -0.5802
vn 0.7553 -0.3730 -0.5389
vn 0.7424 -0.4092 -0.5305
vn 0.7282 -0.4450 -0.5212
vn 0.7131 -0.2946 -0.6361
vn 0.7218 -0.2551 -0.6433
vn 0.7565 -0.2564 -0.6017
vn 0.7475 -0.2962 -0.5946
vn 0.7291 -0.2167 -0.6492
vn 0.7641 -0.2174 -0.6074
vn 0.7972 -0.2174 -0.5632
vn 0.7885 -0.2576 -0.5585
vn 0.7786 -0.2970 -0.5528
vn 0.7406 -0.1334 -0.6586
vn 0.7444 -0.0894 -0.6617
vn 0.7809 -0.0895 -0.6183
vn 0.7770 -0.1336 -0.6151
vn 0.7467 -0.0457 -0.6636
vn 0.7834 -0.0457 -0.6198
vn 0.8175 -0.0456 -0.5741
vn 0.8148 -0.0897 -0.5728
vn 0.8104 -0.1335 -0.5704
vn 0.7467 0.0457 -0.6636
vn 0.7444 0.0894 -0.6617
vn 0.7809 0.0895 -0.6183
vn 0.7834 0.0457 -0.6198
vn 0.7406 0.1334 -0.6586
vn 0.7770 0.1336 -0.6151
vn 0.8104 0.1335 -0.5704
vn 0.8148 0.0897 -0.5728
vn 0.8175 0.0456 -0.5741
vn 0.7291 0.2167 -0.6492
vn 0.7218 0.2551 -0.6433
vn 0.7565 0.2564 -0.6017
vn 0.7641 0.2174 -0.6074
vn 0.7131 0.2946 -0.6361
vn 0.7475 0.2962 -0.5946
vn 0.7786 0.2970 -0.5528
vn 0.7885 0.2576 -0.5585
vn 0.7972 0.2174 -0.5632
vn 0.6935 0.3679 -0.6195
vn 0.6835 0.4001 -0.6105
vn 0.7143 0.4048 -0.5709
vn 0.7251 0.3709 -0.5802
vn 0.6719 0.4341 -0.6000
vn 0.7016 0.4402 -0.5603
vn 0.7282 0.4450 -0.5212
vn 0.7424 0.4092 -0.5305
vn 0.7553 0.3730 -0.5389
vn 0.6477 0.4980 -0.5765
vn 0.6342 0.5293 -0.5636
vn 0.6546 0.5439 -0.5251
vn 0.6725 0.5083 -0.5379
vn 0.6165 0.5665 -0.5469
vn 0.6327 0.5825 -0.5102
vn 0.6454 0.5951 -0.4790
vn 0.6715 0.5560 -0.4899
vn 0.6952 0.5172 -0.4993
vn 0.7259 0.5382 -0.4282
vn 0.6982 0.5777 -0.4229
vn 0.7099 0.5876 -0.3883
vn 0.7390 0.5471 -0.3931
vn 0.6674 0.6174 -0.4163
vn 0.6779 0.6272 -0.3834
vn 0.6870 0.6358 -0.3518
vn 0.7199 0.5962 -0.3554
vn 0.7509 0.5550 -0.3580
vn 0.7723 0.5680 -0.2844
vn 0.7400 0.6100 -0.2832
vn 0.7484 0.6165 -0.2448
vn 0.7814 0.5733 -0.2463
vn 0.7048 0.6513 -0.2811
vn 0.7126 0.6579 -0.2434
vn 0.7192 0.6635 -0.2063
vn 0.7553 0.6217 -0.2074
vn 0.7893 0.5777 -0.2078
vn 0.8014 0.5843 -0.1274
vn 0.7670 0.6289 -0.1273
vn 0.7705 0.6317 -0.0853
vn 0.8054 0.5866 -0.0856
vn 0.7295 0.6721 -0.1268
vn 0.7329 0.6750 -0.0850
vn 0.7350 0.6766 -0.0434
vn 0.7728 0.6332 -0.0435
vn 0.8079 0.5877 -0.0435
vn 0.8079 0.5877 0.0435
vn 0.7728 0.6332 0.0435
vn 0.7705 0.6317 0.0853
vn 0.8054 0.5866 0.0856
vn 0.7350 0.6766 0.0434
vn 0.7329 0.6750 0.0850
vn 0.7295 0.6721 0.1268
vn 0.7670 0.6289 0.1273
vn 0.8014 0.5843 0.1274
vn 0.7893 0.5777 0.2078
vn 0.7553 0.6217 0.2074
vn 0.7484 0.6165 0.2448
vn 0.7814 0.5733 0.2463
vn 0.7192 0.6635 0.2063
vn 0.7126 0.6579 0.2434
vn 0.7048 0.6513 0.2811
vn 0.7400 0.6100 0.2832
vn 0.7723 0.5680 0.2844
vn 0.7509 0.5550 0.3580
vn 0.7199 0.5962 0.3554
vn 0.7099 0.5876 0.3883
vn 0.7390 0.5471 0.3931
vn 0.6870 0.6358 0.3518
vn 0.6779 0.6272 0.3834
vn 0.6674 0.6174 0.4163
vn 0.6982 0.5777 0.4229
vn 0.7259 0.5382 0.4282
vn 0.6952 0.5172 0.4993
vn 0.6715 0.5560 0.4899
vn 0.6546 0.5439 0.5251
vn 0.6725 0.5083 0.5379
vn 0.6454 0.5951 0.4790
vn 0.6327 0.5825 0.5102
vn 0.6165 0.5665 0.5469
vn 0.6342 0.5293 0.5636
vn 0.6477 0.4980 0.5765
vn 0.7553 0.3730 0.5389
vn 0.7424 0.4092 0.5305
vn 0.7143 0.4048 0.5709
vn 0.7251 0.3709 0.5802
vn 0.7282 0.4450 0.5212
vn 0.7016 0.4402 0.5603
vn 0.6719 0.4341 0.6000
vn 0.6835 0.4001 0.6105
vn 0.6935 0.3679 0.6195
vn 0.7972 0.2174 0.5632
vn 0.7885 0.2576 0.5585
vn 0.7565 0.2564 0.6017
vn 0.7641 0.2174 0.6074
vn 0.7786 0.2970 0.5528
vn 0.7475 0.2962 0.5946
vn 0.7131 0.2946 0.6361
vn 0.7218 0.2551 0.6433
vn 0.7291 0.2167 0.6492
vn 0.8175 0.0456 0.5741
vn 0.8148 0.0897 0.5728
vn 0.7809 0.0895 0.6183
vn 0.7834 0.0457 0.6198
vn 0.8104 0.1335 0.5704
vn 0.7770 0.1336 0.6151
vn 0.7406 0.1334 0.6586
vn 0.7444 0.0894 0.6617
vn 0.7467 0.0457 0.6636
vn 0.8104 -0.1335 0.5704
vn 0.8148 -0.0897 0.5728
vn 0.7809 -0.0895 0.6183
vn 0.7770 -0.1336 0.6151
vn 0.8175 -0.0456 0.5741
vn 0.7834 -0.0457 0.6198
vn 0.7467 -0.0457 0.6636
vn 0.7444 -0.0894 0.6617
vn 0.7406 -0.1334 0.6586
vn 0.7786 -0.2970 0.5528
vn 0.7885 -0.2576 0.5585
vn 0.7565 -0.2564 0.6017
vn 0.7475 -0.2962 0.5946
vn 0.7972 -0.2174 0.5632
vn 0.7641 -0.2174 0.6074
vn 0.7291 -0.2167 0.6492
vn 0.7218 -0.2551 0.6433
vn 0.7131 -0.2946 0.6361
vn 0.7282 -0.4450 0.5212
vn 0.7424 -0.4092 0.5305
vn 0.7143 -0.4048 0.5709
vn 0.7016 -0.4402 0.5603
vn 0.7553 -0.3730 0.5389
vn 0.7251 -0.3709 0.5802
vn 0.6935 -0.3679 0.6195
vn 0.6835 -0.4001 0.6105
vn 0.6719 -0.4341 0.6000
vn 0.6453 -0.5951 0.4790
vn 0.6715 -0.5560 0.4899
vn 0.6546 -0.5439 0.5251
vn 0.6327 -0.5825 0.5102
vn 0.6952 -0.5172 0.4992
vn 0.6725 -0.5083 0.5379
vn 0.6477 -0.4980 0.5765
vn 0.6342 -0.5293 0.5636
vn 0.6165 -0.5665 0.5469
vn 0.6870 -0.6358 0.3518
vn 0.7199 -0.5962 0.3554
vn 0.7099 -0.5876 0.3883
vn 0.6779 -0.6272 0.3834
vn 0.7509 -0.5550 0.3580
vn 0.7390 -0.5471 0.3931
vn 0.7259 -0.5382 0.4282
vn 0.6982 -0.5777 0.4229
vn 0.6674 -0.6174 0.4163
vn 0.7192 -0.6635 0.2063
vn 0.7553 -0.6217 0.2074
vn 0.7484 -0.6165 0.2448
vn 0.7126 -0.6579 0.2434
vn 0.7893 -0.5777 0.2078
vn 0.7814 -0.5733 0.2463
vn 0.7723 -0.5680 0.2844
vn 0.7400 -0.6100 0.2832
vn 0.7048 -0.6513 0.2811
vn 0.7350 -0.6766 0.0434
vn 0.7728 -0.6332 0.0435
vn 0.7705 -0.6317 0.0853
vn 0.7329 -0.6750 0.0850
vn 0.8079 -0.5877 0.0435
vn 0.8054 -0.5866 0.0856
vn 0.8014 -0.5843 0.1274
vn 0.7670 -0.6289 0.1273
vn 0.7295 -0.6721 0.1268
vn 0.7295 -0.6721 -0.1269
vn 0.7670 -0.6289 -0.1273
vn 0.7705 -0.6317 -0.0853
vn 0.7329 -0.6750 -0.0850
vn 0.8014 -0.5843 -0.1274
vn 0.8054 -0.5866 -0.0856
vn 0.8079 -0.5877 -0.0435
vn 0.7728 -0.6332 -0.0435
vn 0.7350 -0.6766 -0.0434
vn 0.7048 -0.6513 -0.2811
vn 0.7400 -0.6100 -0.2832
vn 0.7484 -0.6165 -0.2448
vn 0.7126 -0.6579 -0.2434
vn 0.7723 -0.5680 -0.2844
vn 0.7814 -0.5733 -0.2463
vn 0.7893 -0.5777 -0.2078
vn 0.7553 -0.6217 -0.2074
vn 0.7192 -0.6635 -0.2063
vn 0.6674 -0.6174 -0.4163
vn 0.6982 -0.5777 -0.4229
vn 0.7099 -0.5876 -0.3883
vn 0.6779 -0.6272 -0.3834
vn 0.7259 -0.5382 -0.4282
vn 0.7390 -0.5471 -0.3931
vn 0.7509 -0.5550 -0.3580
vn 0.7199 -0.5962 -0.3554
vn 0.6870 -0.6358 -0.3518
vn -0.4434 -0.4593 -0.7697
vn -0.4507 -0.4188 -0.7883
vn -0.4106 -0.4253 -0.8066
vn -0.4038 -0.4662 -0.7871
vn -0.4567 -0.3807 -0.8041
vn -0.4168 -0.3848 -0.8235
vn -0.3748 -0.3882 -0.8419
vn -0.3710 -0.4311 -0.8225
vn -0.3665 -0.4718 -0.8019
vn -0.4671 -0.3007 -0.8315
vn -0.4714 -0.2587 -0.8431
vn -0.4281 -0.2611 -0.8652
vn -0.4234 -0.3030 -0.8538
vn -0.4747 -0.2187 -0.8526
vn -0.4317 -0.2196 -0.8749
vn -0.3864 -0.2200 -0.8957
vn -0.3843 -0.2631 -0.8849
vn -0.3815 -0.3045 -0.8727
vn -0.4797 -0.1335 -0.8672
vn -0.4814 -0.0890 -0.8719
vn -0.4365 -0.0894 -0.8953
vn -0.4343 -0.1337 -0.8908
vn -0.4822 -0.0454 -0.8749
vn -0.4371 -0.0453 -0.8983
vn -0.3909 -0.0451 -0.9193
vn -0.3905 -0.0897 -0.9162
vn -0.3895 -0.1335 -0.9113
vn -0.4822 0.0454 -0.8749
vn -0.4814 0.0890 -0.8719
vn -0.4365 0.0894 -0.8953
vn -0.4371 0.0453 -0.8983
vn -0.4797 0.1335 -0.8672
vn -0.4343 0.1337 -0.8908
vn -0.3895 0.1335 -0.9113
vn -0.3905 0.0897 -0.9162
vn -0.3909 0.0451 -0.9193
vn -0.4747 0.2187 -0.8526
vn -0.4714 0.2587 -0.8431
vn -0.4281 0.2611 -0.8652
vn -0.4317 0.2196 -0.8749
vn -0.4671 0.3007 -0.8315
vn -0.4234 0.3030 -0.8538
vn -0.3815 0.3045 -0.8727
vn -0.3843 0.2631 -0.8849
vn -0.3864 0.2200 -0.8957
vn -0.4567 0.3807 -0.8041
vn -0.4507 0.4188 -0.7883
vn -0.4106 0.4253 -0.8066
vn -0.4168 0.3848 -0.8235
vn -0.4434 0.4593 -0.7697
vn -0.4038 0.4662 -0.7871
vn -0.3665 0.4718 -0.8019
vn -0.3710 0.4311 -0.8225
vn -0.3748 0.3882 -0.8419
vn -0.2889 -0.4815 -0.8275
vn -0.2915 -0.4371 -0.8509
vn -0.2510 -0.4415 -0.8615
vn -0.2484 -0.4855 -0.8382
vn -0.2933 -0.3944 -0.8709
vn -0.2533 -0.3969 -0.8822
vn -0.2115 -0.3988 -0.8923
vn -0.2109 -0.4448 -0.8705
vn -0.2097 -0.4885 -0.8470
vn -0.2970 -0.3077 -0.9040
vn -0.2986 -0.2633 -0.9174
vn -0.2560 -0.2652 -0.9296
vn -0.2540 -0.3090 -0.9165
vn -0.2994 -0.2209 -0.9282
vn -0.2573 -0.2213 -0.9407
vn -0.2135 -0.2212 -0.9516
vn -0.2134 -0.2663 -0.9400
vn -0.2129 -0.3097 -0.9267
vn -0.3008 -0.1333 -0.9443
vn -0.3014 -0.0886 -0.9494
vn -0.2579 -0.0890 -0.9621
vn -0.2568 -0.1333 -0.9572
vn -0.3013 -0.0448 -0.9525
vn -0.2578 -0.0447 -0.9652
vn -0.2137 -0.0445 -0.9759
vn -0.2139 -0.0890 -0.9728
vn -0.2137 -0.1329 -0.9678
vn -0.3013 0.0448 -0.9525
vn -0.3014 0.0886 -0.9494
vn -0.2579 0.0890 -0.9621
vn -0.2578 0.0447 -0.9652
vn -0.3008 0.1333 -0.9443
vn -0.2568 0.1333 -0.9572
vn -0.2137 0.1329 -0.9678
vn -0.2139 0.0890 -0.9728
vn -0.2137 0.0445 -0.9759
vn -0.2994 0.2209 -0.9282
vn -0.2986 0.2633 -0.9174
vn -0.2560 0.2652 -0.9296
vn -0.2573 0.2213 -0.9407
vn -0.2970 0.3077 -0.9040
vn -0.2540 0.3090 -0.9165
vn -0.2129 0.3097 -0.9267
vn -0.2134 0.2663 -0.9400
vn -0.2135 0.2212 -0.9516
vn -0.2933 0.3944 -0.8709
vn -0.2915 0.4371 -0.8509
vn -0.2510 0.4415 -0.8615
vn -0.2533 0.3969 -0.8822
vn -0.2889 0.4815 -0.8275
vn -0.2484 0.4855 -0.8382
vn -0.2097 0.4885 -0.8470
vn -0.2109 0.4448 -0.8705
vn -0.2115 0.3988 -0.8923
vn -0.1279 -0.4931 -0.8605
vn -0.1283 -0.4471 -0.8853
vn -0.0858 -0.4491 -0.8894
vn -0.0853 -0.4947 -0.8649
vn -0.1283 -0.4015 -0.9068
vn -0.0861 -0.4024 -0.9114
vn -0.0433 -0.4027 -0.9143
vn -0.0434 -0.4496 -0.8922
vn -0.0434 -0.4954 -0.8676
vn -0.1284 -0.3108 -0.9418
vn -0.1284 -0.2655 -0.9555
vn -0.0857 -0.2665 -0.9600
vn -0.0853 -0.3112 -0.9465
vn -0.1282 -0.2212 -0.9668
vn -0.0858 -0.2213 -0.9714
vn -0.0428 -0.2210 -0.9743
vn -0.0430 -0.2663 -0.9629
vn -0.0431 -0.3111 -0.9494
vn -0.1278 -0.1324 -0.9829
vn -0.1278 -0.0880 -0.9879
vn -0.0853 -0.0883 -0.9924
vn -0.0850 -0.1324 -0.9875
vn -0.1276 -0.0442 -0.9908
vn -0.0851 -0.0441 -0.9954
vn -0.0424 -0.0440 -0.9981
vn -0.0426 -0.0881 -0.9952
vn -0.0426 -0.1321 -0.9903
vn -0.1276 0.0442 -0.9908
vn -0.1278 0.0880 -0.9879
vn -0.0853 0.0883 -0.9924
vn -0.0851 0.0441 -0.9954
vn -0.1278 0.1324 -0.9829
vn -0.0850 0.1324 -0.9875
vn -0.0426 0.1321 -0.9903
vn -0.0426 0.0881 -0.9952
vn -0.0424 0.0440 -0.9981
vn -0.1282 0.2212 -0.9668
vn -0.1284 0.2655 -0.9555
vn -0.0857 0.2665 -0.9600
vn -0.0858 0.2213 -0.9714
vn -0.1284 0.3108 -0.9418
vn -0.0853 0.3112 -0.9465
vn -0.0431 0.3111 -0.9494
vn -0.0430 0.2663 -0.9629
vn -0.0428 0.2210 -0.9743
vn -0.1283 0.4015 -0.9068
vn -0.1283 0.4471 -0.8853
vn -0.0858 0.4491 -0.8894
vn -0.0861 0.4024 -0.9114
vn -0.1279 0.4931 -0.8605
vn -0.0853 0.4947 -0.8649
vn -0.0434 0.4954 -0.8676
vn -0.0434 0.4496 -0.8922
vn -0.0433 0.4027 -0.9143
vn 0.0434 -0.4954 -0.8676
vn 0.0434 -0.4496 -0.8922
vn 0.0858 -0.4491 -0.8894
vn 0.0853 -0.4947 -0.8649
vn 0.0433 -0.4027 -0.9143
vn 0.0861 -0.4024 -0.9114
vn 0.1283 -0.4015 -0.9068
vn 0.1283 -0.4471 -0.8853
vn 0.1279 -0.4931 -0.8605
vn 0.0431 -0.3111 -0.9494
vn 0.0430 -0.2663 -0.9629
vn 0.0857 -0.2665 -0.9600
vn 0.0853 -0.3112 -0.9465
vn 0.0428 -0.2210 -0.9743
vn 0.0858 -0.2213 -0.9714
vn 0.1282 -0.2212 -0.9668
vn 0.1284 -0.2655 -0.9555
vn 0.1284 -0.3108 -0.9418
vn 0.0426 -0.1321 -0.9903
vn 0.0426 -0.0881 -0.9952
vn 0.0853 -0.0883 -0.9924
vn 0.0850 -0.1324 -0.9875
vn 0.0424 -0.0440 -0.9981
vn 0.0851 -0.0441 -0.9954
vn 0.1276 -0.0442 -0.9908
vn 0.1278 -0.0880 -0.9879
vn 0.1278 -0.1324 -0.9829
vn 0.0424 0.0440 -0.9981
vn 0.0426 0.0881 -0.9952
vn 0.0853 0.0883 -0.9924
vn 0.0851 0.0441 -0.9954
vn 0.0426 0.1321 -0.9903
vn 0.0850 0.1324 -0.9875
vn 0.1278 0.1324 -0.9829
vn 0.1278 0.0880 -0.9879
vn 0.1276 0.0442 -0.9908
vn 0.0428 0.2210 -0.9743
vn 0.0430 0.2663 -0.9629
vn 0.0857 0.2665 -0.9600
vn 0.0858 0.2213 -0.9714
vn 0.0431 0.3111 -0.9494
vn 0.0853 0.3112 -0.9465
vn 0.1284 0.3108 -0.9418
vn 0.1284 0.2655 -0.9555
vn 0.1282 0.2212 -0.9668
vn 0.0433 0.4027 -0.9143
vn 0.0434 0.4496 -0.8922
vn 0.0858 0.4491 -0.8894
vn 0.0861 0.4024 -0.9114
vn 0.0434 0.4954 -0.8676
vn 0.0853 0.4947 -0.8649
vn 0.1279 0.4931 -0.8605
vn 0.1283 0.4471 -0.8853
vn 0.1283 0.4015 -0.9068
vn 0.2097 -0.4885 -0.8470
vn 0.2109 -0.4448 -0.8705
vn 0.2510 -0.4415 -0.8615
vn 0.2484 -0.4855 -0.8382
vn 0.2115 -0.3988 -0.8923
vn 0.2533 -0.3969 -0.8822
vn 0.2933 -0.3944 -0.8709
vn 0.2915 -0.4371 -0.8509
vn 0.2889 -0.4815 -0.8275
vn 0.2129 -0.3097 -0.9267
vn 0.2134 -0.2663 -0.9400
vn 0.2560 -0.2652 -0.9296
vn 0.2540 -0.3090 -0.9165
vn 0.2135 -0.2212 -0.9516
vn 0.2573 -0.2213 -0.9407
vn 0.2994 -0.2209 -0.9282
vn 0.2986 -0.2633 -0.9174
vn 0.2970 -0.3077 -0.9040
vn 0.2137 -0.1329 -0.9678
vn 0.2139 -0.0890 -0.9728
vn 0.2579 -0.0890 -0.9621
vn 0.2568 -0.1333 -0.9572
vn 0.2137 -0.0445 -0.9759
vn 0.2578 -0.0447 -0.9652
vn 0.3013 -0.0448 -0.9525
vn 0.3014 -0.0886 -0.9494
vn 0.3008 -0.1333 -0.9443
vn 0.2137 0.0445 -0.9759
vn 0.2139 0.0890 -0.9728
vn 0.2579 0.0890 -0.9621
vn 0.2578 0.0447 -0.9652
vn 0.2137 0.1329 -0.9678
vn 0.2568 0.1333 -0.9572
vn 0.3008 0.1333 -0.9443
vn 0.3014 0.0886 -0.9494
vn 0.3013 0.0448 -0.9525
vn 0.2135 0.2212 -0.9516
vn 0.2134 0.2663 -0.9400
vn 0.2560 0.2652 -0.9296
vn 0.2573 0.2213 -0.9407
vn 0.2129 0.3097 -0.9267
vn 0.2540 0.3090 -0.9165
vn 0.2970 0.3077 -0.9040
vn 0.2986 0.2633 -0.9174
vn 0.2994 0.2209 -0.9282
vn 0.2115 0.3988 -0.8923
vn 0.2109 0.4448 -0.8705
vn 0.2510 0.4415 -0.8615
vn 0.2533 0.3969 -0.8822
vn 0.2097 0.4885 -0.8470
vn 0.2484 0.4855 -0.8382
vn 0.2889 0.4815 -0.8275
vn 0.2915 0.4371 -0.8509
vn 0.2933 0.3944 -0.8709
vn 0.3665 -0.4718 -0.8019
vn 0.3710 -0.4311 -0.8225
vn 0.4106 -0.4253 -0.8066
vn 0.4038 -0.4662 -0.7871
vn 0.3748 -0.3882 -0.8419
vn 0.4168 -0.3848 -0.8235
vn 0.4567 -0.3807 -0.8041
vn 0.4507 -0.4188 -0.7883
vn 0.4434 -0.4593 -0.7697
vn 0.3815 -0.3045 -0.8727
vn 0.3843 -0.2631 -0.8849
vn 0.4281 -0.2611 -0.8652
vn 0.4234 -0.3030 -0.8538
vn 0.3864 -0.2200 -0.8957
vn 0.4317 -0.2196 -0.8749
vn 0.4747 -0.2187 -0.8526
vn 0.4714 -0.2587 -0.8431
vn 0.4671 -0.3007 -0.8315
vn 0.3895 -0.1335 -0.9113
vn 0.3905 -0.0897 -0.9162
vn 0.4365 -0.0894 -0.8953
vn 0.4343 -0.1337 -0.8908
vn 0.3909 -0.0451 -0.9193
vn 0.4371 -0.0453 -0.8983
vn 0.4822 -0.0454 -0.8749
vn 0.4814 -0.0890 -0.8719
vn 0.4797 -0.1335 -0.8672
vn 0.3909 0.0451 -0.9193
vn 0.3905 0.0897 -0.9162
vn 0.4365 0.0894 -0.8952
vn 0.4371 0.0453 -0.8983
vn 0.3895 0.1335 -0.9113
vn 0.4343 0.1337 -0.8908
vn 0.4797 0.1335 -0.8672
vn 0.4814 0.0890 -0.8719
vn 0.4822 0.0454 -0.8749
vn 0.3864 0.2200 -0.8957
vn 0.3843 0.2631 -0.8849
vn 0.4281 0.2611 -0.8652
vn 0.4317 0.2196 -0.8749
vn 0.3815 0.3045 -0.8727
vn 0.4234 0.3030 -0.8538
vn 0.4671 0.3007 -0.8315
vn 0.4714 0.2587 -0.8431
vn 0.4747 0.2187 -0.8526
vn 0.3748 0.3882 -0.8419
vn 0.3710 0.4311 -0.8225
vn 0.4106 0.4253 -0.8066
vn 0.4168 0.3848 -0.8235
vn 0.3665 0.4718 -0.8019
vn 0.4038 0.4662 -0.7871
vn 0.4434 0.4593 -0.7697
vn 0.4507 0.4188 -0.7883
vn 0.4567 0.3807 -0.8041
vn -0.5469 -0.5665 -0.6164
vn -0.5636 -0.5293 -0.6342
vn -0.5251 -0.5439 -0.6546
vn -0.5102 -0.5825 -0.6327
vn -0.5765 -0.4980 -0.6477
vn -0.5379 -0.5083 -0.6725
vn -0.4992 -0.5172 -0.6952
vn -0.4899 -0.5560 -0.6715
vn -0.4790 -0.5951 -0.6453
vn -0.6000 -0.4341 -0.6719
vn -0.6105 -0.4001 -0.6835
vn -0.5709 -0.4048 -0.7143
vn -0.5603 -0.4402 -0.7016
vn -0.6195 -0.3679 -0.6935
vn -0.5802 -0.3709 -0.7251
vn -0.5389 -0.3730 -0.7553
vn -0.5305 -0.4092 -0.7424
vn -0.5212 -0.4450 -0.7282
vn -0.6361 -0.2946 -0.7131
vn -0.6433 -0.2551 -0.7218
vn -0.6017 -0.2564 -0.7565
vn -0.5946 -0.2962 -0.7475
vn -0.6492 -0.2167 -0.7291
vn -0.6074 -0.2174 -0.7641
vn -0.5632 -0.2174 -0.7972
vn -0.5585 -0.2576 -0.7885
vn -0.5528 -0.2970 -0.7786
vn -0.6586 -0.1334 -0.7406
vn -0.6617 -0.0894 -0.7444
vn -0.6183 -0.0895 -0.7809
vn -0.6151 -0.1336 -0.7770
vn -0.6636 -0.0457 -0.7467
vn -0.6198 -0.0457 -0.7834
vn -0.5741 -0.0456 -0.8175
vn -0.5728 -0.0897 -0.8148
vn -0.5704 -0.1335 -0.8104
vn -0.6636 0.0457 -0.7467
vn -0.6617 0.0894 -0.7444
vn -0.6183 0.0895 -0.7809
vn -0.6198 0.0457 -0.7834
vn -0.6586 0.1334 -0.7406
vn -0.6151 0.1336 -0.7770
vn -0.5704 0.1335 -0.8104
vn -0.5728 0.0897 -0.8148
vn -0.5741 0.0456 -0.8175
vn -0.6492 0.2167 -0.7291
vn -0.6433 0.2551 -0.7218
vn -0.6017 0.2564 -0.7565
vn -0.6074 0.2174 -0.7641
vn -0.6361 0.2946 -0.7131
vn -0.5946 0.2962 -0.7475
vn -0.5528 0.2970 -0.7786
vn -0.5585 0.2576 -0.7885
vn -0.5632 0.2174 -0.7972
vn -0.6195 0.3679 -0.6935
vn -0.6105 0.4001 -0.6835
vn -0.5709 0.4048 -0.7143
vn -0.5802 0.3709 -0.7251
vn -0.6000 0.4341 -0.6719
vn -0.5603 0.4402 -0.7016
vn -0.5212 0.4450 -0.7282
vn -0.5305 0.4092 -0.7424
vn -0.5389 0.3730 -0.7553
vn -0.5765 0.4980 -0.6477
vn -0.5636 0.5293 -0.6342
vn -0.5251 0.5439 -0.6546
vn -0.5379 0.5083 -0.6725
vn -0.5469 0.5665 -0.6164
vn -0.5102 0.5825 -0.6327
vn -0.4790 0.5951 -0.6454
vn -0.4899 0.5560 -0.6715
vn -0.4993 0.5172 -0.6952
vn -0.4282 0.5382 -0.7259
vn -0.4229 0.5777 -0.6982
vn -0.3883 0.5876 -0.7099
vn -0.3931 0.5471 -0.7390
vn -0.4163 0.6174 -0.6674
vn -0.3834 0.6272 -0.6779
vn -0.3518 0.6358 -0.6870
vn -0.3554 0.5962 -0.7199
vn -0.3580 0.5550 -0.7509
vn -0.2844 0.5680 -0.7723
vn -0.2832 0.6100 -0.7400
vn -0.2448 0.6165 -0.7484
vn -0.2463 0.5733 -0.7814
vn -0.2811 0.6513 -0.7048
vn -0.2434 0.6579 -0.7126
vn -0.2063 0.6635 -0.7192
vn -0.2074 0.6217 -0.7553
vn -0.2078 0.5777 -0.7893
vn -0.1274 0.5843 -0.8014
vn -0.1273 0.6289 -0.7670
vn -0.0853 0.6317 -0.7705
vn -0.0856 0.5866 -0.8054
vn -0.1268 0.6721 -0.7295
vn -0.0850 0.6750 -0.7329
vn -0.0434 0.6766 -0.7350
vn -0.0435 0.6332 -0.7728
vn -0.0435 0.5877 -0.8079
vn 0.0435 0.5877 -0.8079
vn 0.0435 0.6332 -0.7728
vn 0.0853 0.6317 -0.7705
vn 0.0856 0.5866 -0.8054
vn 0.0434 0.6766 -0.7350
vn 0.0850 0.6750 -0.7329
vn 0.1268 0.6721 -0.7295
vn 0.1273 0.6289 -0.7670
vn 0.1274 0.5843 -0.8014
vn 0.2078 0.5777 -0.7893
vn 0.2074 0.6217 -0.7553
vn 0.2448 0.6165 -0.7484
vn 0.2463 0.5733 -0.7814
vn 0.2063 0.6635 -0.7192
vn 0.2434 0.6579 -0.7126
vn 0.2811 0.6513 -0.7048
vn 0.2832 0.6100 -0.7400
vn 0.2844 0.5680 -0.7723
vn 0.3580 0.5550 -0.7509
vn 0.3554 0.5962 -0.7199
vn 0.3883 0.5876 -0.7099
vn 0.3931 0.5471 -0.7390
vn 0.3518 0.6358 -0.6870
vn 0.3834 0.6272 -0.6779
vn 0.4163 0.6174 -0.6674
vn 0.4229 0.5777 -0.6982
vn 0.4282 0.5382 -0.7259
vn 0.4993 0.5172 -0.6952
vn 0.4899 0.5560 -0.6715
vn 0.5251 0.5439 -0.6546
vn 0.5379 0.5083 -0.6725
vn 0.4790 0.5951 -0.6454
vn 0.5102 0.5825 -0.6327
vn 0.5469 0.5665 -0.6165
vn 0.5636 0.5293 -0.6342
vn 0.5765 0.4980 -0.6477
vn 0.5389 0.3730 -0.7553
vn 0.5305 0.4092 -0.7424
vn 0.5709 0.4048 -0.7143
vn 0.5802 0.3709 -0.7251
vn 0.5212 0.4450 -0.7282
vn 0.5603 0.4402 -0.7016
vn 0.6000 0.4341 -0.6719
vn 0.6105 0.4001 -0.6835
vn 0.6195 0.3679 -0.6935
vn 0.5632 0.2174 -0.7972
vn 0.5585 0.2576 -0.7885
vn 0.6017 0.2564 -0.7565
vn 0.6074 0.2174 -0.7641
vn 0.5528 0.2970 -0.7786
vn 0.5946 0.2962 -0.7475
vn 0.6361 0.2946 -0.7131
vn 0.6433 0.2551 -0.7218
vn 0.6492 0.2167 -0.7291
vn 0.5741 0.0456 -0.8175
vn 0.5728 0.0897 -0.8148
vn 0.6183 0.0895 -0.7809
vn 0.6198 0.0457 -0.7834
vn 0.5704 0.1335 -0.8104
vn 0.6151 0.1336 -0.7770
vn 0.6586 0.1334 -0.7406
vn 0.6617 0.0894 -0.7444
vn 0.6636 0.0457 -0.7467
vn 0.5704 -0.1335 -0.8104
vn 0.5728 -0.0897 -0.8148
vn 0.6183 -0.0895 -0.7809
vn 0.6151 -0.1336 -0.7770
vn 0.5741 -0.0456 -0.8175
vn 0.6198 -0.0457 -0.7834
vn 0.6636 -0.0457 -0.7467
vn 0.6617 -0.0894 -0.7444
vn 0.6586 -0.1334 -0.7406
vn 0.5528 -0.2970 -0.7786
vn 0.5585 -0.2576 -0.7885
vn 0.6017 -0.2564 -0.7565
vn 0.5946 -0.2962 -0.7475
vn 0.5632 -0.2174 -0.7972
vn 0.6074 -0.2174 -0.7641
vn 0.6492 -0.2167 -0.7291
vn 0.6433 -0.2551 -0.7218
vn 0.6361 -0.2946 -0.7131
vn 0.5212 -0.4450 -0.7282
vn 0.5305 -0.4092 -0.7424
vn 0.5709 -0.4048 -0.7143
vn 0.5603 -0.4402 -0.7017
vn 0.5389 -0.3730 -0.7553
vn 0.5802 -0.3709 -0.7251
vn 0.6195 -0.3679 -0.6935
vn 0.6105 -0.4001 -0.6835
vn 0.6000 -0.4341 -0.6719
vn 0.4790 -0.5951 -0.6454
vn 0.4899 -0.5560 -0.6715
vn 0.5251 -0.5439 -0.6546
vn 0.5102 -0.5825 -0.6327
vn 0.4993 -0.5172 -0.6952
vn 0.5379 -0.5083 -0.6725
vn 0.5765 -0.4980 -0.6477
vn 0.5636 -0.5293 -0.6342
vn 0.5469 -0.5665 -0.6165
vn 0.3518 -0.6358 -0.6870
vn 0.3554 -0.5962 -0.7199
vn 0.3883 -0.5876 -0.7099
vn 0.3834 -0.6272 -0.6779
vn 0.3580 -0.5550 -0.7509
vn 0.3931 -0.5471 -0.7390
vn 0.4282 -0.5382 -0.7259
vn 0.4229 -0.5777 -0.6982
vn 0.4163 -0.6174 -0.6674
vn 0.2063 -0.6635 -0.7192
vn 0.2074 -0.6217 -0.7553
vn 0.2448 -0.6165 -0.7484
vn 0.2434 -0.6579 -0.7126
vn 0.2078 -0.5777 -0.7893
vn 0.2463 -0.5733 -0.7814
vn 0.2844 -0.5680 -0.7723
vn 0.2832 -0.6100 -0.7400
vn 0.2811 -0.6513 -0.7048
vn 0.0434 -0.6766 -0.7350
vn 0.0435 -0.6332 -0.7728
vn 0.0853 -0.6317 -0.7705
vn 0.0850 -0.6750 -0.7329
vn 0.0435 -0.5877 -0.8079
vn 0.0856 -0.5866 -0.8054
vn 0.1274 -0.5843 -0.8014
vn 0.1273 -0.6289 -0.7670
vn 0.1268 -0.6721 -0.7295
vn -0.1269 -0.6721 -0.7295
vn -0.1273 -0.6289 -0.7670
vn -0.0853 -0.6317 -0.7705
vn -0.0850 -0.6750 -0.7329
vn -0.1274 -0.5843 -0.8014
vn -0.0856 -0.5866 -0.8054
vn -0.0435 -0.5877 -0.8079
vn -0.0435 -0.6332 -0.7728
vn -0.0434 -0.6766 -0.7350
vn -0.2811 -0.6513 -0.7048
vn -0.2832 -0.6100 -0.7400
vn -0.2448 -0.6165 -0.7484
vn -0.2434 -0.6579 -0.7126
vn -0.2844 -0.5680 -0.7723
vn -0.2463 -0.5733 -0.7814
vn -0.2078 -0.5777 -0.7893
vn -0.2074 -0.6217 -0.7553
vn -0.2063 -0.6635 -0.7192
vn -0.4163 -0.6174 -0.6674
vn -0.4229 -0.5777 -0.6982
vn -0.3883 -0.5876 -0.7099
vn -0.3834 -0.6272 -0.6779
vn -0.4282 -0.5382 -0.7259
vn -0.3931 -0.5471 -0.7390
vn -0.3580 -0.5550 -0.7509
vn -0.3554 -0.5962 -0.7199
vn -0.3518 -0.6358 -0.6870
vn -0.9646 0.2600 0.0445
vn -0.9625 0.2605 0.0760
vn -0.8840 0.4626 0.0674
vn -0.8860 0.4622 0.0385
vn -0.9594 0.2607 0.1074
vn -0.8813 0.4627 0.0962
vn -0.7589 0.6462 0.0802
vn -0.7612 0.6461 0.0554
vn -0.7630 0.6457 0.0305
vn -0.5365 0.8437 0.0173
vn -0.5352 0.8440 0.0348
vn -0.4475 0.8939 0.0270
vn -0.4486 0.8936 0.0125
vn -0.5337 0.8441 0.0522
vn -0.4463 0.8939 0.0416
vn -0.3507 0.9360 0.0302
vn -0.3517 0.9359 0.0188
vn -0.3526 0.9357 0.0074
vn -0.2000 0.9798 -0.0006
vn -0.1995 0.9799 0.0058
vn -0.1351 0.9908 0.0004
vn -0.1355 0.9908 -0.0039
vn -0.1990 0.9799 0.0122
vn -0.1348 0.9909 0.0048
vn -0.0673 0.9977 -0.0031
vn -0.0675 0.9977 -0.0052
vn -0.0676 0.9977 -0.0073
vn 0.0606 0.9981 -0.0135
vn 0.0604 0.9980 -0.0156
vn 0.1254 0.9919 -0.0209
vn 0.1258 0.9919 -0.0167
vn 0.0603 0.9980 -0.0177
vn 0.1251 0.9918 -0.0251
vn 0.1920 0.9808 -0.0327
vn 0.1926 0.9809 -0.0263
vn 0.1931 0.9810 -0.0199
vn 0.3459 0.9379 -0.0269
vn 0.3450 0.9378 -0.0383
vn 0.4377 0.8980 -0.0455
vn 0.4388 0.8980 -0.0310
vn 0.3441 0.9376 -0.0497
vn 0.4365 0.8977 -0.0599
vn 0.5277 0.8466 -0.0698
vn 0.5292 0.8469 -0.0524
vn 0.5305 0.8470 -0.0350
vn 0.7583 0.6504 -0.0440
vn 0.7565 0.6504 -0.0689
vn 0.8786 0.4713 -0.0770
vn 0.8805 0.4715 -0.0481
vn 0.7542 0.6499 -0.0937
vn 0.8759 0.4707 -0.1057
vn 0.9575 0.2655 -0.1129
vn 0.9605 0.2660 -0.0815
vn 0.9626 0.2662 -0.0500
vn 0.9646 -0.2600 -0.0445
vn 0.9625 -0.2605 -0.0760
vn 0.8820 -0.4664 -0.0672
vn 0.8841 -0.4658 -0.0384
vn 0.9594 -0.2607 -0.1074
vn 0.8793 -0.4666 -0.0960
vn 0.7589 -0.6462 -0.0802
vn 0.7612 -0.6461 -0.0554
vn 0.7630 -0.6457 -0.0305
vn 0.5366 -0.8437 -0.0173
vn 0.5352 -0.8440 -0.0348
vn 0.4441 -0.8956 -0.0268
vn 0.4453 -0.8953 -0.0123
vn 0.5337 -0.8441 -0.0522
vn 0.4428 -0.8957 -0.0412
vn 0.3507 -0.9360 -0.0302
vn 0.3517 -0.9359 -0.0188
vn 0.3526 -0.9357 -0.0074
vn 0.2000 -0.9798 0.0006
vn 0.1995 -0.9799 -0.0058
vn 0.1324 -0.9912 -0.0002
vn 0.1327 -0.9911 0.0040
vn 0.1989 -0.9799 -0.0122
vn 0.1320 -0.9912 -0.0044
vn 0.0673 -0.9977 0.0031
vn 0.0674 -0.9977 0.0052
vn 0.0676 -0.9977 0.0073
vn -0.0606 -0.9981 0.0136
vn -0.0604 -0.9980 0.0156
vn -0.1281 -0.9915 0.0211
vn -0.1285 -0.9916 0.0168
vn -0.0603 -0.9980 0.0177
vn -0.1278 -0.9915 0.0254
vn -0.1920 -0.9808 0.0327
vn -0.1926 -0.9809 0.0263
vn -0.1931 -0.9810 0.0199
vn -0.3459 -0.9379 0.0269
vn -0.3450 -0.9378 0.0383
vn -0.4411 -0.8963 0.0457
vn -0.4423 -0.8963 0.0312
vn -0.3441 -0.9376 0.0497
vn -0.4399 -0.8960 0.0602
vn -0.5277 -0.8466 0.0698
vn -0.5292 -0.8469 0.0524
vn -0.5305 -0.8470 0.0350
vn -0.7583 -0.6504 0.0440
vn -0.7565 -0.6504 0.0689
vn -0.8806 -0.4676 0.0771
vn -0.8826 -0.4676 0.0482
vn -0.7542 -0.6499 0.0937
vn -0.8778 -0.4671 0.1059
vn -0.9575 -0.2655 0.1129
vn -0.9605 -0.2660 0.0814
vn -0.9626 -0.2662 0.0500
vn -0.9501 0.2615 0.1699
vn -0.9439 0.2620 0.2008
vn -0.8670 0.4639 0.1819
vn -0.8727 0.4635 0.1535
vn -0.9368 0.2622 0.2315
vn -0.8605 0.4640 0.2102
vn -0.7411 0.6474 0.1782
vn -0.7466 0.6473 0.1539
vn -0.7516 0.6468 0.1295
vn -0.5285 0.8445 0.0868
vn -0.5249 0.8448 0.1038
vn -0.4389 0.8945 0.0847
vn -0.4420 0.8943 0.0705
vn -0.5212 0.8449 0.1209
vn -0.4358 0.8946 0.0990
vn -0.3425 0.9365 0.0751
vn -0.3450 0.9364 0.0640
vn -0.3474 0.9362 0.0528
vn -0.1971 0.9801 0.0250
vn -0.1957 0.9802 0.0313
vn -0.1326 0.9910 0.0175
vn -0.1335 0.9910 0.0133
vn -0.1943 0.9802 0.0376
vn -0.1317 0.9911 0.0218
vn -0.0658 0.9978 0.0052
vn -0.0662 0.9978 0.0031
vn -0.0667 0.9978 0.0011
vn 0.0596 0.9980 -0.0219
vn 0.0592 0.9980 -0.0239
vn 0.1229 0.9917 -0.0376
vn 0.1238 0.9917 -0.0335
vn 0.0588 0.9979 -0.0260
vn 0.1220 0.9916 -0.0418
vn 0.1874 0.9806 -0.0580
vn 0.1888 0.9807 -0.0517
vn 0.1901 0.9807 -0.0454
vn 0.3407 0.9374 -0.0723
vn 0.3384 0.9373 -0.0835
vn 0.4293 0.8973 -0.1027
vn 0.4322 0.8974 -0.0885
vn 0.3359 0.9371 -0.0947
vn 0.4262 0.8971 -0.1168
vn 0.5152 0.8458 -0.1385
vn 0.5189 0.8461 -0.1215
vn 0.5225 0.8462 -0.1044
vn 0.7470 0.6493 -0.1430
vn 0.7419 0.6492 -0.1674
vn 0.8617 0.4700 -0.1912
vn 0.8674 0.4702 -0.1629
vn 0.7365 0.6487 -0.1917
vn 0.8553 0.4694 -0.2194
vn 0.9349 0.2640 -0.2370
vn 0.9421 0.2645 -0.2063
vn 0.9482 0.2648 -0.1753
vn 0.9501 -0.2615 -0.1699
vn 0.9440 -0.2620 -0.2008
vn 0.8651 -0.4677 -0.1815
vn 0.8709 -0.4671 -0.1532
vn 0.9368 -0.2622 -0.2315
vn 0.8586 -0.4679 -0.2096
vn 0.7411 -0.6473 -0.1782
vn 0.7466 -0.6473 -0.1539
vn 0.7516 -0.6468 -0.1295
vn 0.5286 -0.8445 -0.0867
vn 0.5249 -0.8448 -0.1038
vn 0.4356 -0.8962 -0.0840
vn 0.4386 -0.8960 -0.0698
vn 0.5212 -0.8449 -0.1209
vn 0.4325 -0.8963 -0.0981
vn 0.3425 -0.9365 -0.0751
vn 0.3450 -0.9364 -0.0640
vn 0.3474 -0.9362 -0.0528
vn 0.1970 -0.9801 -0.0250
vn 0.1957 -0.9802 -0.0313
vn 0.1299 -0.9914 -0.0169
vn 0.1308 -0.9913 -0.0128
vn 0.1943 -0.9802 -0.0376
vn 0.1290 -0.9914 -0.0211
vn 0.0658 -0.9978 -0.0052
vn 0.0662 -0.9978 -0.0031
vn 0.0667 -0.9978 -0.0011
vn -0.0596 -0.9980 0.0219
vn -0.0592 -0.9980 0.0239
vn -0.1256 -0.9913 0.0382
vn -0.1265 -0.9914 0.0340
vn -0.0588 -0.9979 0.0260
vn -0.1247 -0.9913 0.0424
vn -0.1874 -0.9806 0.0580
vn -0.1888 -0.9807 0.0517
vn -0.1901 -0.9807 0.0454
vn -0.3407 -0.9374 0.0723
vn -0.3384 -0.9373 0.0835
vn -0.4326 -0.8956 0.1034
vn -0.4357 -0.8957 0.0891
vn -0.3359 -0.9371 0.0947
vn -0.4295 -0.8954 0.1176
vn -0.5152 -0.8458 0.1385
vn -0.5189 -0.8461 0.1215
vn -0.5225 -0.8462 0.1044
vn -0.7470 -0.6493 0.1430
vn -0.7419 -0.6492 0.1674
vn -0.8636 -0.4663 0.1916
vn -0.8694 -0.4663 0.1632
vn -0.7365 -0.6487 0.1917
vn -0.8571 -0.4658 0.2198
vn -0.9349 -0.2640 0.2370
vn -0.9421 -0.2646 0.2063
vn -0.9482 -0.2648 0.1753
vn -0.9195 0.2630 0.2923
vn -0.9093 0.2635 0.3222
vn -0.8352 0.4653 0.2933
vn -0.8445 0.4648 0.2659
vn -0.8982 0.2637 0.3517
vn -0.8251 0.4654 0.3204
vn -0.7106 0.6485 0.2730
vn -0.7192 0.6484 0.2496
vn -0.7274 0.6479 0.2261
vn -0.5115 0.8452 0.1545
vn -0.5057 0.8456 0.1710
vn -0.4229 0.8952 0.1408
vn -0.4278 0.8949 0.1270
vn -0.4998 0.8456 0.1874
vn -0.4180 0.8952 0.1545
vn -0.3285 0.9370 0.1187
vn -0.3324 0.9369 0.1079
vn -0.3362 0.9368 0.0972
vn -0.1908 0.9804 0.0500
vn -0.1886 0.9804 0.0560
vn -0.1279 0.9912 0.0341
vn -0.1293 0.9911 0.0301
vn -0.1865 0.9805 0.0621
vn -0.1264 0.9912 0.0382
vn -0.0632 0.9979 0.0132
vn -0.0639 0.9979 0.0112
vn -0.0646 0.9979 0.0092
vn 0.0576 0.9979 -0.0300
vn 0.0569 0.9979 -0.0320
vn 0.1183 0.9915 -0.0539
vn 0.1197 0.9916 -0.0499
vn 0.0562 0.9978 -0.0340
vn 0.1169 0.9915 -0.0579
vn 0.1796 0.9803 -0.0825
vn 0.1817 0.9804 -0.0765
vn 0.1839 0.9804 -0.0704
vn 0.3296 0.9369 -0.1167
vn 0.3258 0.9368 -0.1275
vn 0.4134 0.8967 -0.1583
vn 0.4182 0.8968 -0.1447
vn 0.3219 0.9366 -0.1382
vn 0.4085 0.8964 -0.1719
vn 0.4938 0.8450 -0.2051
vn 0.4998 0.8454 -0.1886
vn 0.5056 0.8454 -0.1722
vn 0.7228 0.6482 -0.2396
vn 0.7147 0.6481 -0.2632
vn 0.8300 0.4686 -0.3023
vn 0.8394 0.4689 -0.2750
vn 0.7060 0.6476 -0.2865
vn 0.8200 0.4680 -0.3294
vn 0.8964 0.2625 -0.3572
vn 0.9074 0.2630 -0.3276
vn 0.9176 0.2633 -0.2978
vn 0.9195 -0.2630 -0.2923
vn 0.9093 -0.2635 -0.3221
vn 0.8333 -0.4690 -0.2926
vn 0.8428 -0.4684 -0.2653
vn 0.8982 -0.2637 -0.3517
vn 0.8232 -0.4692 -0.3196
vn 0.7106 -0.6485 -0.2730
vn 0.7192 -0.6484 -0.2497
vn 0.7274 -0.6479 -0.2261
vn 0.5116 -0.8452 -0.1545
vn 0.5057 -0.8456 -0.1710
vn 0.4197 -0.8969 -0.1396
vn 0.4246 -0.8966 -0.1260
vn 0.4998 -0.8456 -0.1874
vn 0.4148 -0.8969 -0.1532
vn 0.3285 -0.9370 -0.1187
vn 0.3324 -0.9369 -0.1079
vn 0.3362 -0.9367 -0.0972
vn 0.1908 -0.9804 -0.0499
vn 0.1886 -0.9804 -0.0560
vn 0.1253 -0.9916 -0.0332
vn 0.1267 -0.9915 -0.0292
vn 0.1865 -0.9805 -0.0621
vn 0.1238 -0.9916 -0.0372
vn 0.0632 -0.9979 -0.0132
vn 0.0639 -0.9979 -0.0112
vn 0.0646 -0.9979 -0.0092
vn -0.0576 -0.9979 0.0300
vn -0.0569 -0.9979 0.0320
vn -0.1209 -0.9912 0.0548
vn -0.1223 -0.9912 0.0507
vn -0.0562 -0.9978 0.0340
vn -0.1194 -0.9911 0.0589
vn -0.1796 -0.9803 0.0825
vn -0.1817 -0.9804 0.0765
vn -0.1839 -0.9804 0.0704
vn -0.3296 -0.9369 0.1167
vn -0.3258 -0.9368 0.1275
vn -0.4166 -0.8950 0.1595
vn -0.4215 -0.8950 0.1457
vn -0.3219 -0.9366 0.1382
vn -0.4117 -0.8947 0.1732
vn -0.4938 -0.8450 0.2051
vn -0.4998 -0.8454 0.1886
vn -0.5056 -0.8454 0.1722
vn -0.7228 -0.6482 0.2396
vn -0.7146 -0.6481 0.2632
vn -0.8319 -0.4649 0.3030
vn -0.8413 -0.4650 0.2756
vn -0.7060 -0.6476 0.2866
vn -0.8218 -0.4645 0.3301
vn -0.8964 -0.2625 0.3572
vn -0.9075 -0.2631 0.3276
vn -0.9176 -0.2633 0.2978
vn -0.8731 0.2645 0.4096
vn -0.8591 0.2650 0.4379
vn -0.7891 0.4666 0.3995
vn -0.8020 0.4662 0.3735
vn -0.8442 0.2652 0.4658
vn -0.7756 0.4667 0.4251
vn -0.6680 0.6496 0.3630
vn -0.6796 0.6496 0.3410
vn -0.6907 0.6491 0.3187
vn -0.4859 0.8460 0.2195
vn -0.4779 0.8464 0.2351
vn -0.3997 0.8958 0.1943
vn -0.4063 0.8956 0.1813
vn -0.4699 0.8464 0.2506
vn -0.3930 0.8959 0.2072
vn -0.3090 0.9375 0.1600
vn -0.3142 0.9374 0.1499
vn -0.3194 0.9373 0.1397
vn -0.1814 0.9806 0.0739
vn -0.1784 0.9807 0.0796
vn -0.1210 0.9914 0.0500
vn -0.1230 0.9913 0.0461
vn -0.1755 0.9808 0.0853
vn -0.1190 0.9914 0.0538
vn -0.0596 0.9980 0.0208
vn -0.0606 0.9980 0.0189
vn -0.0616 0.9980 0.0170
vn 0.0545 0.9978 -0.0379
vn 0.0536 0.9978 -0.0397
vn 0.1116 0.9913 -0.0694
vn 0.1135 0.9914 -0.0657
vn 0.0526 0.9977 -0.0416
vn 0.1096 0.9913 -0.0732
vn 0.1686 0.9800 -0.1058
vn 0.1715 0.9801 -0.1001
vn 0.1745 0.9801 -0.0943
vn 0.3128 0.9364 -0.1593
vn 0.3076 0.9363 -0.1694
vn 0.3904 0.8960 -0.2114
vn 0.3969 0.8961 -0.1985
vn 0.3024 0.9361 -0.1796
vn 0.3838 0.8958 -0.2243
vn 0.4640 0.8442 -0.2682
vn 0.4720 0.8446 -0.2527
vn 0.4800 0.8446 -0.2371
vn 0.6862 0.6470 -0.3323
vn 0.6751 0.6469 -0.3546
vn 0.7841 0.4673 -0.4084
vn 0.7969 0.4675 -0.3825
vn 0.6635 0.6465 -0.3766
vn 0.7707 0.4667 -0.4339
vn 0.8425 0.2611 -0.4713
vn 0.8573 0.2616 -0.4434
vn 0.8713 0.2618 -0.4151
vn 0.8731 -0.2644 -0.4096
vn 0.8591 -0.2649 -0.4379
vn 0.7874 -0.4704 -0.3986
vn 0.8003 -0.4697 -0.3727
vn 0.8443 -0.2652 -0.4657
vn 0.7738 -0.4706 -0.4241
vn 0.6680 -0.6496 -0.3631
vn 0.6796 -0.6495 -0.3410
vn 0.6907 -0.6491 -0.3187
vn 0.4859 -0.8460 -0.2195
vn 0.4780 -0.8463 -0.2351
vn 0.3967 -0.8975 -0.1927
vn 0.4033 -0.8972 -0.1798
vn 0.4699 -0.8464 -0.2506
vn 0.3900 -0.8976 -0.2056
vn 0.3090 -0.9375 -0.1600
vn 0.3142 -0.9374 -0.1499
vn 0.3194 -0.9373 -0.1397
vn 0.1813 -0.9806 -0.0739
vn 0.1784 -0.9807 -0.0796
vn 0.1185 -0.9918 -0.0487
vn 0.1205 -0.9917 -0.0450
vn 0.1755 -0.9808 -0.0853
vn 0.1166 -0.9918 -0.0525
vn 0.0596 -0.9980 -0.0208
vn 0.0606 -0.9980 -0.0189
vn 0.0615 -0.9980 -0.0170
vn -0.0545 -0.9978 0.0378
vn -0.0536 -0.9978 0.0397
vn -0.1140 -0.9910 0.0707
vn -0.1160 -0.9910 0.0668
vn -0.0526 -0.9977 0.0416
vn -0.1120 -0.9909 0.0745
vn -0.1686 -0.9800 0.1058
vn -0.1715 -0.9801 0.1001
vn -0.1745 -0.9801 0.0943
vn -0.3129 -0.9364 0.1593
vn -0.3076 -0.9363 0.1694
vn -0.3935 -0.8943 0.2130
vn -0.4001 -0.8944 0.2000
vn -0.3024 -0.9361 0.1796
vn -0.3867 -0.8941 0.2259
vn -0.4640 -0.8442 0.2682
vn -0.4721 -0.8446 0.2527
vn -0.4800 -0.8446 0.2372
vn -0.6862 -0.6470 0.3323
vn -0.6751 -0.6469 0.3546
vn -0.7859 -0.4636 0.4092
vn -0.7988 -0.4636 0.3833
vn -0.6635 -0.6465 0.3766
vn -0.7723 -0.4631 0.4348
vn -0.8425 -0.2611 0.4713
vn -0.8573 -0.2616 0.4434
vn -0.8713 -0.2618 0.4151
vn -0.8118 0.2659 0.5199
vn -0.7942 0.2664 0.5461
vn -0.7295 0.4679 0.4988
vn -0.7457 0.4675 0.4748
vn -0.7759 0.2666 0.5718
vn -0.7128 0.4680 0.5224
vn -0.6140 0.6507 0.4467
vn -0.6283 0.6507 0.4264
vn -0.6423 0.6502 0.4058
vn -0.4519 0.8468 0.2806
vn -0.4420 0.8471 0.2950
vn -0.3697 0.8964 0.2443
vn -0.3780 0.8962 0.2323
vn -0.4320 0.8472 0.3093
vn -0.3614 0.8965 0.2563
vn -0.2842 0.9380 0.1985
vn -0.2907 0.9379 0.1891
vn -0.2972 0.9378 0.1797
vn -0.1688 0.9809 0.0964
vn -0.1652 0.9810 0.1017
vn -0.1121 0.9916 0.0648
vn -0.1146 0.9915 0.0613
vn -0.1615 0.9811 0.1070
vn -0.1096 0.9916 0.0684
vn -0.0551 0.9981 0.0278
vn -0.0563 0.9981 0.0261
vn -0.0575 0.9980 0.0244
vn 0.0505 0.9977 -0.0452
vn 0.0493 0.9977 -0.0469
vn 0.1029 0.9911 -0.0839
vn 0.1053 0.9912 -0.0805
vn 0.0481 0.9977 -0.0486
vn 0.1005 0.9911 -0.0874
vn 0.1546 0.9797 -0.1274
vn 0.1583 0.9798 -0.1221
vn 0.1620 0.9799 -0.1168
vn 0.2907 0.9359 -0.1992
vn 0.2842 0.9358 -0.2087
vn 0.3607 0.8954 -0.2611
vn 0.3689 0.8955 -0.2491
vn 0.2776 0.9356 -0.2181
vn 0.3524 0.8951 -0.2730
vn 0.4262 0.8435 -0.3270
vn 0.4362 0.8438 -0.3127
vn 0.4460 0.8439 -0.2982
vn 0.6379 0.6459 -0.4194
vn 0.6239 0.6458 -0.4400
vn 0.7248 0.4660 -0.5075
vn 0.7409 0.4662 -0.4835
vn 0.6096 0.6454 -0.4604
vn 0.7081 0.4654 -0.5311
vn 0.7741 0.2596 -0.5774
vn 0.7924 0.2601 -0.5517
vn 0.8100 0.2603 -0.5255
vn 0.8118 -0.2659 -0.5199
vn 0.7942 -0.2664 -0.5461
vn 0.7279 -0.4717 -0.4976
vn 0.7441 -0.4711 -0.4737
vn 0.7759 -0.2666 -0.5718
vn 0.7112 -0.4719 -0.5211
vn 0.6140 -0.6507 -0.4468
vn 0.6283 -0.6507 -0.4264
vn 0.6423 -0.6502 -0.4058
vn 0.4519 -0.8468 -0.2805
vn 0.4420 -0.8471 -0.2950
vn 0.3669 -0.8981 -0.2423
vn 0.3751 -0.8979 -0.2304
vn 0.4320 -0.8472 -0.3093
vn 0.3586 -0.8982 -0.2542
vn 0.2842 -0.9380 -0.1985
vn 0.2907 -0.9379 -0.1891
vn 0.2972 -0.9378 -0.1797
vn 0.1688 -0.9809 -0.0964
vn 0.1652 -0.9810 -0.1017
vn 0.1099 -0.9919 -0.0632
vn 0.1123 -0.9919 -0.0598
vn 0.1615 -0.9811 -0.1069
vn 0.1074 -0.9920 -0.0667
vn 0.0551 -0.9981 -0.0278
vn 0.0563 -0.9981 -0.0261
vn 0.0575 -0.9981 -0.0244
vn -0.0504 -0.9977 0.0452
vn -0.0492 -0.9977 0.0469
vn -0.1051 -0.9908 0.0855
vn -0.1076 -0.9908 0.0819
vn -0.0480 -0.9977 0.0486
vn -0.1027 -0.9907 0.0890
vn -0.1546 -0.9797 0.1274
vn -0.1583 -0.9798 0.1221
vn -0.1619 -0.9799 0.1168
vn -0.2906 -0.9359 0.1992
vn -0.2842 -0.9358 0.2087
vn -0.3635 -0.8937 0.2630
vn -0.3718 -0.8937 0.2510
vn -0.2776 -0.9356 0.2181
vn -0.3552 -0.8934 0.2750
vn -0.4262 -0.8435 0.3270
vn -0.4362 -0.8438 0.3127
vn -0.4460 -0.8439 0.2982
vn -0.6379 -0.6459 0.4194
vn -0.6239 -0.6458 0.4400
vn -0.7264 -0.4622 0.5086
vn -0.7426 -0.4623 0.4846
vn -0.6096 -0.6454 0.4604
vn -0.7096 -0.4618 0.5322
vn -0.7741 -0.2596 0.5774
vn -0.7925 -0.2601 0.5517
vn -0.8100 -0.2603 0.5255
vn -0.7366 0.2673 0.6213
vn -0.7158 0.2678 0.6450
vn -0.6576 0.4692 0.5895
vn -0.6767 0.4688 0.5677
vn -0.6942 0.2680 0.6680
vn -0.6379 0.4692 0.6107
vn -0.5495 0.6518 0.5227
vn -0.5664 0.6517 0.5044
vn -0.5830 0.6513 0.4858
vn -0.4103 0.8475 0.3367
vn -0.3986 0.8479 0.3497
vn -0.3335 0.8971 0.2900
vn -0.3432 0.8968 0.2791
vn -0.3868 0.8479 0.3625
vn -0.3237 0.8971 0.3008
vn -0.2546 0.9385 0.2334
vn -0.2623 0.9384 0.2249
vn -0.2699 0.9382 0.2164
vn -0.1535 0.9812 0.1171
vn -0.1492 0.9813 0.1218
vn -0.1014 0.9918 0.0783
vn -0.1043 0.9917 0.0751
vn -0.1449 0.9813 0.1266
vn -0.0985 0.9918 0.0815
vn -0.0497 0.9982 0.0342
vn -0.0511 0.9982 0.0327
vn -0.0525 0.9981 0.0311
vn 0.0455 0.9976 -0.0519
vn 0.0440 0.9976 -0.0535
vn 0.0924 0.9910 -0.0972
vn 0.0952 0.9910 -0.0941
vn 0.0426 0.9976 -0.0551
vn 0.0895 0.9909 -0.1003
vn 0.1380 0.9795 -0.1471
vn 0.1423 0.9795 -0.1423
vn 0.1466 0.9796 -0.1375
vn 0.2634 0.9354 -0.2360
vn 0.2558 0.9353 -0.2445
vn 0.3247 0.8948 -0.3064
vn 0.3344 0.8949 -0.2957
vn 0.2481 0.9351 -0.2530
vn 0.3150 0.8945 -0.3171
vn 0.3810 0.8428 -0.3803
vn 0.3928 0.8431 -0.3674
vn 0.4044 0.8431 -0.3544
vn 0.5786 0.6448 -0.4995
vn 0.5620 0.6448 -0.5181
vn 0.6530 0.4647 -0.5980
vn 0.6721 0.4649 -0.5763
vn 0.5451 0.6443 -0.5364
vn 0.6333 0.4641 -0.6192
vn 0.6925 0.2582 -0.6736
vn 0.7140 0.2587 -0.6506
vn 0.7349 0.2589 -0.6268
vn 0.7366 -0.2673 -0.6213
vn 0.7158 -0.2678 -0.6449
vn 0.6561 -0.4729 -0.5881
vn 0.6753 -0.4724 -0.5665
vn 0.6942 -0.2680 -0.6680
vn 0.6364 -0.4731 -0.6092
vn 0.5495 -0.6518 -0.5227
vn 0.5664 -0.6517 -0.5044
vn 0.5830 -0.6513 -0.4858
vn 0.4103 -0.8475 -0.3367
vn 0.3986 -0.8479 -0.3497
vn 0.3309 -0.8987 -0.2876
vn 0.3406 -0.8985 -0.2769
vn 0.3868 -0.8479 -0.3625
vn 0.3212 -0.8988 -0.2983
vn 0.2546 -0.9385 -0.2333
vn 0.2623 -0.9384 -0.2249
vn 0.2700 -0.9382 -0.2164
vn 0.1535 -0.9812 -0.1170
vn 0.1492 -0.9813 -0.1218
vn 0.0993 -0.9921 -0.0765
vn 0.1022 -0.9921 -0.0734
vn 0.1449 -0.9813 -0.1266
vn 0.0965 -0.9921 -0.0796
vn 0.0496 -0.9982 -0.0342
vn 0.0511 -0.9982 -0.0327
vn 0.0525 -0.9981 -0.0311
vn -0.0454 -0.9976 0.0519
vn -0.0440 -0.9976 0.0535
vn -0.0944 -0.9906 0.0990
vn -0.0973 -0.9906 0.0958
vn -0.0426 -0.9976 0.0550
vn -0.0915 -0.9905 0.1022
vn -0.1380 -0.9795 0.1471
vn -0.1423 -0.9795 0.1423
vn -0.1466 -0.9796 0.1375
vn -0.2634 -0.9354 0.2360
vn -0.2557 -0.9353 0.2445
vn -0.3273 -0.8931 0.3087
vn -0.3370 -0.8931 0.2979
vn -0.2481 -0.9351 0.2530
vn -0.3174 -0.8928 0.3195
vn -0.3810 -0.8428 0.3803
vn -0.3928 -0.8431 0.3674
vn -0.4044 -0.8431 0.3544
vn -0.5786 -0.6448 0.4994
vn -0.5620 -0.6448 0.5181
vn -0.6545 -0.4610 0.5993
vn -0.6737 -0.4610 0.5776
vn -0.5451 -0.6443 0.5364
vn -0.6347 -0.4606 0.6205
vn -0.6925 -0.2582 0.6736
vn -0.7140 -0.2587 0.6505
vn -0.7349 -0.2589 0.6268
vn -0.6488 0.2687 0.7119
vn -0.6251 0.2691 0.7327
vn -0.5744 0.4704 0.6700
vn -0.5962 0.4700 0.6509
vn -0.6007 0.2693 0.7527
vn -0.5521 0.4704 0.6884
vn -0.4757 0.6528 0.5895
vn -0.4949 0.6528 0.5736
vn -0.5137 0.6523 0.5573
vn -0.3617 0.8483 0.3868
vn -0.3484 0.8485 0.3982
vn -0.2916 0.8976 0.3305
vn -0.3027 0.8974 0.3210
vn -0.3351 0.8486 0.4094
vn -0.2804 0.8977 0.3399
vn -0.2207 0.9389 0.2641
vn -0.2294 0.9389 0.2567
vn -0.2381 0.9387 0.2493
vn -0.1356 0.9814 0.1355
vn -0.1307 0.9815 0.1397
vn -0.0889 0.9919 0.0904
vn -0.0922 0.9919 0.0876
vn -0.1258 0.9816 0.1439
vn -0.0857 0.9920 0.0932
vn -0.0434 0.9983 0.0399
vn -0.0450 0.9982 0.0385
vn -0.0466 0.9982 0.0372
vn 0.0396 0.9975 -0.0580
vn 0.0380 0.9975 -0.0593
vn 0.0802 0.9908 -0.1090
vn 0.0834 0.9908 -0.1062
vn 0.0364 0.9975 -0.0607
vn 0.0770 0.9908 -0.1117
vn 0.1189 0.9792 -0.1644
vn 0.1238 0.9793 -0.1602
vn 0.1287 0.9793 -0.1560
vn 0.2316 0.9349 -0.2689
vn 0.2229 0.9349 -0.2763
vn 0.2831 0.8942 -0.3467
vn 0.2941 0.8943 -0.3373
vn 0.2142 0.9347 -0.2837
vn 0.2721 0.8940 -0.3560
vn 0.3292 0.8421 -0.4273
vn 0.3426 0.8424 -0.4160
vn 0.3559 0.8424 -0.4046
vn 0.5093 0.6438 -0.5711
vn 0.4905 0.6437 -0.5874
vn 0.5700 0.4635 -0.6784
vn 0.5917 0.4637 -0.6594
vn 0.4713 0.6433 -0.6033
vn 0.5477 0.4630 -0.6969
vn 0.5990 0.2569 -0.7584
vn 0.6234 0.2574 -0.7383
vn 0.6471 0.2576 -0.7176
vn 0.6488 -0.2687 -0.7119
vn 0.6251 -0.2691 -0.7327
vn 0.5731 -0.4741 -0.6684
vn 0.5949 -0.4736 -0.6495
vn 0.6007 -0.2693 -0.7527
vn 0.5508 -0.4743 -0.6868
vn 0.4757 -0.6528 -0.5895
vn 0.4948 -0.6528 -0.5736
vn 0.5137 -0.6523 -0.5573
vn 0.3617 -0.8483 -0.3869
vn 0.3484 -0.8486 -0.3982
vn 0.2893 -0.8993 -0.3279
vn 0.3004 -0.8991 -0.3185
vn 0.3350 -0.8486 -0.4094
vn 0.2783 -0.8994 -0.3372
vn 0.2207 -0.9389 -0.2641
vn 0.2294 -0.9389 -0.2567
vn 0.2381 -0.9387 -0.2493
vn 0.1356 -0.9814 -0.1355
vn 0.1307 -0.9815 -0.1397
vn 0.0872 -0.9923 -0.0883
vn 0.0904 -0.9922 -0.0855
vn 0.1258 -0.9816 -0.1439
vn 0.0839 -0.9923 -0.0910
vn 0.0434 -0.9983 -0.0399
vn 0.0450 -0.9982 -0.0385
vn 0.0466 -0.9982 -0.0371
vn -0.0396 -0.9975 0.0580
vn -0.0380 -0.9975 0.0593
vn -0.0820 -0.9904 0.1110
vn -0.0853 -0.9905 0.1082
vn -0.0364 -0.9975 0.0607
vn -0.0787 -0.9904 0.1138
vn -0.1189 -0.9792 0.1643
vn -0.1238 -0.9793 0.1602
vn -0.1287 -0.9793 0.1560
vn -0.2316 -0.9349 0.2689
vn -0.2229 -0.9349 0.2763
vn -0.2854 -0.8925 0.3493
vn -0.2965 -0.8925 0.3398
vn -0.2142 -0.9347 0.2837
vn -0.2742 -0.8923 0.3587
vn -0.3292 -0.8421 0.4273
vn -0.3426 -0.8424 0.4160
vn -0.3559 -0.8424 0.4046
vn -0.5093 -0.6438 0.5711
vn -0.4905 -0.6437 0.5874
vn -0.5713 -0.4598 0.6799
vn -0.5931 -0.4598 0.6609
vn -0.4713 -0.6433 0.6033
vn -0.5489 -0.4594 0.6983
vn -0.5990 -0.2570 0.7584
vn -0.6234 -0.2574 0.7383
vn -0.6471 -0.2576 0.7176
vn -0.5500 0.2699 0.7903
vn -0.5237 0.2703 0.8079
vn -0.4814 0.4715 0.7389
vn -0.5055 0.4711 0.7229
vn -0.4970 0.2705 0.8245
vn -0.4568 0.4715 0.7543
vn -0.3938 0.6537 0.6462
vn -0.4149 0.6537 0.6329
vn -0.4357 0.6533 0.6192
vn -0.3070 0.8489 0.4303
vn -0.2923 0.8492 0.4398
vn -0.2447 0.8982 0.3652
vn -0.2570 0.8980 0.3573
vn -0.2776 0.8492 0.4492
vn -0.2325 0.8982 0.3731
vn -0.1831 0.9393 0.2901
vn -0.1927 0.9393 0.2839
vn -0.2023 0.9391 0.2777
vn -0.1154 0.9817 0.1515
vn -0.1100 0.9818 0.1550
vn -0.0751 0.9921 0.1006
vn -0.0787 0.9920 0.0983
vn -0.1046 0.9818 0.1585
vn -0.0714 0.9921 0.1030
vn -0.0365 0.9983 0.0446
vn -0.0383 0.9983 0.0435
vn -0.0400 0.9983 0.0424
vn 0.0330 0.9975 -0.0632
vn 0.0313 0.9974 -0.0643
vn 0.0666 0.9907 -0.1191
vn 0.0702 0.9907 -0.1167
vn 0.0295 0.9974 -0.0655
vn 0.0631 0.9906 -0.1213
vn 0.0978 0.9790 -0.1790
vn 0.1032 0.9791 -0.1755
vn 0.1086 0.9791 -0.1720
vn 0.1958 0.9345 -0.2973
vn 0.1862 0.9344 -0.3036
vn 0.2367 0.8937 -0.3812
vn 0.2488 0.8937 -0.3733
vn 0.1766 0.9343 -0.3097
vn 0.2245 0.8935 -0.3890
vn 0.2718 0.8414 -0.4670
vn 0.2865 0.8417 -0.4576
vn 0.3012 0.8417 -0.4481
vn 0.4313 0.6428 -0.6330
vn 0.4105 0.6428 -0.6467
vn 0.4772 0.4624 -0.7473
vn 0.5013 0.4626 -0.7313
vn 0.3894 0.6424 -0.6600
vn 0.4527 0.4619 -0.7627
vn 0.4953 0.2558 -0.8302
vn 0.5220 0.2562 -0.8135
vn 0.5483 0.2563 -0.7960
vn 0.5500 -0.2699 -0.7903
vn 0.5238 -0.2703 -0.8078
vn 0.4803 -0.4752 -0.7372
vn 0.5044 -0.4747 -0.7213
vn 0.4970 -0.2705 -0.8245
vn 0.4558 -0.4754 -0.7525
vn 0.3938 -0.6537 -0.6462
vn 0.4149 -0.6537 -0.6329
vn 0.4357 -0.6533 -0.6192
vn 0.3070 -0.8489 -0.4303
vn 0.2923 -0.8492 -0.4398
vn 0.2429 -0.8999 -0.3623
vn 0.2550 -0.8996 -0.3545
vn 0.2776 -0.8492 -0.4492
vn 0.2307 -0.8999 -0.3701
vn 0.1831 -0.9393 -0.2901
vn 0.1927 -0.9393 -0.2839
vn 0.2023 -0.9391 -0.2777
vn 0.1155 -0.9817 -0.1515
vn 0.1100 -0.9818 -0.1550
vn 0.0736 -0.9924 -0.0983
vn 0.0771 -0.9924 -0.0961
vn 0.1046 -0.9818 -0.1585
vn 0.0700 -0.9925 -0.1006
vn 0.0365 -0.9983 -0.0446
vn 0.0383 -0.9983 -0.0435
vn 0.0400 -0.9983 -0.0424
vn -0.0330 -0.9975 0.0632
vn -0.0313 -0.9974 0.0643
vn -0.0681 -0.9903 0.1213
vn -0.0717 -0.9903 0.1190
vn -0.0295 -0.9974 0.0655
vn -0.0645 -0.9902 0.1237
vn -0.0978 -0.9790 0.1790
vn -0.1032 -0.9791 0.1755
vn -0.1086 -0.9791 0.1720
vn -0.1958 -0.9345 0.2973
vn -0.1862 -0.9344 0.3036
vn -0.2385 -0.8920 0.3841
vn -0.2508 -0.8920 0.3761
vn -0.1766 -0.9343 0.3097
vn -0.2263 -0.8917 0.3919
vn -0.2718 -0.8414 0.4671
vn -0.2865 -0.8417 0.4576
vn -0.3011 -0.8417 0.4481
vn -0.4313 -0.6428 0.6331
vn -0.4105 -0.6428 0.6468
vn -0.4783 -0.4587 0.7489
vn -0.5024 -0.4587 0.7329
vn -0.3894 -0.6424 0.6601
vn -0.4537 -0.4583 0.7643
vn -0.4953 -0.2558 0.8302
vn -0.5220 -0.2562 0.8135
vn -0.5483 -0.2564 0.7960
vn -0.4418 0.2710 0.8552
vn -0.4135 0.2714 0.8691
vn -0.3802 0.4725 0.7951
vn -0.4062 0.4721 0.7824
vn -0.3847 0.2715 0.8822
vn -0.3538 0.4725 0.8072
vn -0.3052 0.6545 0.6917
vn -0.3278 0.6545 0.6813
vn -0.3502 0.6541 0.6704
vn -0.2470 0.8495 0.4662
vn -0.2313 0.8498 0.4737
vn -0.1938 0.8987 0.3935
vn -0.2069 0.8984 0.3873
vn -0.2155 0.8498 0.4811
vn -0.1806 0.8987 0.3997
vn -0.1424 0.9397 0.3110
vn -0.1528 0.9397 0.3061
vn -0.1631 0.9395 0.3012
vn -0.0934 0.9819 0.1648
vn -0.0876 0.9820 0.1675
vn -0.0600 0.9922 0.1090
vn -0.0639 0.9922 0.1072
vn -0.0818 0.9820 0.1703
vn -0.0561 0.9922 0.1109
vn -0.0291 0.9984 0.0485
vn -0.0310 0.9984 0.0476
vn -0.0329 0.9984 0.0467
vn 0.0258 0.9974 -0.0675
vn 0.0239 0.9974 -0.0684
vn 0.0518 0.9905 -0.1273
vn 0.0557 0.9905 -0.1255
vn 0.0220 0.9974 -0.0693
vn 0.0480 0.9905 -0.1291
vn 0.0749 0.9788 -0.1908
vn 0.0807 0.9788 -0.1880
vn 0.0865 0.9789 -0.1853
vn 0.1566 0.9341 -0.3209
vn 0.1462 0.9341 -0.3258
vn 0.1861 0.8932 -0.4093
vn 0.1992 0.8932 -0.4031
vn 0.1359 0.9339 -0.3307
vn 0.1730 0.8930 -0.4155
vn 0.2096 0.8409 -0.4990
vn 0.2254 0.8411 -0.4916
vn 0.2412 0.8411 -0.4840
vn 0.3459 0.6420 -0.6843
vn 0.3234 0.6420 -0.6952
vn 0.3762 0.4615 -0.8035
vn 0.4021 0.4616 -0.7907
vn 0.3008 0.6416 -0.7056
vn 0.3499 0.4610 -0.8155
vn 0.3830 0.2547 -0.8879
vn 0.4117 0.2551 -0.8749
vn 0.4400 0.2552 -0.8609
vn 0.4418 -0.2710 -0.8552
vn 0.4135 -0.2714 -0.8691
vn 0.3793 -0.4762 -0.7933
vn 0.4053 -0.4757 -0.7807
vn 0.3847 -0.2716 -0.8822
vn 0.3530 -0.4763 -0.8053
vn 0.3052 -0.6545 -0.6917
vn 0.3278 -0.6545 -0.6813
vn 0.3502 -0.6541 -0.6704
vn 0.2470 -0.8495 -0.4662
vn 0.2313 -0.8498 -0.4737
vn 0.1923 -0.9003 -0.3904
vn 0.2054 -0.9001 -0.3842
vn 0.2155 -0.8498 -0.4811
vn 0.1792 -0.9004 -0.3965
vn 0.1424 -0.9397 -0.3110
vn 0.1528 -0.9397 -0.3061
vn 0.1631 -0.9395 -0.3012
vn 0.0934 -0.9819 -0.1648
vn 0.0876 -0.9820 -0.1675
vn 0.0588 -0.9926 -0.1066
vn 0.0626 -0.9925 -0.1048
vn 0.0817 -0.9820 -0.1703
vn 0.0550 -0.9926 -0.1084
vn 0.0291 -0.9984 -0.0485
vn 0.0310 -0.9984 -0.0476
vn 0.0329 -0.9984 -0.0467
vn -0.0258 -0.9974 0.0675
vn -0.0239 -0.9974 0.0684
vn -0.0530 -0.9901 0.1297
vn -0.0569 -0.9902 0.1279
vn -0.0220 -0.9974 0.0693
vn -0.0491 -0.9901 0.1316
vn -0.0749 -0.9788 0.1908
vn -0.0807 -0.9788 0.1880
vn -0.0865 -0.9789 0.1853
vn -0.1566 -0.9341 0.3209
vn -0.1462 -0.9341 0.3258
vn -0.1876 -0.8915 0.4124
vn -0.2007 -0.8915 0.4062
vn -0.1359 -0.9339 0.3307
vn -0.1744 -0.8913 0.4186
vn -0.2096 -0.8409 0.4990
vn -0.2255 -0.8411 0.4916
vn -0.2412 -0.8411 0.4841
vn -0.3459 -0.6420 0.6843
vn -0.3234 -0.6420 0.6952
vn -0.3771 -0.4577 0.8052
vn -0.4031 -0.4577 0.7925
vn -0.3008 -0.6416 0.7056
vn -0.3507 -0.4573 0.8172
vn -0.3830 -0.2547 0.8879
vn -0.4117 -0.2551 0.8749
vn -0.4400 -0.2552 0.8609
vn -0.3260 0.2720 0.9054
vn -0.2961 0.2724 0.9155
vn -0.2725 0.4733 0.8377
vn -0.2999 0.4730 0.8284
vn -0.2659 0.2725 0.9247
vn -0.2448 0.4733 0.8462
vn -0.2114 0.6552 0.7252
vn -0.2352 0.6553 0.7178
vn -0.2589 0.6549 0.7100
vn -0.1829 0.8500 0.4939
vn -0.1663 0.8503 0.4994
vn -0.1396 0.8991 0.4150
vn -0.1534 0.8989 0.4105
vn -0.1497 0.8503 0.5046
vn -0.1257 0.8991 0.4194
vn -0.0994 0.9400 0.3264
vn -0.1102 0.9400 0.3229
vn -0.1211 0.9398 0.3194
vn -0.0698 0.9821 0.1750
vn -0.0636 0.9822 0.1770
vn -0.0439 0.9923 0.1154
vn -0.0480 0.9923 0.1141
vn -0.0575 0.9822 0.1789
vn -0.0398 0.9924 0.1167
vn -0.0211 0.9985 0.0513
vn -0.0231 0.9984 0.0507
vn -0.0251 0.9984 0.0500
vn 0.0181 0.9973 -0.0709
vn 0.0161 0.9973 -0.0715
vn 0.0361 0.9904 -0.1335
vn 0.0401 0.9904 -0.1322
vn 0.0141 0.9973 -0.0721
vn 0.0321 0.9904 -0.1348
vn 0.0506 0.9786 -0.1995
vn 0.0568 0.9787 -0.1975
vn 0.0629 0.9787 -0.1955
vn 0.1146 0.9338 -0.3391
vn 0.1037 0.9337 -0.3426
vn 0.1323 0.8928 -0.4306
vn 0.1460 0.8928 -0.4261
vn 0.0928 0.9336 -0.3461
vn 0.1185 0.8926 -0.4350
vn 0.1438 0.8404 -0.5226
vn 0.1605 0.8406 -0.5173
vn 0.1771 0.8406 -0.5119
vn 0.2545 0.6412 -0.7240
vn 0.2308 0.6412 -0.7318
vn 0.2687 0.4606 -0.8460
vn 0.2961 0.4606 -0.8367
vn 0.2070 0.6409 -0.7392
vn 0.2411 0.4601 -0.8545
vn 0.2642 0.2538 -0.9305
vn 0.2944 0.2541 -0.9213
vn 0.3243 0.2542 -0.9112
vn 0.3260 -0.2720 -0.9054
vn 0.2961 -0.2724 -0.9155
vn 0.2719 -0.4771 -0.8357
vn 0.2993 -0.4766 -0.8266
vn 0.2659 -0.2725 -0.9247
vn 0.2443 -0.4771 -0.8442
vn 0.2114 -0.6552 -0.7252
vn 0.2352 -0.6553 -0.7178
vn 0.2589 -0.6549 -0.7100
vn 0.1829 -0.8500 -0.4939
vn 0.1663 -0.8503 -0.4993
vn 0.1385 -0.9007 -0.4117
vn 0.1523 -0.9005 -0.4072
vn 0.1497 -0.8503 -0.5046
vn 0.1247 -0.9008 -0.4160
vn 0.0994 -0.9400 -0.3264
vn 0.1102 -0.9400 -0.3229
vn 0.1211 -0.9398 -0.3194
vn 0.0698 -0.9821 -0.1750
vn 0.0636 -0.9822 -0.1770
vn 0.0431 -0.9927 -0.1128
vn 0.0471 -0.9926 -0.1115
vn 0.0575 -0.9822 -0.1790
vn 0.0390 -0.9927 -0.1141
vn 0.0211 -0.9985 -0.0513
vn 0.0232 -0.9984 -0.0507
vn 0.0252 -0.9984 -0.0500
vn -0.0181 -0.9973 0.0708
vn -0.0161 -0.9973 0.0715
vn -0.0369 -0.9900 0.1361
vn -0.0411 -0.9900 0.1348
vn -0.0141 -0.9973 0.0721
vn -0.0328 -0.9900 0.1374
vn -0.0506 -0.9786 0.1995
vn -0.0568 -0.9787 0.1975
vn -0.0629 -0.9787 0.1955
vn -0.1146 -0.9338 0.3391
vn -0.1037 -0.9337 0.3426
vn -0.1333 -0.8911 0.4339
vn -0.1472 -0.8910 0.4294
vn -0.0928 -0.9336 0.3461
vn -0.1194 -0.8909 0.4383
vn -0.1438 -0.8404 0.5226
vn -0.1605 -0.8406 0.5173
vn -0.1771 -0.8406 0.5119
vn -0.2545 -0.6412 0.7240
vn -0.2308 -0.6412 0.7318
vn -0.2694 -0.4568 0.8478
vn -0.2968 -0.4568 0.8386
vn -0.2070 -0.6408 0.7392
vn -0.2417 -0.4565 0.8563
vn -0.2642 -0.2538 0.9305
vn -0.2944 -0.2541 0.9213
vn -0.3243 -0.2542 0.9112
vn -0.2047 0.2729 0.9400
vn -0.1737 0.2732 0.9461
vn -0.1602 0.4741 0.8658
vn -0.1886 0.4738 0.8602
vn -0.1426 0.2732 0.9513
vn -0.1317 0.4740 0.8706
vn -0.1141 0.6558 0.7462
vn -0.1387 0.6559 0.7420
vn -0.1631 0.6555 0.7373
vn -0.1158 0.8505 0.5131
vn -0.0986 0.8507 0.5163
vn -0.0830 0.8994 0.4291
vn -0.0973 0.8992 0.4265
vn -0.0814 0.8507 0.5194
vn -0.0686 0.8994 0.4317
vn -0.0546 0.9403 0.3360
vn -0.0659 0.9403 0.3340
vn -0.0771 0.9401 0.3320
vn -0.0450 0.9823 0.1821
vn -0.0387 0.9823 0.1832
vn -0.0271 0.9925 0.1196
vn -0.0314 0.9924 0.1188
vn -0.0323 0.9823 0.1844
vn -0.0229 0.9925 0.1204
vn -0.0129 0.9985 0.0531
vn -0.0150 0.9985 0.0527
vn -0.0171 0.9985 0.0523
vn 0.0101 0.9973 -0.0732
vn 0.0080 0.9973 -0.0735
vn 0.0197 0.9903 -0.1376
vn 0.0239 0.9903 -0.1368
vn 0.0059 0.9972 -0.0739
vn 0.0155 0.9903 -0.1384
vn 0.0255 0.9785 -0.2049
vn 0.0318 0.9785 -0.2037
vn 0.0381 0.9785 -0.2026
vn 0.0706 0.9335 -0.3516
vn 0.0593 0.9335 -0.3537
vn 0.0761 0.8924 -0.4447
vn 0.0904 0.8924 -0.4420
vn 0.0481 0.9333 -0.3557
vn 0.0619 0.8923 -0.4472
vn 0.0755 0.8400 -0.5373
vn 0.0927 0.8402 -0.5343
vn 0.1099 0.8402 -0.5311
vn 0.1586 0.6405 -0.7514
vn 0.1342 0.6406 -0.7561
vn 0.1566 0.4599 -0.8741
vn 0.1850 0.4599 -0.8685
vn 0.1096 0.6403 -0.7603
vn 0.1282 0.4595 -0.8789
vn 0.1408 0.2530 -0.9572
vn 0.1719 0.2533 -0.9520
vn 0.2029 0.2534 -0.9458
vn 0.2047 -0.2729 -0.9400
vn 0.1738 -0.2732 -0.9461
vn 0.1599 -0.4778 -0.8638
vn 0.1882 -0.4774 -0.8583
vn 0.1426 -0.2732 -0.9513
vn 0.1314 -0.4778 -0.8686
vn 0.1141 -0.6558 -0.7462
vn 0.1386 -0.6559 -0.7420
vn 0.1631 -0.6556 -0.7373
vn 0.1158 -0.8505 -0.5131
vn 0.0986 -0.8507 -0.5163
vn 0.0824 -0.9011 -0.4257
vn 0.0966 -0.9009 -0.4231
vn 0.0814 -0.8507 -0.5194
vn 0.0681 -0.9011 -0.4283
vn 0.0546 -0.9403 -0.3360
vn 0.0659 -0.9403 -0.3340
vn 0.0771 -0.9401 -0.3320
vn 0.0450 -0.9823 -0.1821
vn 0.0387 -0.9823 -0.1832
vn 0.0267 -0.9928 -0.1169
vn 0.0308 -0.9928 -0.1161
vn 0.0323 -0.9823 -0.1844
vn 0.0225 -0.9928 -0.1176
vn 0.0129 -0.9985 -0.0531
vn 0.0150 -0.9985 -0.0527
vn 0.0171 -0.9985 -0.0523
vn -0.0101 -0.9973 0.0731
vn -0.0080 -0.9973 0.0735
vn -0.0202 -0.9899 0.1403
vn -0.0244 -0.9899 0.1395
vn -0.0059 -0.9972 0.0739
vn -0.0159 -0.9899 0.1411
vn -0.0255 -0.9785 0.2049
vn -0.0318 -0.9785 0.2037
vn -0.0381 -0.9785 0.2026
vn -0.0706 -0.9335 0.3516
vn -0.0593 -0.9335 0.3537
vn -0.0768 -0.8907 0.4481
vn -0.0911 -0.8907 0.4454
vn -0.0481 -0.9333 0.3557
vn -0.0624 -0.8905 0.4506
vn -0.0755 -0.8400 0.5373
vn -0.0927 -0.8402 0.5343
vn -0.1099 -0.8402 0.5311
vn -0.1587 -0.6405 0.7514
vn -0.1342 -0.6406 0.7561
vn -0.1570 -0.4561 0.8760
vn -0.1855 -0.4560 0.8704
vn -0.1096 -0.6403 0.7603
vn -0.1285 -0.4558 0.8808
vn -0.1408 -0.2530 0.9572
vn -0.1720 -0.2533 0.9520
vn -0.2029 -0.2534 0.9458
vn -0.0799 0.2735 0.9585
vn -0.0484 0.2738 0.9606
vn -0.0452 0.4747 0.8790
vn -0.0741 0.4744 0.8772
vn -0.0169 0.2738 0.9616
vn -0.0163 0.4746 0.8801
vn -0.0149 0.6563 0.7544
vn -0.0397 0.6564 0.7534
vn -0.0646 0.6561 0.7519
vn -0.0467 0.8508 0.5234
vn -0.0292 0.8510 0.5243
vn -0.0251 0.8997 0.4358
vn -0.0397 0.8995 0.4350
vn -0.0118 0.8510 0.5251
vn -0.0105 0.8997 0.4365
vn -0.0091 0.9405 0.3398
vn -0.0205 0.9405 0.3392
vn -0.0319 0.9404 0.3387
vn -0.0196 0.9824 0.1859
vn -0.0131 0.9824 0.1862
vn -0.0100 0.9925 0.1216
vn -0.0143 0.9925 0.1213
vn -0.0067 0.9824 0.1865
vn -0.0057 0.9925 0.1218
vn -0.0046 0.9985 0.0538
vn -0.0067 0.9985 0.0537
vn -0.0088 0.9985 0.0536
vn 0.0017 0.9972 -0.0744
vn -0.0004 0.9972 -0.0745
vn 0.0029 0.9902 -0.1395
vn 0.0071 0.9902 -0.1393
vn -0.0025 0.9972 -0.0746
vn -0.0014 0.9902 -0.1397
vn -0.0002 0.9783 -0.2070
vn 0.0062 0.9784 -0.2067
vn 0.0127 0.9784 -0.2064
vn 0.0253 0.9332 -0.3584
vn 0.0139 0.9333 -0.3589
vn 0.0186 0.8922 -0.4513
vn 0.0331 0.8921 -0.4505
vn 0.0025 0.9331 -0.3595
vn 0.0042 0.8920 -0.4520
vn 0.0059 0.8397 -0.5431
vn 0.0233 0.8399 -0.5423
vn 0.0408 0.8398 -0.5413
vn 0.0601 0.6400 -0.7660
vn 0.0352 0.6401 -0.7675
vn 0.0418 0.4593 -0.8873
vn 0.0707 0.4592 -0.8855
vn 0.0103 0.6398 -0.7685
vn 0.0130 0.4589 -0.8884
vn 0.0150 0.2524 -0.9675
vn 0.0466 0.2527 -0.9664
vn 0.0781 0.2527 -0.9644
vn 0.0799 -0.2735 -0.9585
vn 0.0484 -0.2738 -0.9606
vn 0.0451 -0.4784 -0.8770
vn 0.0740 -0.4780 -0.8752
vn 0.0169 -0.2738 -0.9616
vn 0.0162 -0.4783 -0.8780
vn 0.0149 -0.6563 -0.7544
vn 0.0397 -0.6564 -0.7534
vn 0.0646 -0.6561 -0.7519
vn 0.0467 -0.8508 -0.5234
vn 0.0292 -0.8510 -0.5243
vn 0.0249 -0.9014 -0.4323
vn 0.0394 -0.9012 -0.4316
vn 0.0118 -0.8510 -0.5251
vn 0.0105 -0.9013 -0.4330
vn 0.0091 -0.9405 -0.3398
vn 0.0205 -0.9405 -0.3392
vn 0.0319 -0.9404 -0.3386
vn 0.0196 -0.9824 -0.1859
vn 0.0131 -0.9824 -0.1862
vn 0.0099 -0.9929 -0.1188
vn 0.0141 -0.9928 -0.1186
vn 0.0067 -0.9824 -0.1865
vn 0.0056 -0.9929 -0.1190
vn 0.0046 -0.9985 -0.0538
vn 0.0067 -0.9985 -0.0537
vn 0.0088 -0.9985 -0.0536
vn -0.0017 -0.9972 0.0744
vn 0.0004 -0.9972 0.0745
vn -0.0030 -0.9898 0.1423
vn -0.0073 -0.9898 0.1421
vn 0.0024 -0.9972 0.0746
vn 0.0013 -0.9898 0.1425
vn 0.0002 -0.9783 0.2070
vn -0.0062 -0.9784 0.2067
vn -0.0127 -0.9784 0.2064
vn -0.0253 -0.9332 0.3583
vn -0.0139 -0.9333 0.3589
vn -0.0188 -0.8904 0.4547
vn -0.0334 -0.8904 0.4540
vn -0.0025 -0.9331 0.3595
vn -0.0042 -0.8903 0.4554
vn -0.0059 -0.8397 0.5431
vn -0.0233 -0.8399 0.5423
vn -0.0408 -0.8398 0.5413
vn -0.0601 -0.6400 0.7660
vn -0.0352 -0.6401 0.7675
vn -0.0419 -0.4555 0.8892
vn -0.0709 -0.4554 0.8875
vn -0.0103 -0.6398 0.7685
vn -0.0130 -0.4552 0.8903
vn -0.0150 -0.2524 0.9675
vn -0.0466 -0.2527 0.9664
vn -0.0781 -0.2527 0.9644
vn 0.0463 0.2740 0.9606
vn 0.0777 0.2743 0.9585
vn 0.0705 0.4751 0.8771
vn 0.0417 0.4748 0.8791
vn 0.1091 0.2742 0.9555
vn 0.0994 0.4749 0.8744
vn 0.0846 0.6566 0.7495
vn 0.0598 0.6567 0.7518
vn 0.0350 0.6565 0.7536
vn 0.0232 0.8511 0.5245
vn 0.0406 0.8513 0.5232
vn 0.0332 0.8999 0.4348
vn 0.0187 0.8998 0.4360
vn 0.0580 0.8512 0.5216
vn 0.0477 0.8998 0.4336
vn 0.0366 0.9406 0.3375
vn 0.0252 0.9406 0.3385
vn 0.0138 0.9405 0.3394
vn 0.0062 0.9825 0.1863
vn 0.0126 0.9825 0.1858
vn 0.0073 0.9926 0.1213
vn 0.0030 0.9926 0.1216
vn 0.0190 0.9825 0.1852
vn 0.0116 0.9926 0.1209
vn 0.0038 0.9986 0.0534
vn 0.0017 0.9986 0.0535
vn -0.0004 0.9986 0.0537
vn -0.0067 0.9972 -0.0745
vn -0.0087 0.9972 -0.0744
vn -0.0140 0.9902 -0.1393
vn -0.0098 0.9902 -0.1396
vn -0.0108 0.9972 -0.0742
vn -0.0183 0.9901 -0.1389
vn -0.0259 0.9783 -0.2057
vn -0.0195 0.9783 -0.2063
vn -0.0131 0.9783 -0.2068
vn -0.0204 0.9331 -0.3591
vn -0.0318 0.9331 -0.3582
vn -0.0392 0.8920 -0.4504
vn -0.0248 0.8919 -0.4515
vn -0.0432 0.9330 -0.3573
vn -0.0537 0.8918 -0.4492
vn -0.0640 0.8394 -0.5397
vn -0.0465 0.8396 -0.5412
vn -0.0291 0.8395 -0.5425
vn -0.0395 0.6396 -0.7677
vn -0.0644 0.6398 -0.7659
vn -0.0737 0.4589 -0.8854
vn -0.0449 0.4588 -0.8874
vn -0.0892 0.6395 -0.7636
vn -0.1025 0.4586 -0.8827
vn -0.1110 0.2520 -0.9613
vn -0.0796 0.2522 -0.9644
vn -0.0481 0.2522 -0.9665
vn -0.0463 -0.2740 -0.9606
vn -0.0777 -0.2743 -0.9585
vn -0.0704 -0.4788 -0.8751
vn -0.0415 -0.4785 -0.8771
vn -0.1091 -0.2742 -0.9555
vn -0.0991 -0.4787 -0.8724
vn -0.0846 -0.6566 -0.7495
vn -0.0598 -0.6567 -0.7518
vn -0.0350 -0.6565 -0.7536
vn -0.0231 -0.8511 -0.5245
vn -0.0406 -0.8513 -0.5231
vn -0.0329 -0.9016 -0.4314
vn -0.0185 -0.9014 -0.4325
vn -0.0580 -0.8512 -0.5216
vn -0.0473 -0.9015 -0.4302
vn -0.0366 -0.9406 -0.3375
vn -0.0252 -0.9406 -0.3385
vn -0.0138 -0.9405 -0.3394
vn -0.0062 -0.9825 -0.1863
vn -0.0126 -0.9825 -0.1858
vn -0.0071 -0.9929 -0.1186
vn -0.0028 -0.9929 -0.1189
vn -0.0190 -0.9825 -0.1852
vn -0.0113 -0.9929 -0.1182
vn -0.0038 -0.9986 -0.0534
vn -0.0017 -0.9986 -0.0535
vn 0.0004 -0.9986 -0.0537
vn 0.0066 -0.9972 0.0745
vn 0.0087 -0.9972 0.0744
vn 0.0143 -0.9898 0.1420
vn 0.0099 -0.9898 0.1423
vn 0.0108 -0.9972 0.0742
vn 0.0186 -0.9897 0.1416
vn 0.0259 -0.9783 0.2057
vn 0.0195 -0.9783 0.2063
vn 0.0131 -0.9783 0.2068
vn 0.0204 -0.9331 0.3591
vn 0.0318 -0.9331 0.3582
vn 0.0395 -0.8902 0.4538
vn 0.0250 -0.8902 0.4549
vn 0.0432 -0.9330 0.3572
vn 0.0541 -0.8901 0.4525
vn 0.0640 -0.8395 0.5397
vn 0.0465 -0.8396 0.5412
vn 0.0291 -0.8395 0.5425
vn 0.0396 -0.6396 0.7677
vn 0.0644 -0.6398 0.7659
vn 0.0739 -0.4551 0.8874
vn 0.0450 -0.4550 0.8894
vn 0.0892 -0.6395 0.7636
vn 0.1027 -0.4548 0.8846
vn 0.1110 -0.2520 0.9613
vn 0.0796 -0.2522 0.9644
vn 0.0481 -0.2522 0.9665
vn 0.1716 0.2743 0.9462
vn 0.2025 0.2745 0.9400
vn 0.1850 0.4753 0.8601
vn 0.1567 0.4751 0.8659
vn 0.2333 0.2744 0.9329
vn 0.2133 0.4751 0.8537
vn 0.1826 0.6568 0.7317
vn 0.1583 0.6569 0.7372
vn 0.1339 0.6567 0.7422
vn 0.0925 0.8513 0.5165
vn 0.1096 0.8514 0.5129
vn 0.0909 0.9000 0.4263
vn 0.0766 0.8999 0.4293
vn 0.1267 0.8513 0.5092
vn 0.1051 0.8999 0.4232
vn 0.0816 0.9407 0.3294
vn 0.0704 0.9407 0.3318
vn 0.0592 0.9406 0.3342
vn 0.0317 0.9825 0.1834
vn 0.0380 0.9826 0.1820
vn 0.0244 0.9926 0.1187
vn 0.0201 0.9926 0.1197
vn 0.0443 0.9826 0.1806
vn 0.0286 0.9926 0.1178
vn 0.0121 0.9986 0.0519
vn 0.0100 0.9986 0.0523
vn 0.0080 0.9986 0.0527
vn -0.0150 0.9972 -0.0736
vn -0.0171 0.9972 -0.0731
vn -0.0308 0.9901 -0.1368
vn -0.0266 0.9901 -0.1377
vn -0.0191 0.9972 -0.0727
vn -0.0349 0.9901 -0.1359
vn -0.0512 0.9782 -0.2011
vn -0.0449 0.9783 -0.2025
vn -0.0387 0.9782 -0.2038
vn -0.0659 0.9330 -0.3539
vn -0.0771 0.9330 -0.3515
vn -0.0965 0.8919 -0.4419
vn -0.0823 0.8918 -0.4449
vn -0.0882 0.9329 -0.3491
vn -0.1107 0.8917 -0.4388
vn -0.1327 0.8393 -0.5272
vn -0.1157 0.8395 -0.5309
vn -0.0986 0.8394 -0.5345
vn -0.1386 0.6394 -0.7563
vn -0.1630 0.6396 -0.7513
vn -0.1880 0.4586 -0.8685
vn -0.1597 0.4585 -0.8742
vn -0.1873 0.6393 -0.7458
vn -0.2162 0.4584 -0.8620
vn -0.2352 0.2518 -0.9388
vn -0.2045 0.2520 -0.9459
vn -0.1735 0.2519 -0.9521
vn -0.1716 -0.2744 -0.9462
vn -0.2025 -0.2745 -0.9400
vn -0.1846 -0.4790 -0.8582
vn -0.1563 -0.4788 -0.8639
vn -0.2333 -0.2744 -0.9329
vn -0.2128 -0.4789 -0.8517
vn -0.1826 -0.6567 -0.7317
vn -0.1583 -0.6569 -0.7372
vn -0.1339 -0.6567 -0.7422
vn -0.0925 -0.8513 -0.5165
vn -0.1096 -0.8514 -0.5129
vn -0.0901 -0.9017 -0.4229
vn -0.0760 -0.9016 -0.4259
vn -0.1267 -0.8513 -0.5091
vn -0.1043 -0.9016 -0.4198
vn -0.0816 -0.9407 -0.3294
vn -0.0704 -0.9407 -0.3318
vn -0.0592 -0.9406 -0.3342
vn -0.0318 -0.9825 -0.1834
vn -0.0380 -0.9826 -0.1820
vn -0.0238 -0.9930 -0.1161
vn -0.0197 -0.9929 -0.1170
vn -0.0443 -0.9825 -0.1806
vn -0.0279 -0.9930 -0.1152
vn -0.0121 -0.9986 -0.0519
vn -0.0100 -0.9986 -0.0523
vn -0.0080 -0.9986 -0.0528
vn 0.0150 -0.9972 0.0736
vn 0.0170 -0.9972 0.0731
vn 0.0314 -0.9897 0.1395
vn 0.0271 -0.9897 0.1404
vn 0.0191 -0.9972 0.0727
vn 0.0356 -0.9897 0.1385
vn 0.0512 -0.9782 0.2012
vn 0.0449 -0.9782 0.2025
vn 0.0387 -0.9782 0.2039
vn 0.0659 -0.9330 0.3539
vn 0.0771 -0.9330 0.3515
vn 0.0972 -0.8901 0.4452
vn 0.0830 -0.8900 0.4483
vn 0.0882 -0.9329 0.3491
vn 0.1115 -0.8900 0.4421
vn 0.1327 -0.8393 0.5272
vn 0.1157 -0.8395 0.5309
vn 0.0986 -0.8394 0.5345
vn 0.1386 -0.6394 0.7563
vn 0.1630 -0.6396 0.7513
vn 0.1884 -0.4549 0.8704
vn 0.1601 -0.4547 0.8762
vn 0.1873 -0.6393 0.7458
vn 0.2167 -0.4546 0.8639
vn 0.2352 -0.2518 0.9388
vn 0.2045 -0.2520 0.9459
vn 0.1735 -0.2519 0.9521
vn 0.2940 0.2745 0.9156
vn 0.3239 0.2746 0.9054
vn 0.2964 0.4754 0.8284
vn 0.2690 0.4752 0.8378
vn 0.3534 0.2744 0.8943
vn 0.3235 0.4752 0.8183
vn 0.2774 0.6568 0.7012
vn 0.2540 0.6570 0.7098
vn 0.2305 0.6568 0.7180
vn 0.1603 0.8513 0.4996
vn 0.1768 0.8514 0.4938
vn 0.1469 0.9000 0.4103
vn 0.1332 0.8999 0.4152
vn 0.1932 0.8513 0.4878
vn 0.1606 0.8999 0.4053
vn 0.1251 0.9407 0.3154
vn 0.1144 0.9407 0.3192
vn 0.1036 0.9407 0.3231
vn 0.0567 0.9826 0.1771
vn 0.0628 0.9826 0.1749
vn 0.0410 0.9926 0.1140
vn 0.0369 0.9926 0.1155
vn 0.0688 0.9826 0.1728
vn 0.0451 0.9926 0.1126
vn 0.0201 0.9986 0.0493
vn 0.0181 0.9986 0.0500
vn 0.0161 0.9986 0.0507
vn -0.0231 0.9972 -0.0715
vn -0.0251 0.9972 -0.0708
vn -0.0471 0.9901 -0.1321
vn -0.0431 0.9901 -0.1336
vn -0.0271 0.9972 -0.0701
vn -0.0510 0.9901 -0.1307
vn -0.0758 0.9782 -0.1933
vn -0.0697 0.9782 -0.1954
vn -0.0636 0.9782 -0.1976
vn -0.1102 0.9329 -0.3428
vn -0.1210 0.9330 -0.3390
vn -0.1522 0.8918 -0.4260
vn -0.1385 0.8917 -0.4309
vn -0.1318 0.9329 -0.3351
vn -0.1658 0.8917 -0.4211
vn -0.1993 0.8393 -0.5058
vn -0.1828 0.8394 -0.5118
vn -0.1664 0.8393 -0.5176
vn -0.2352 0.6393 -0.7321
vn -0.2588 0.6395 -0.7239
vn -0.2992 0.4586 -0.8368
vn -0.2718 0.4584 -0.8462
vn -0.2821 0.6393 -0.7153
vn -0.3263 0.4584 -0.8267
vn -0.3554 0.2518 -0.9002
vn -0.3258 0.2519 -0.9112
vn -0.2960 0.2518 -0.9214
vn -0.2940 -0.2745 -0.9156
vn -0.3239 -0.2746 -0.9054
vn -0.2957 -0.4791 -0.8265
vn -0.2684 -0.4789 -0.8359
vn -0.3534 -0.2744 -0.8943
vn -0.3228 -0.4789 -0.8164
vn -0.2774 -0.6568 -0.7012
vn -0.2540 -0.6570 -0.7098
vn -0.2305 -0.6568 -0.7180
vn -0.1603 -0.8513 -0.4996
vn -0.1768 -0.8514 -0.4938
vn -0.1458 -0.9017 -0.4070
vn -0.1321 -0.9016 -0.4119
vn -0.1932 -0.8513 -0.4878
vn -0.1594 -0.9016 -0.4021
vn -0.1251 -0.9407 -0.3154
vn -0.1144 -0.9407 -0.3192
vn -0.1036 -0.9407 -0.3231
vn -0.0567 -0.9826 -0.1771
vn -0.0628 -0.9826 -0.1749
vn -0.0401 -0.9930 -0.1114
vn -0.0361 -0.9930 -0.1129
vn -0.0688 -0.9826 -0.1728
vn -0.0440 -0.9930 -0.1100
vn -0.0201 -0.9986 -0.0493
vn -0.0181 -0.9986 -0.0500
vn -0.0161 -0.9986 -0.0507
vn 0.0231 -0.9972 0.0715
vn 0.0251 -0.9972 0.0708
vn 0.0480 -0.9897 0.1347
vn 0.0439 -0.9897 0.1362
vn 0.0271 -0.9972 0.0701
vn 0.0520 -0.9897 0.1333
vn 0.0758 -0.9782 0.1933
vn 0.0697 -0.9782 0.1954
vn 0.0636 -0.9782 0.1976
vn 0.1102 -0.9329 0.3428
vn 0.1210 -0.9330 0.3390
vn 0.1533 -0.8901 0.4292
vn 0.1396 -0.8900 0.4341
vn 0.1318 -0.9329 0.3351
vn 0.1671 -0.8900 0.4243
vn 0.1993 -0.8393 0.5058
vn 0.1828 -0.8394 0.5118
vn 0.1664 -0.8393 0.5176
vn 0.2352 -0.6393 0.7321
vn 0.2588 -0.6395 0.7239
vn 0.2998 -0.4548 0.8386
vn 0.2724 -0.4546 0.8480
vn 0.2822 -0.6393 0.7153
vn 0.3270 -0.4546 0.8285
vn 0.3554 -0.2518 0.9002
vn 0.3258 -0.2519 0.9112
vn 0.2960 -0.2518 0.9214
vn 0.4113 0.2744 0.8692
vn 0.4396 0.2745 0.8552
vn 0.4026 0.4752 0.7824
vn 0.3767 0.4751 0.7952
vn 0.4675 0.2743 0.8404
vn 0.4282 0.4750 0.7688
vn 0.3674 0.6566 0.6587
vn 0.3454 0.6569 0.6703
vn 0.3231 0.6567 0.6814
vn 0.2253 0.8513 0.4739
vn 0.2408 0.8514 0.4660
vn 0.2004 0.9000 0.3871
vn 0.1874 0.8999 0.3937
vn 0.2563 0.8512 0.4579
vn 0.2134 0.8999 0.3804
vn 0.1665 0.9406 0.2958
vn 0.1563 0.9407 0.3011
vn 0.1461 0.9407 0.3063
vn 0.0806 0.9825 0.1676
vn 0.0864 0.9826 0.1647
vn 0.0568 0.9926 0.1071
vn 0.0530 0.9926 0.1091
vn 0.0921 0.9825 0.1618
vn 0.0607 0.9926 0.1052
vn 0.0277 0.9986 0.0457
vn 0.0258 0.9986 0.0467
vn 0.0239 0.9986 0.0476
vn -0.0309 0.9972 -0.0684
vn -0.0328 0.9972 -0.0675
vn -0.0626 0.9901 -0.1254
vn -0.0588 0.9901 -0.1273
vn -0.0347 0.9972 -0.0665
vn -0.0663 0.9901 -0.1235
vn -0.0990 0.9782 -0.1823
vn -0.0933 0.9783 -0.1852
vn -0.0876 0.9782 -0.1881
vn -0.1528 0.9329 -0.3260
vn -0.1630 0.9330 -0.3208
vn -0.2053 0.8919 -0.4030
vn -0.1924 0.8918 -0.4096
vn -0.1731 0.9330 -0.3155
vn -0.2181 0.8918 -0.3963
vn -0.2625 0.8394 -0.4759
vn -0.2470 0.8395 -0.4840
vn -0.2314 0.8394 -0.4919
vn -0.3279 0.6394 -0.6955
vn -0.3502 0.6396 -0.6843
vn -0.4052 0.4587 -0.7908
vn -0.3793 0.4584 -0.8037
vn -0.3722 0.6394 -0.6727
vn -0.4307 0.4586 -0.7773
vn -0.4695 0.2520 -0.8462
vn -0.4416 0.2521 -0.8611
vn -0.4134 0.2519 -0.8750
vn -0.4113 -0.2744 -0.8692
vn -0.4396 -0.2745 -0.8552
vn -0.4017 -0.4790 -0.7805
vn -0.3758 -0.4788 -0.7934
vn -0.4675 -0.2743 -0.8404
vn -0.4272 -0.4787 -0.7670
vn -0.3674 -0.6566 -0.6587
vn -0.3454 -0.6569 -0.6703
vn -0.3231 -0.6567 -0.6814
vn -0.2253 -0.8513 -0.4739
vn -0.2408 -0.8514 -0.4660
vn -0.1988 -0.9017 -0.3840
vn -0.1860 -0.9016 -0.3906
vn -0.2563 -0.8512 -0.4579
vn -0.2117 -0.9015 -0.3774
vn -0.1665 -0.9406 -0.2958
vn -0.1563 -0.9407 -0.3011
vn -0.1461 -0.9407 -0.3063
vn -0.0806 -0.9825 -0.1676
vn -0.0864 -0.9826 -0.1647
vn -0.0556 -0.9929 -0.1047
vn -0.0518 -0.9929 -0.1066
vn -0.0921 -0.9825 -0.1618
vn -0.0593 -0.9929 -0.1028
vn -0.0277 -0.9986 -0.0457
vn -0.0258 -0.9986 -0.0467
vn -0.0239 -0.9986 -0.0476
vn 0.0310 -0.9972 0.0684
vn 0.0328 -0.9972 0.0675
vn 0.0638 -0.9897 0.1278
vn 0.0600 -0.9897 0.1298
vn 0.0347 -0.9972 0.0665
vn 0.0677 -0.9897 0.1259
vn 0.0990 -0.9783 0.1823
vn 0.0933 -0.9783 0.1852
vn 0.0876 -0.9782 0.1881
vn 0.1528 -0.9329 0.3260
vn 0.1630 -0.9330 0.3208
vn 0.2069 -0.8901 0.4060
vn 0.1938 -0.8900 0.4127
vn 0.1732 -0.9330 0.3155
vn 0.2198 -0.8901 0.3993
vn 0.2625 -0.8394 0.4759
vn 0.2470 -0.8395 0.4840
vn 0.2314 -0.8394 0.4919
vn 0.3279 -0.6393 0.6955
vn 0.3502 -0.6396 0.6843
vn 0.4061 -0.4549 0.7926
vn 0.3802 -0.4547 0.8055
vn 0.3723 -0.6394 0.6727
vn 0.4317 -0.4547 0.7790
vn 0.4695 -0.2519 0.8462
vn 0.4417 -0.2520 0.8611
vn 0.4134 -0.2518 0.8751
vn 0.5216 0.2741 0.8079
vn 0.5478 0.2741 0.7904
vn 0.5019 0.4750 0.7229
vn 0.4779 0.4748 0.7390
vn 0.5735 0.2739 0.7720
vn 0.5255 0.4747 0.7061
vn 0.4511 0.6563 0.6047
vn 0.4308 0.6566 0.6191
vn 0.4102 0.6565 0.6331
vn 0.2863 0.8511 0.4400
vn 0.3007 0.8512 0.4301
vn 0.2504 0.8999 0.3571
vn 0.2384 0.8998 0.3654
vn 0.3150 0.8510 0.4201
vn 0.2624 0.8997 0.3488
vn 0.2049 0.9405 0.2711
vn 0.1955 0.9406 0.2776
vn 0.1861 0.9406 0.2841
vn 0.1031 0.9825 0.1551
vn 0.1084 0.9825 0.1515
vn 0.0717 0.9926 0.0983
vn 0.0681 0.9926 0.1007
vn 0.1137 0.9825 0.1478
vn 0.0752 0.9926 0.0958
vn 0.0347 0.9985 0.0412
vn 0.0330 0.9986 0.0423
vn 0.0313 0.9986 0.0435
vn -0.0383 0.9972 -0.0644
vn -0.0400 0.9972 -0.0632
vn -0.0771 0.9902 -0.1167
vn -0.0736 0.9901 -0.1191
vn -0.0418 0.9972 -0.0620
vn -0.0806 0.9902 -0.1143
vn -0.1207 0.9783 -0.1683
vn -0.1154 0.9783 -0.1720
vn -0.1101 0.9783 -0.1757
vn -0.1928 0.9330 -0.3038
vn -0.2022 0.9331 -0.2973
vn -0.2549 0.8920 -0.3732
vn -0.2430 0.8919 -0.3814
vn -0.2116 0.9331 -0.2907
vn -0.2668 0.8920 -0.3650
vn -0.3212 0.8396 -0.4380
vn -0.3069 0.8397 -0.4480
vn -0.2925 0.8395 -0.4579
vn -0.4150 0.6396 -0.6471
vn -0.4357 0.6398 -0.6331
vn -0.5044 0.4590 -0.7314
vn -0.4804 0.4587 -0.7476
vn -0.4560 0.6397 -0.6187
vn -0.5279 0.4589 -0.7147
vn -0.5756 0.2523 -0.7778
vn -0.5499 0.2523 -0.7962
vn -0.5237 0.2521 -0.8137
vn -0.5216 -0.2741 -0.8079
vn -0.5479 -0.2742 -0.7904
vn -0.5007 -0.4787 -0.7212
vn -0.4768 -0.4786 -0.7373
vn -0.5735 -0.2739 -0.7720
vn -0.5243 -0.4784 -0.7045
vn -0.4511 -0.6564 -0.6047
vn -0.4308 -0.6566 -0.6191
vn -0.4101 -0.6565 -0.6331
vn -0.2863 -0.8511 -0.4400
vn -0.3007 -0.8512 -0.4301
vn -0.2485 -0.9015 -0.3543
vn -0.2365 -0.9015 -0.3625
vn -0.3150 -0.8510 -0.4201
vn -0.2603 -0.9014 -0.3460
vn -0.2049 -0.9405 -0.2711
vn -0.1955 -0.9406 -0.2776
vn -0.1861 -0.9406 -0.2841
vn -0.1031 -0.9825 -0.1551
vn -0.1084 -0.9825 -0.1515
vn -0.0701 -0.9929 -0.0960
vn -0.0666 -0.9929 -0.0984
vn -0.1137 -0.9825 -0.1478
vn -0.0736 -0.9929 -0.0936
vn -0.0347 -0.9985 -0.0412
vn -0.0330 -0.9986 -0.0424
vn -0.0313 -0.9986 -0.0436
vn 0.0383 -0.9972 0.0644
vn 0.0400 -0.9972 0.0632
vn 0.0786 -0.9898 0.1190
vn 0.0751 -0.9898 0.1214
vn 0.0417 -0.9972 0.0620
vn 0.0822 -0.9898 0.1165
vn 0.1207 -0.9783 0.1683
vn 0.1154 -0.9783 0.1720
vn 0.1101 -0.9783 0.1756
vn 0.1928 -0.9330 0.3038
vn 0.2022 -0.9331 0.2973
vn 0.2569 -0.8903 0.3761
vn 0.2449 -0.8901 0.3843
vn 0.2116 -0.9331 0.2907
vn 0.2689 -0.8902 0.3677
vn 0.3212 -0.8396 0.4380
vn 0.3069 -0.8397 0.4481
vn 0.2925 -0.8395 0.4579
vn 0.4150 -0.6395 0.6471
vn 0.4357 -0.6398 0.6331
vn 0.5055 -0.4552 0.7330
vn 0.4814 -0.4549 0.7492
vn 0.4560 -0.6397 0.6187
vn 0.5291 -0.4551 0.7162
vn 0.5756 -0.2523 0.7778
vn 0.5499 -0.2523 0.7962
vn 0.5237 -0.2521 0.8137
vn 0.6230 0.2737 0.7328
vn 0.6467 0.2736 0.7120
vn 0.5926 0.4745 0.6509
vn 0.5709 0.4744 0.6701
vn 0.6698 0.2734 0.6904
vn 0.6138 0.4742 0.6312
vn 0.5271 0.6559 0.5403
vn 0.5088 0.6563 0.5572
vn 0.4901 0.6562 0.5738
vn 0.3424 0.8509 0.3984
vn 0.3554 0.8510 0.3867
vn 0.2961 0.8996 0.3209
vn 0.2853 0.8996 0.3307
vn 0.3683 0.8508 0.3749
vn 0.3069 0.8995 0.3111
vn 0.2398 0.9403 0.2415
vn 0.2313 0.9404 0.2492
vn 0.2229 0.9404 0.2568
vn 0.1238 0.9824 0.1398
vn 0.1286 0.9824 0.1355
vn 0.0852 0.9925 0.0875
vn 0.0820 0.9925 0.0904
vn 0.1334 0.9823 0.1312
vn 0.0884 0.9925 0.0846
vn 0.0411 0.9985 0.0357
vn 0.0396 0.9985 0.0371
vn 0.0380 0.9985 0.0385
vn -0.0450 0.9972 -0.0594
vn -0.0466 0.9972 -0.0580
vn -0.0904 0.9902 -0.1062
vn -0.0872 0.9902 -0.1091
vn -0.0482 0.9972 -0.0566
vn -0.0935 0.9902 -0.1034
vn -0.1403 0.9784 -0.1517
vn -0.1355 0.9784 -0.1560
vn -0.1308 0.9784 -0.1603
vn -0.2295 0.9332 -0.2765
vn -0.2380 0.9333 -0.2688
vn -0.3003 0.8922 -0.3373
vn -0.2895 0.8921 -0.3469
vn -0.2465 0.9333 -0.2611
vn -0.3110 0.8922 -0.3275
vn -0.3745 0.8399 -0.3928
vn -0.3616 0.8400 -0.4046
vn -0.3486 0.8398 -0.4163
vn -0.4951 0.6399 -0.5877
vn -0.5137 0.6402 -0.5712
vn -0.5949 0.4594 -0.6596
vn -0.5732 0.4591 -0.6787
vn -0.5320 0.6402 -0.5543
vn -0.6160 0.4594 -0.6399
vn -0.6719 0.2529 -0.6962
vn -0.6488 0.2528 -0.7177
vn -0.6251 0.2526 -0.7386
vn -0.6230 -0.2737 -0.7328
vn -0.6467 -0.2737 -0.7120
vn -0.5912 -0.4782 -0.6494
vn -0.5696 -0.4782 -0.6685
vn -0.6698 -0.2734 -0.6904
vn -0.6124 -0.4779 -0.6298
vn -0.5271 -0.6559 -0.5403
vn -0.5088 -0.6563 -0.5572
vn -0.4901 -0.6562 -0.5738
vn -0.3424 -0.8509 -0.3984
vn -0.3554 -0.8510 -0.3867
vn -0.2938 -0.9013 -0.3183
vn -0.2830 -0.9013 -0.3280
vn -0.3683 -0.8508 -0.3749
vn -0.3045 -0.9011 -0.3086
vn -0.2398 -0.9403 -0.2415
vn -0.2313 -0.9404 -0.2492
vn -0.2228 -0.9404 -0.2568
vn -0.1238 -0.9824 -0.1398
vn -0.1286 -0.9824 -0.1355
vn -0.0833 -0.9928 -0.0855
vn -0.0802 -0.9929 -0.0883
vn -0.1334 -0.9823 -0.1312
vn -0.0865 -0.9928 -0.0827
vn -0.0411 -0.9985 -0.0357
vn -0.0396 -0.9985 -0.0371
vn -0.0380 -0.9985 -0.0385
vn 0.0450 -0.9972 0.0594
vn 0.0466 -0.9972 0.0580
vn 0.0922 -0.9898 0.1082
vn 0.0890 -0.9898 0.1111
vn 0.0481 -0.9972 0.0566
vn 0.0954 -0.9899 0.1053
vn 0.1403 -0.9784 0.1517
vn 0.1355 -0.9784 0.1560
vn 0.1308 -0.9784 0.1603
vn 0.2295 -0.9332 0.2765
vn 0.2380 -0.9333 0.2688
vn 0.3026 -0.8905 0.3398
vn 0.2917 -0.8903 0.3495
vn 0.2465 -0.9333 0.2611
vn 0.3134 -0.8905 0.3300
vn 0.3745 -0.8399 0.3928
vn 0.3616 -0.8400 0.4046
vn 0.3486 -0.8397 0.4163
vn 0.4951 -0.6399 0.5877
vn 0.5137 -0.6402 0.5712
vn 0.5962 -0.4557 0.6610
vn 0.5745 -0.4553 0.6802
vn 0.5320 -0.6401 0.5543
vn 0.6174 -0.4556 0.6413
vn 0.6718 -0.2529 0.6962
vn 0.6488 -0.2528 0.7177
vn 0.6251 -0.2526 0.7386
vn 0.7137 0.2730 0.6451
vn 0.7345 0.2730 0.6213
vn 0.6731 0.4739 0.5678
vn 0.6541 0.4738 0.5896
vn 0.7545 0.2726 0.5970
vn 0.6915 0.4736 0.5454
vn 0.5940 0.6554 0.4666
vn 0.5780 0.6557 0.4857
vn 0.5617 0.6557 0.5045
vn 0.3926 0.8506 0.3498
vn 0.4040 0.8506 0.3366
vn 0.3367 0.8993 0.2790
vn 0.3272 0.8993 0.2901
vn 0.4152 0.8504 0.3232
vn 0.3461 0.8992 0.2679
vn 0.2705 0.9401 0.2076
vn 0.2631 0.9402 0.2163
vn 0.2557 0.9402 0.2250
vn 0.1423 0.9823 0.1219
vn 0.1465 0.9823 0.1170
vn 0.0972 0.9924 0.0751
vn 0.0944 0.9924 0.0784
vn 0.1506 0.9822 0.1121
vn 0.1000 0.9924 0.0718
vn 0.0468 0.9985 0.0295
vn 0.0454 0.9985 0.0311
vn 0.0441 0.9985 0.0327
vn -0.0511 0.9973 -0.0535
vn -0.0524 0.9973 -0.0519
vn -0.1021 0.9903 -0.0940
vn -0.0994 0.9903 -0.0973
vn -0.0538 0.9973 -0.0503
vn -0.1049 0.9903 -0.0908
vn -0.1576 0.9786 -0.1326
vn -0.1534 0.9785 -0.1375
vn -0.1493 0.9785 -0.1424
vn -0.2624 0.9334 -0.2447
vn -0.2698 0.9335 -0.2360
vn -0.3405 0.8925 -0.2957
vn -0.3311 0.8924 -0.3067
vn -0.2772 0.9335 -0.2272
vn -0.3499 0.8925 -0.2846
vn -0.4214 0.8403 -0.3410
vn -0.4102 0.8403 -0.3544
vn -0.3988 0.8401 -0.3677
vn -0.5667 0.6404 -0.5184
vn -0.5830 0.6408 -0.4996
vn -0.6752 0.4600 -0.5765
vn -0.6563 0.4596 -0.5984
vn -0.5989 0.6407 -0.4804
vn -0.6936 0.4601 -0.5543
vn -0.7566 0.2536 -0.6027
vn -0.7366 0.2535 -0.6271
vn -0.7158 0.2532 -0.6508
vn -0.7137 -0.2730 -0.6451
vn -0.7345 -0.2730 -0.6213
vn -0.6716 -0.4776 -0.5665
vn -0.6526 -0.4776 -0.5882
vn -0.7545 -0.2726 -0.5970
vn -0.6900 -0.4772 -0.5442
vn -0.5940 -0.6554 -0.4666
vn -0.5780 -0.6557 -0.4857
vn -0.5617 -0.6557 -0.5045
vn -0.3926 -0.8506 -0.3498
vn -0.4040 -0.8506 -0.3366
vn -0.3340 -0.9010 -0.2768
vn -0.3246 -0.9010 -0.2878
vn -0.4152 -0.8504 -0.3232
vn -0.3434 -0.9008 -0.2657
vn -0.2705 -0.9401 -0.2076
vn -0.2631 -0.9402 -0.2163
vn -0.2557 -0.9402 -0.2250
vn -0.1423 -0.9823 -0.1219
vn -0.1465 -0.9823 -0.1170
vn -0.0951 -0.9928 -0.0733
vn -0.0924 -0.9928 -0.0766
vn -0.1506 -0.9822 -0.1121
vn -0.0979 -0.9927 -0.0701
vn -0.0468 -0.9985 -0.0295
vn -0.0454 -0.9985 -0.0311
vn -0.0440 -0.9985 -0.0327
vn 0.0511 -0.9973 0.0535
vn 0.0524 -0.9973 0.0519
vn 0.1042 -0.9899 0.0958
vn 0.1014 -0.9899 0.0991
vn 0.0538 -0.9973 0.0503
vn 0.1070 -0.9899 0.0925
vn 0.1576 -0.9786 0.1326
vn 0.1534 -0.9785 0.1375
vn 0.1493 -0.9785 0.1424
vn 0.2624 -0.9334 0.2447
vn 0.2698 -0.9335 0.2360
vn 0.3431 -0.8908 0.2979
vn 0.3337 -0.8906 0.3090
vn 0.2772 -0.9335 0.2272
vn 0.3526 -0.8908 0.2867
vn 0.4214 -0.8403 0.3410
vn 0.4102 -0.8403 0.3544
vn 0.3988 -0.8401 0.3677
vn 0.5667 -0.6404 0.5184
vn 0.5830 -0.6408 0.4996
vn 0.6767 -0.4563 0.5778
vn 0.6577 -0.4560 0.5996
vn 0.5989 -0.6407 0.4804
vn 0.6952 -0.4562 0.5555
vn 0.7566 -0.2536 0.6027
vn 0.7366 -0.2535 0.6270
vn 0.7158 -0.2532 0.6508
vn 0.7921 0.2722 0.5463
vn 0.8096 0.2721 0.5200
vn 0.7421 0.4731 0.4748
vn 0.7261 0.4731 0.4989
vn 0.8263 0.2718 0.4933
vn 0.7575 0.4728 0.4503
vn 0.6507 0.6547 0.3847
vn 0.6374 0.6551 0.4058
vn 0.6237 0.6550 0.4266
vn 0.4361 0.8501 0.2951
vn 0.4456 0.8501 0.2805
vn 0.3714 0.8990 0.2322
vn 0.3635 0.8990 0.2445
vn 0.4550 0.8499 0.2658
vn 0.3793 0.8988 0.2199
vn 0.2966 0.9398 0.1700
vn 0.2904 0.9399 0.1796
vn 0.2842 0.9399 0.1892
vn 0.1583 0.9821 0.1018
vn 0.1618 0.9821 0.0964
vn 0.1075 0.9923 0.0612
vn 0.1052 0.9923 0.0649
vn 0.1653 0.9820 0.0910
vn 0.1098 0.9923 0.0576
vn 0.0515 0.9984 0.0226
vn 0.0504 0.9984 0.0244
vn 0.0493 0.9984 0.0261
vn -0.0563 0.9973 -0.0470
vn -0.0574 0.9973 -0.0452
vn -0.1122 0.9904 -0.0805
vn -0.1099 0.9904 -0.0840
vn -0.0586 0.9973 -0.0434
vn -0.1145 0.9904 -0.0769
vn -0.1722 0.9787 -0.1114
vn -0.1688 0.9787 -0.1168
vn -0.1653 0.9786 -0.1223
vn -0.2909 0.9337 -0.2089
vn -0.2971 0.9338 -0.1993
vn -0.3750 0.8929 -0.2492
vn -0.3671 0.8927 -0.2613
vn -0.3033 0.9338 -0.1896
vn -0.3828 0.8929 -0.2370
vn -0.4612 0.8408 -0.2836
vn -0.4518 0.8408 -0.2983
vn -0.4423 0.8405 -0.3129
vn -0.6286 0.6410 -0.4404
vn -0.6423 0.6414 -0.4195
vn -0.7441 0.4608 -0.4837
vn -0.7281 0.4604 -0.5078
vn -0.6556 0.6414 -0.3985
vn -0.7594 0.4609 -0.4592
vn -0.8285 0.2545 -0.4989
vn -0.8117 0.2544 -0.5257
vn -0.7942 0.2540 -0.5519
vn -0.7921 -0.2722 -0.5463
vn -0.8097 -0.2721 -0.5200
vn -0.7404 -0.4769 -0.4737
vn -0.7244 -0.4769 -0.4977
vn -0.8264 -0.2718 -0.4932
vn -0.7558 -0.4764 -0.4492
vn -0.6507 -0.6547 -0.3847
vn -0.6374 -0.6551 -0.4058
vn -0.6237 -0.6551 -0.4266
vn -0.4361 -0.8501 -0.2951
vn -0.4456 -0.8501 -0.2805
vn -0.3685 -0.9006 -0.2303
vn -0.3606 -0.9006 -0.2425
vn -0.4550 -0.8499 -0.2658
vn -0.3763 -0.9004 -0.2182
vn -0.2966 -0.9398 -0.1700
vn -0.2904 -0.9399 -0.1796
vn -0.2842 -0.9399 -0.1892
vn -0.1583 -0.9821 -0.1018
vn -0.1618 -0.9821 -0.0963
vn -0.1052 -0.9927 -0.0597
vn -0.1029 -0.9927 -0.0633
vn -0.1653 -0.9820 -0.0909
vn -0.1075 -0.9926 -0.0562
vn -0.0515 -0.9984 -0.0226
vn -0.0504 -0.9984 -0.0244
vn -0.0493 -0.9984 -0.0261
vn 0.0563 -0.9973 0.0470
vn 0.0574 -0.9973 0.0452
vn 0.1145 -0.9900 0.0819
vn 0.1121 -0.9900 0.0856
vn 0.0586 -0.9973 0.0434
vn 0.1168 -0.9901 0.0783
vn 0.1722 -0.9787 0.1114
vn 0.1687 -0.9787 0.1168
vn 0.1653 -0.9786 0.1222
vn 0.2909 -0.9337 0.2089
vn 0.2971 -0.9338 0.1993
vn 0.3779 -0.8912 0.2510
vn 0.3699 -0.8910 0.2633
vn 0.3033 -0.9338 0.1896
vn 0.3858 -0.8912 0.2387
vn 0.4612 -0.8408 0.2836
vn 0.4518 -0.8408 0.2983
vn 0.4423 -0.8405 0.3129
vn 0.6286 -0.6410 0.4404
vn 0.6423 -0.6414 0.4196
vn 0.7457 -0.4570 0.4848
vn 0.7297 -0.4567 0.5089
vn 0.6556 -0.6414 0.3985
vn 0.7611 -0.4570 0.4602
vn 0.8285 -0.2545 0.4989
vn 0.8118 -0.2544 0.5257
vn 0.7943 -0.2540 0.5519
vn 0.8570 0.2713 0.4381
vn 0.8710 0.2711 0.4098
vn 0.7984 0.4722 0.3736
vn 0.7857 0.4722 0.3997
vn 0.8840 0.2707 0.3810
vn 0.8104 0.4719 0.3473
vn 0.6962 0.6539 0.2961
vn 0.6858 0.6543 0.3188
vn 0.6749 0.6543 0.3412
vn 0.4720 0.8496 0.2352
vn 0.4796 0.8496 0.2195
vn 0.3997 0.8985 0.1813
vn 0.3935 0.8985 0.1944
vn 0.4870 0.8494 0.2037
vn 0.4059 0.8983 0.1681
vn 0.3175 0.9394 0.1293
vn 0.3126 0.9396 0.1397
vn 0.3077 0.9396 0.1500
vn 0.1716 0.9819 0.0797
vn 0.1743 0.9819 0.0739
vn 0.1159 0.9922 0.0461
vn 0.1140 0.9922 0.0500
vn 0.1771 0.9818 0.0680
vn 0.1177 0.9921 0.0422
vn 0.0554 0.9984 0.0151
vn 0.0545 0.9984 0.0170
vn 0.0536 0.9984 0.0189
vn -0.0606 0.9974 -0.0397
vn -0.0615 0.9974 -0.0378
vn -0.1204 0.9905 -0.0657
vn -0.1186 0.9905 -0.0695
vn -0.0624 0.9974 -0.0360
vn -0.1222 0.9906 -0.0618
vn -0.1840 0.9789 -0.0885
vn -0.1813 0.9789 -0.0943
vn -0.1785 0.9788 -0.1002
vn -0.3144 0.9340 -0.1696
vn -0.3193 0.9342 -0.1593
vn -0.4031 0.8933 -0.1986
vn -0.3969 0.8931 -0.2116
vn -0.3242 0.9342 -0.1489
vn -0.4093 0.8934 -0.1855
vn -0.4931 0.8413 -0.2214
vn -0.4858 0.8413 -0.2372
vn -0.4782 0.8410 -0.2530
vn -0.6798 0.6418 -0.3549
vn -0.6907 0.6422 -0.3324
vn -0.8002 0.4617 -0.3827
vn -0.7876 0.4612 -0.4087
vn -0.7011 0.6422 -0.3098
vn -0.8122 0.4618 -0.3564
vn -0.8861 0.2555 -0.3866
vn -0.8731 0.2554 -0.4154
vn -0.8591 0.2550 -0.4437
vn -0.8570 -0.2713 -0.4381
vn -0.8710 -0.2711 -0.4097
vn -0.7966 -0.4760 -0.3728
vn -0.7838 -0.4761 -0.3987
vn -0.8840 -0.2707 -0.3810
vn -0.8086 -0.4755 -0.3465
vn -0.6962 -0.6539 -0.2961
vn -0.6858 -0.6543 -0.3188
vn -0.6749 -0.6543 -0.3412
vn -0.4720 -0.8496 -0.2352
vn -0.4796 -0.8496 -0.2195
vn -0.3966 -0.9002 -0.1798
vn -0.3904 -0.9002 -0.1928
vn -0.4870 -0.8494 -0.2036
vn -0.4028 -0.9000 -0.1667
vn -0.3175 -0.9394 -0.1293
vn -0.3126 -0.9396 -0.1397
vn -0.3077 -0.9396 -0.1500
vn -0.1716 -0.9819 -0.0797
vn -0.1743 -0.9819 -0.0739
vn -0.1134 -0.9925 -0.0450
vn -0.1116 -0.9926 -0.0488
vn -0.1771 -0.9818 -0.0681
vn -0.1152 -0.9925 -0.0411
vn -0.0554 -0.9984 -0.0151
vn -0.0545 -0.9984 -0.0170
vn -0.0536 -0.9984 -0.0189
vn 0.0606 -0.9974 0.0397
vn 0.0615 -0.9974 0.0378
vn 0.1229 -0.9902 0.0668
vn 0.1210 -0.9901 0.0707
vn 0.0624 -0.9974 0.0359
vn 0.1247 -0.9902 0.0629
vn 0.1840 -0.9789 0.0885
vn 0.1813 -0.9789 0.0943
vn 0.1785 -0.9788 0.1002
vn 0.3144 -0.9340 0.1696
vn 0.3193 -0.9342 0.1593
vn 0.4062 -0.8916 0.2000
vn 0.3999 -0.8914 0.2132
vn 0.3242 -0.9342 0.1489
vn 0.4124 -0.8916 0.1868
vn 0.4931 -0.8413 0.2214
vn 0.4857 -0.8413 0.2372
vn 0.4782 -0.8410 0.2530
vn 0.6798 -0.6418 0.3549
vn 0.6907 -0.6422 0.3325
vn 0.8020 -0.4580 0.3835
vn 0.7892 -0.4576 0.4095
vn 0.7011 -0.6422 0.3098
vn 0.8141 -0.4579 0.3572
vn 0.8861 -0.2555 0.3866
vn 0.8731 -0.2554 0.4154
vn 0.8591 -0.2550 0.4437
vn 0.9073 0.2702 0.3223
vn 0.9174 0.2700 0.2924
vn 0.8410 0.4712 0.2660
vn 0.8318 0.4712 0.2934
vn 0.9266 0.2696 0.2622
vn 0.8494 0.4708 0.2383
vn 0.7298 0.6530 0.2024
vn 0.7224 0.6534 0.2262
vn 0.7145 0.6535 0.2498
vn 0.4998 0.8491 0.1711
vn 0.5052 0.8490 0.1545
vn 0.4212 0.8980 0.1271
vn 0.4167 0.8981 0.1409
vn 0.5105 0.8487 0.1379
vn 0.4256 0.8978 0.1132
vn 0.3329 0.9390 0.0863
vn 0.3294 0.9392 0.0972
vn 0.3259 0.9392 0.1080
vn 0.1818 0.9817 0.0561
vn 0.1838 0.9817 0.0499
vn 0.1223 0.9920 0.0301
vn 0.1209 0.9921 0.0342
vn 0.1857 0.9816 0.0438
vn 0.1236 0.9920 0.0260
vn 0.0582 0.9983 0.0072
vn 0.0576 0.9983 0.0092
vn 0.0569 0.9983 0.0112
vn -0.0640 0.9974 -0.0320
vn -0.0646 0.9975 -0.0301
vn -0.1266 0.9907 -0.0499
vn -0.1253 0.9906 -0.0540
vn -0.0652 0.9975 -0.0281
vn -0.1279 0.9907 -0.0459
vn -0.1927 0.9792 -0.0643
vn -0.1907 0.9791 -0.0704
vn -0.1887 0.9790 -0.0766
vn -0.3326 0.9344 -0.1276
vn -0.3361 0.9346 -0.1168
vn -0.4244 0.8938 -0.1448
vn -0.4199 0.8936 -0.1585
vn -0.3396 0.9346 -0.1059
vn -0.4287 0.8939 -0.1310
vn -0.5167 0.8419 -0.1556
vn -0.5114 0.8419 -0.1723
vn -0.5060 0.8416 -0.1889
vn -0.7195 0.6426 -0.2635
vn -0.7273 0.6431 -0.2398
vn -0.8427 0.4627 -0.2752
vn -0.8335 0.4622 -0.3026
vn -0.7347 0.6431 -0.2160
vn -0.8511 0.4629 -0.2476
vn -0.9286 0.2567 -0.2678
vn -0.9194 0.2565 -0.2980
vn -0.9093 0.2561 -0.3279
vn -0.9073 -0.2702 -0.3223
vn -0.9174 -0.2700 -0.2924
vn -0.8391 -0.4749 -0.2653
vn -0.8298 -0.4751 -0.2927
vn -0.9266 -0.2696 -0.2623
vn -0.8476 -0.4744 -0.2377
vn -0.7298 -0.6530 -0.2024
vn -0.7224 -0.6534 -0.2262
vn -0.7145 -0.6535 -0.2498
vn -0.4998 -0.8491 -0.1711
vn -0.5053 -0.8490 -0.1545
vn -0.4179 -0.8997 -0.1260
vn -0.4134 -0.8998 -0.1397
vn -0.5105 -0.8487 -0.1379
vn -0.4223 -0.8995 -0.1122
vn -0.3329 -0.9390 -0.0863
vn -0.3294 -0.9392 -0.0972
vn -0.3259 -0.9392 -0.1080
vn -0.1818 -0.9817 -0.0561
vn -0.1838 -0.9817 -0.0500
vn -0.1196 -0.9924 -0.0292
vn -0.1183 -0.9924 -0.0333
vn -0.1857 -0.9816 -0.0438
vn -0.1209 -0.9923 -0.0252
vn -0.0582 -0.9983 -0.0072
vn -0.0576 -0.9983 -0.0092
vn -0.0569 -0.9983 -0.0112
vn 0.0640 -0.9974 0.0320
vn 0.0646 -0.9975 0.0300
vn 0.1292 -0.9903 0.0508
vn 0.1279 -0.9903 0.0549
vn 0.0652 -0.9975 0.0280
vn 0.1306 -0.9903 0.0466
vn 0.1927 -0.9792 0.0643
vn 0.1907 -0.9791 0.0704
vn 0.1887 -0.9790 0.0765
vn 0.3326 -0.9344 0.1276
vn 0.3361 -0.9346 0.1168
vn 0.4277 -0.8921 0.1458
vn 0.4231 -0.8919 0.1597
vn 0.3396 -0.9346 0.1059
vn 0.4321 -0.8921 0.1319
vn 0.5167 -0.8419 0.1556
vn 0.5114 -0.8419 0.1722
vn 0.5060 -0.8416 0.1889
vn 0.7194 -0.6426 0.2635
vn 0.7273 -0.6431 0.2398
vn 0.8446 -0.4590 0.2758
vn 0.8353 -0.4586 0.3032
vn 0.7347 -0.6431 0.2160
vn 0.8531 -0.4590 0.2481
vn 0.9287 -0.2567 0.2678
vn 0.9195 -0.2565 0.2980
vn 0.9093 -0.2561 0.3279
vn 0.9420 0.2689 0.2010
vn 0.9481 0.2687 0.1701
vn 0.8691 0.4701 0.1537
vn 0.8636 0.4701 0.1821
vn 0.9533 0.2683 0.1389
vn 0.8739 0.4697 0.1251
vn 0.7509 0.6520 0.1051
vn 0.7466 0.6525 0.1296
vn 0.7419 0.6525 0.1541
vn 0.5190 0.8484 0.1040
vn 0.5222 0.8484 0.0868
vn 0.4354 0.8975 0.0705
vn 0.4327 0.8975 0.0849
vn 0.5253 0.8481 0.0696
vn 0.4379 0.8973 0.0562
vn 0.3426 0.9386 0.0416
vn 0.3405 0.9387 0.0528
vn 0.3385 0.9388 0.0641
vn 0.1889 0.9815 0.0313
vn 0.1900 0.9815 0.0250
vn 0.1265 0.9919 0.0133
vn 0.1257 0.9919 0.0176
vn 0.1912 0.9814 0.0187
vn 0.1272 0.9918 0.0091
vn 0.0600 0.9982 -0.0010
vn 0.0596 0.9982 0.0011
vn 0.0592 0.9982 0.0032
vn -0.0663 0.9975 -0.0240
vn -0.0666 0.9975 -0.0219
vn -0.1308 0.9908 -0.0335
vn -0.1300 0.9908 -0.0377
vn -0.0670 0.9976 -0.0198
vn -0.1315 0.9909 -0.0293
vn -0.1981 0.9794 -0.0391
vn -0.1970 0.9794 -0.0455
vn -0.1958 0.9793 -0.0518
vn -0.3451 0.9348 -0.0836
vn -0.3472 0.9350 -0.0724
vn -0.4384 0.8944 -0.0886
vn -0.4358 0.8941 -0.1029
vn -0.3492 0.9350 -0.0611
vn -0.4410 0.8944 -0.0744
vn -0.5314 0.8426 -0.0873
vn -0.5284 0.8426 -0.1045
vn -0.5252 0.8423 -0.1217
vn -0.7468 0.6436 -0.1677
vn -0.7515 0.6440 -0.1432
vn -0.8708 0.4639 -0.1631
vn -0.8653 0.4633 -0.1915
vn -0.7557 0.6441 -0.1186
vn -0.8755 0.4640 -0.1346
vn -0.9553 0.2580 -0.1444
vn -0.9501 0.2578 -0.1756
vn -0.9440 0.2573 -0.2065
vn -0.9420 -0.2689 -0.2010
vn -0.9481 -0.2687 -0.1700
vn -0.8672 -0.4738 -0.1533
vn -0.8616 -0.4740 -0.1816
vn -0.9533 -0.2683 -0.1389
vn -0.8721 -0.4732 -0.1248
vn -0.7509 -0.6520 -0.1051
vn -0.7466 -0.6525 -0.1296
vn -0.7419 -0.6525 -0.1541
vn -0.5190 -0.8484 -0.1040
vn -0.5222 -0.8484 -0.0868
vn -0.4320 -0.8992 -0.0699
vn -0.4293 -0.8992 -0.0841
vn -0.5253 -0.8481 -0.0696
vn -0.4346 -0.8989 -0.0556
vn -0.3426 -0.9386 -0.0416
vn -0.3405 -0.9387 -0.0528
vn -0.3385 -0.9388 -0.0641
vn -0.1889 -0.9815 -0.0313
vn -0.1900 -0.9815 -0.0250
vn -0.1238 -0.9922 -0.0128
vn -0.1230 -0.9923 -0.0170
vn -0.1912 -0.9814 -0.0187
vn -0.1245 -0.9922 -0.0087
vn -0.0600 -0.9982 0.0010
vn -0.0596 -0.9982 -0.0011
vn -0.0592 -0.9982 -0.0032
vn 0.0663 -0.9975 0.0240
vn 0.0666 -0.9975 0.0219
vn 0.1334 -0.9905 0.0340
vn 0.1326 -0.9904 0.0382
vn 0.0670 -0.9976 0.0198
vn 0.1342 -0.9905 0.0298
vn 0.1981 -0.9794 0.0391
vn 0.1970 -0.9794 0.0455
vn 0.1958 -0.9793 0.0518
vn 0.3451 -0.9348 0.0836
vn 0.3472 -0.9350 0.0724
vn 0.4418 -0.8927 0.0892
vn 0.4391 -0.8924 0.1036
vn 0.3492 -0.9350 0.0611
vn 0.4444 -0.8927 0.0748
vn 0.5314 -0.8426 0.0873
vn 0.5284 -0.8426 0.1045
vn 0.5252 -0.8422 0.1217
vn 0.7468 -0.6436 0.1676
vn 0.7515 -0.6440 0.1432
vn 0.8727 -0.4601 0.1635
vn 0.8671 -0.4597 0.1919
vn 0.7557 -0.6441 0.1186
vn 0.8775 -0.4601 0.1349
vn 0.9553 -0.2580 0.1444
vn 0.9501 -0.2578 0.1756
vn 0.9440 -0.2573 0.2065
vn 0.9605 0.2676 0.0762
vn 0.9625 0.2674 0.0447
vn 0.8824 0.4689 0.0387
vn 0.8807 0.4689 0.0676
vn 0.9636 0.2669 0.0132
vn 0.8834 0.4684 0.0097
vn 0.7591 0.6510 0.0058
vn 0.7581 0.6515 0.0307
vn 0.7566 0.6515 0.0555
vn 0.5293 0.8477 0.0349
vn 0.5303 0.8477 0.0174
vn 0.4421 0.8969 0.0126
vn 0.4413 0.8969 0.0272
vn 0.5310 0.8473 -0.0000
vn 0.4427 0.8967 -0.0020
vn 0.3463 0.9381 -0.0040
vn 0.3458 0.9383 0.0074
vn 0.3452 0.9383 0.0188
vn 0.1927 0.9812 0.0059
vn 0.1930 0.9812 -0.0006
vn 0.1284 0.9917 -0.0038
vn 0.1282 0.9917 0.0005
vn 0.1933 0.9811 -0.0070
vn 0.1286 0.9917 -0.0082
vn 0.0607 0.9981 -0.0094
vn 0.0606 0.9981 -0.0073
vn 0.0605 0.9982 -0.0052
vn -0.0675 0.9976 -0.0156
vn -0.0676 0.9976 -0.0136
vn -0.1327 0.9910 -0.0167
vn -0.1325 0.9910 -0.0209
vn -0.0677 0.9976 -0.0115
vn -0.1329 0.9911 -0.0125
vn -0.2002 0.9797 -0.0135
vn -0.1999 0.9796 -0.0199
vn -0.1996 0.9795 -0.0263
vn -0.3519 0.9353 -0.0384
vn -0.3524 0.9354 -0.0270
vn -0.4451 0.8950 -0.0311
vn -0.4443 0.8947 -0.0456
vn -0.3530 0.9355 -0.0155
vn -0.4457 0.8950 -0.0166
vn -0.5371 0.8433 -0.0176
vn -0.5364 0.8433 -0.0351
vn -0.5354 0.8429 -0.0525
vn -0.7614 0.6446 -0.0691
vn -0.7629 0.6451 -0.0442
vn -0.8839 0.4651 -0.0483
vn -0.8822 0.4645 -0.0772
vn -0.7638 0.6451 -0.0193
vn -0.8849 0.4653 -0.0195
vn -0.9656 0.2593 -0.0187
vn -0.9645 0.2591 -0.0502
vn -0.9625 0.2586 -0.0817
vn -0.9605 -0.2676 -0.0762
vn -0.9626 -0.2674 -0.0447
vn -0.8804 -0.4726 -0.0385
vn -0.8786 -0.4728 -0.0674
vn -0.9636 -0.2669 -0.0132
vn -0.8815 -0.4720 -0.0097
vn -0.7591 -0.6510 -0.0058
vn -0.7581 -0.6514 -0.0307
vn -0.7566 -0.6515 -0.0555
vn -0.5293 -0.8477 -0.0349
vn -0.5303 -0.8477 -0.0174
vn -0.4386 -0.8986 -0.0124
vn -0.4379 -0.8986 -0.0268
vn -0.5311 -0.8473 -0.0000
vn -0.4393 -0.8983 0.0021
vn -0.3463 -0.9381 0.0040
vn -0.3458 -0.9383 -0.0074
vn -0.3452 -0.9383 -0.0188
vn -0.1927 -0.9812 -0.0059
vn -0.1930 -0.9812 0.0006
vn -0.1257 -0.9921 0.0040
vn -0.1255 -0.9921 -0.0002
vn -0.1933 -0.9811 0.0070
vn -0.1259 -0.9920 0.0082
vn -0.0607 -0.9981 0.0094
vn -0.0606 -0.9981 0.0073
vn -0.0605 -0.9982 0.0052
vn 0.0675 -0.9976 0.0157
vn 0.0676 -0.9976 0.0136
vn 0.1354 -0.9906 0.0168
vn 0.1352 -0.9906 0.0212
vn 0.0677 -0.9976 0.0115
vn 0.1356 -0.9907 0.0125
vn 0.2002 -0.9797 0.0135
vn 0.1999 -0.9796 0.0199
vn 0.1996 -0.9795 0.0263
vn 0.3518 -0.9353 0.0384
vn 0.3524 -0.9354 0.0270
vn 0.4485 -0.8932 0.0313
vn 0.4477 -0.8930 0.0458
vn 0.3530 -0.9355 0.0155
vn 0.4492 -0.8933 0.0167
vn 0.5371 -0.8433 0.0176
vn 0.5364 -0.8433 0.0351
vn 0.5354 -0.8430 0.0525
vn 0.7614 -0.6446 0.0691
vn 0.7629 -0.6450 0.0442
vn 0.8859 -0.4613 0.0484
vn 0.8841 -0.4609 0.0773
vn 0.7638 -0.6451 0.0193
vn 0.8870 -0.4614 0.0195
vn 0.9656 -0.2593 0.0187
vn 0.9645 -0.2591 0.0502
vn 0.9625 -0.2586 0.0817
vn 0.9605 0.2660 -0.0814
vn 0.8806 0.4676 -0.0771
vn 0.8826 0.4676 -0.0482
vn 0.8778 0.4672 -0.1059
vn 0.4412 0.8963 -0.0457
vn 0.4423 0.8963 -0.0312
vn 0.4399 0.8960 -0.0602
vn 0.3451 0.9378 -0.0383
vn 0.3460 0.9379 -0.0269
vn 0.1282 0.9915 -0.0211
vn 0.1285 0.9916 -0.0168
vn 0.1921 0.9808 -0.0327
vn 0.1278 0.9915 -0.0254
vn 0.0606 0.9981 -0.0136
vn -0.1324 0.9912 0.0002
vn -0.1328 0.9911 -0.0040
vn -0.1321 0.9912 0.0044
vn -0.1989 0.9799 0.0122
vn -0.4441 0.8956 0.0268
vn -0.4453 0.8953 0.0123
vn -0.3507 0.9360 0.0301
vn -0.4428 0.8957 0.0412
vn -0.5366 0.8437 0.0173
vn -0.8820 0.4664 0.0672
vn -0.8841 0.4658 0.0384
vn -0.8793 0.4666 0.0960
vn -0.9594 0.2608 0.1074
vn -0.9605 -0.2660 0.0815
vn -0.8786 -0.4713 0.0770
vn -0.8805 -0.4715 0.0481
vn -0.8759 -0.4707 0.1057
vn -0.4377 -0.8980 0.0454
vn -0.4388 -0.8980 0.0310
vn -0.4365 -0.8977 0.0599
vn -0.3460 -0.9379 0.0269
vn -0.1254 -0.9919 0.0209
vn -0.1258 -0.9919 0.0167
vn -0.1251 -0.9918 0.0251
vn 0.0675 -0.9977 0.0052
vn 0.1351 -0.9908 -0.0004
vn 0.1355 -0.9908 0.0039
vn 0.1348 -0.9909 -0.0048
vn 0.1990 -0.9799 -0.0122
vn 0.4475 -0.8939 -0.0270
vn 0.4487 -0.8936 -0.0125
vn 0.4463 -0.8939 -0.0416
vn 0.8840 -0.4626 -0.0674
vn 0.8860 -0.4622 -0.0385
vn 0.8813 -0.4627 -0.0962
vn 0.9594 -0.2608 -0.1074
vn 0.8636 0.4663 -0.1916
vn 0.8694 0.4663 -0.1632
vn 0.8571 0.4658 -0.2198
vn 0.7365 0.6488 -0.1917
vn 0.7469 0.6493 -0.1430
vn 0.5226 0.8462 -0.1044
vn 0.5190 0.8461 -0.1215
vn 0.4326 0.8956 -0.1034
vn 0.4357 0.8957 -0.0891
vn 0.4295 0.8954 -0.1176
vn 0.3408 0.9374 -0.0723
vn 0.1902 0.9807 -0.0454
vn 0.1256 0.9913 -0.0382
vn 0.1265 0.9914 -0.0340
vn 0.1247 0.9913 -0.0424
vn 0.0592 0.9980 -0.0240
vn 0.0597 0.9980 -0.0219
vn -0.1299 0.9914 0.0169
vn -0.1308 0.9913 0.0128
vn -0.1290 0.9914 0.0211
vn -0.4356 0.8962 0.0840
vn -0.4386 0.8959 0.0698
vn -0.4325 0.8963 0.0981
vn -0.5212 0.8448 0.1209
vn -0.5286 0.8445 0.0867
vn -0.8651 0.4677 0.1815
vn -0.8709 0.4671 0.1532
vn -0.7411 0.6473 0.1782
vn -0.8586 0.4679 0.2096
vn -0.9440 0.2620 0.2008
vn -0.9421 -0.2645 0.2063
vn -0.8617 -0.4700 0.1912
vn -0.8674 -0.4702 0.1629
vn -0.8553 -0.4694 0.2194
vn -0.7365 -0.6488 0.1917
vn -0.4293 -0.8973 0.1027
vn -0.4322 -0.8974 0.0885
vn -0.4262 -0.8971 0.1168
vn -0.3408 -0.9374 0.0723
vn -0.1902 -0.9807 0.0454
vn -0.1229 -0.9917 0.0376
vn -0.1238 -0.9917 0.0335
vn -0.1875 -0.9806 0.0580
vn -0.1221 -0.9916 0.0418
vn 0.1326 -0.9910 -0.0175
vn 0.1335 -0.9910 -0.0133
vn 0.1317 -0.9911 -0.0218
vn 0.1971 -0.9801 -0.0250
vn 0.4389 -0.8945 -0.0847
vn 0.4420 -0.8943 -0.0705
vn 0.3425 -0.9365 -0.0752
vn 0.4358 -0.8946 -0.0990
vn 0.5285 -0.8445 -0.0868
vn 0.8670 -0.4639 -0.1819
vn 0.8727 -0.4635 -0.1535
vn 0.7411 -0.6474 -0.1782
vn 0.8605 -0.4640 -0.2102
vn 0.9368 -0.2622 -0.2316
vn 0.9439 -0.2620 -0.2008
vn 0.9075 0.2631 -0.3276
vn 0.8319 0.4649 -0.3030
vn 0.8413 0.4650 -0.2756
vn 0.8218 0.4645 -0.3301
vn 0.7146 0.6481 -0.2632
vn 0.4998 0.8453 -0.1886
vn 0.4166 0.8950 -0.1595
vn 0.4215 0.8950 -0.1457
vn 0.4939 0.8450 -0.2051
vn 0.4117 0.8947 -0.1732
vn 0.1209 0.9912 -0.0548
vn 0.1223 0.9912 -0.0507
vn 0.1194 0.9911 -0.0589
vn -0.1253 0.9916 0.0332
vn -0.1267 0.9915 0.0292
vn -0.1238 0.9916 0.0372
vn -0.1908 0.9804 0.0499
vn -0.3362 0.9367 0.0972
vn -0.4197 0.8969 0.1396
vn -0.4246 0.8966 0.1260
vn -0.4148 0.8969 0.1532
vn -0.5058 0.8456 0.1710
vn -0.5116 0.8452 0.1545
vn -0.8333 0.4690 0.2926
vn -0.8428 0.4684 0.2652
vn -0.8232 0.4692 0.3196
vn -0.9093 0.2635 0.3221
vn -0.9074 -0.2630 0.3276
vn -0.8300 -0.4687 0.3023
vn -0.8394 -0.4689 0.2750
vn -0.8964 -0.2626 0.3572
vn -0.8200 -0.4680 0.3294
vn -0.4134 -0.8967 0.1583
vn -0.4182 -0.8968 0.1447
vn -0.4085 -0.8964 0.1720
vn -0.1818 -0.9804 0.0765
vn -0.1183 -0.9915 0.0539
vn -0.1197 -0.9916 0.0499
vn -0.1169 -0.9915 0.0579
vn 0.1279 -0.9912 -0.0341
vn 0.1293 -0.9911 -0.0301
vn 0.1264 -0.9912 -0.0382
vn 0.3362 -0.9368 -0.0972
vn 0.4229 -0.8952 -0.1408
vn 0.4278 -0.8949 -0.1270
vn 0.4180 -0.8952 -0.1545
vn 0.5115 -0.8453 -0.1545
vn 0.7192 -0.6484 -0.2496
vn 0.8352 -0.4653 -0.2933
vn 0.8445 -0.4648 -0.2659
vn 0.8251 -0.4653 -0.3204
vn 0.7859 0.4636 -0.4092
vn 0.7988 0.4636 -0.3833
vn 0.7723 0.4631 -0.4348
vn 0.4800 0.8446 -0.2372
vn 0.4721 0.8446 -0.2527
vn 0.3935 0.8943 -0.2130
vn 0.4001 0.8944 -0.2000
vn 0.3867 0.8941 -0.2259
vn 0.1140 0.9910 -0.0707
vn 0.1160 0.9910 -0.0668
vn 0.1120 0.9909 -0.0745
vn -0.0615 0.9980 0.0170
vn -0.1185 0.9918 0.0487
vn -0.1205 0.9917 0.0450
vn -0.1166 0.9918 0.0525
vn -0.1813 0.9806 0.0739
vn -0.3967 0.8975 0.1927
vn -0.4033 0.8972 0.1798
vn -0.3900 0.8976 0.2055
vn -0.4780 0.8463 0.2351
vn -0.6907 0.6491 0.3188
vn -0.6796 0.6495 0.3410
vn -0.7874 0.4704 0.3986
vn -0.8003 0.4697 0.3727
vn -0.6680 0.6496 0.3631
vn -0.7738 0.4706 0.4241
vn -0.8591 0.2649 0.4379
vn -0.8731 0.2644 0.4096
vn -0.7841 -0.4673 0.4084
vn -0.7969 -0.4675 0.3825
vn -0.7706 -0.4667 0.4339
vn -0.6751 -0.6470 0.3546
vn -0.4799 -0.8446 0.2371
vn -0.4720 -0.8446 0.2527
vn -0.3904 -0.8960 0.2114
vn -0.3969 -0.8961 0.1985
vn -0.4640 -0.8443 0.2682
vn -0.3838 -0.8958 0.2243
vn -0.3128 -0.9364 0.1593
vn -0.1745 -0.9801 0.0944
vn -0.1116 -0.9913 0.0694
vn -0.1135 -0.9914 0.0657
vn -0.1096 -0.9913 0.0732
vn -0.0545 -0.9978 0.0379
vn 0.0616 -0.9980 -0.0170
vn 0.1210 -0.9914 -0.0500
vn 0.1230 -0.9913 -0.0461
vn 0.1190 -0.9914 -0.0538
vn 0.1814 -0.9806 -0.0739
vn 0.3997 -0.8958 -0.1943
vn 0.4063 -0.8956 -0.1813
vn 0.3930 -0.8959 -0.2073
vn 0.4779 -0.8464 -0.2351
vn 0.4858 -0.8460 -0.2195
vn 0.6907 -0.6491 -0.3188
vn 0.6796 -0.6496 -0.3410
vn 0.7891 -0.4666 -0.3995
vn 0.8020 -0.4662 -0.3736
vn 0.6680 -0.6496 -0.3630
vn 0.7756 -0.4667 -0.4251
vn 0.8442 -0.2652 -0.4658
vn 0.8591 -0.2650 -0.4379
vn 0.8731 -0.2645 -0.4096
vn 0.7925 0.2601 -0.5517
vn 0.7264 0.4622 -0.5086
vn 0.7426 0.4623 -0.4846
vn 0.7096 0.4618 -0.5322
vn 0.6096 0.6453 -0.4604
vn 0.3635 0.8937 -0.2630
vn 0.3718 0.8937 -0.2510
vn 0.3552 0.8934 -0.2750
vn 0.2906 0.9359 -0.1992
vn 0.1051 0.9908 -0.0855
vn 0.1076 0.9908 -0.0819
vn 0.1027 0.9907 -0.0890
vn 0.0504 0.9977 -0.0452
vn -0.1099 0.9919 0.0633
vn -0.1123 0.9919 0.0598
vn -0.1074 0.9920 0.0667
vn -0.3669 0.8981 0.2423
vn -0.3751 0.8979 0.2304
vn -0.3586 0.8982 0.2542
vn -0.7279 0.4717 0.4976
vn -0.7441 0.4711 0.4737
vn -0.7112 0.4719 0.5211
vn -0.8100 -0.2604 0.5255
vn -0.7924 -0.2601 0.5517
vn -0.7248 -0.4660 0.5075
vn -0.7409 -0.4662 0.4835
vn -0.7081 -0.4654 0.5311
vn -0.3607 -0.8954 0.2611
vn -0.3688 -0.8955 0.2491
vn -0.3524 -0.8951 0.2730
vn -0.1620 -0.9799 0.1168
vn -0.1029 -0.9911 0.0839
vn -0.1053 -0.9912 0.0805
vn -0.1005 -0.9911 0.0874
vn -0.0481 -0.9977 0.0486
vn -0.0493 -0.9977 0.0469
vn -0.0505 -0.9977 0.0452
vn 0.0575 -0.9980 -0.0244
vn 0.1121 -0.9916 -0.0648
vn 0.1146 -0.9915 -0.0613
vn 0.1096 -0.9916 -0.0684
vn 0.1615 -0.9811 -0.1070
vn 0.1689 -0.9809 -0.0964
vn 0.3697 -0.8964 -0.2443
vn 0.3780 -0.8962 -0.2323
vn 0.3614 -0.8965 -0.2563
vn 0.4519 -0.8468 -0.2806
vn 0.7295 -0.4679 -0.4988
vn 0.7457 -0.4675 -0.4747
vn 0.6140 -0.6507 -0.4467
vn 0.7128 -0.4680 -0.5224
vn 0.7140 0.2587 -0.6505
vn 0.6545 0.4610 -0.5993
vn 0.6737 0.4610 -0.5776
vn 0.6347 0.4606 -0.6205
vn 0.5452 0.6443 -0.5364
vn 0.5620 0.6447 -0.5181
vn 0.4045 0.8431 -0.3544
vn 0.3273 0.8931 -0.3087
vn 0.3370 0.8931 -0.2979
vn 0.3810 0.8427 -0.3803
vn 0.3174 0.8928 -0.3195
vn 0.2557 0.9353 -0.2445
vn 0.0944 0.9906 -0.0990
vn 0.0973 0.9906 -0.0958
vn 0.0915 0.9905 -0.1022
vn 0.0426 0.9976 -0.0550
vn 0.0454 0.9976 -0.0519
vn -0.0993 0.9921 0.0765
vn -0.1022 0.9921 0.0734
vn -0.0496 0.9982 0.0342
vn -0.0965 0.9921 0.0796
vn -0.2700 0.9382 0.2164
vn -0.3309 0.8987 0.2877
vn -0.3406 0.8985 0.2769
vn -0.3212 0.8988 0.2983
vn -0.3986 0.8478 0.3497
vn -0.6561 0.4729 0.5881
vn -0.6753 0.4723 0.5665
vn -0.6364 0.4731 0.6092
vn -0.7158 0.2678 0.6449
vn -0.7140 -0.2587 0.6506
vn -0.6530 -0.4647 0.5980
vn -0.6721 -0.4649 0.5763
vn -0.6925 -0.2583 0.6736
vn -0.6333 -0.4642 0.6192
vn -0.5786 -0.6448 0.4995
vn -0.3247 -0.8948 0.3064
vn -0.3344 -0.8949 0.2957
vn -0.3810 -0.8427 0.3803
vn -0.3150 -0.8945 0.3171
vn -0.2558 -0.9353 0.2445
vn -0.0924 -0.9910 0.0972
vn -0.0952 -0.9910 0.0941
vn -0.0895 -0.9909 0.1003
vn 0.1014 -0.9918 -0.0783
vn 0.1043 -0.9917 -0.0751
vn 0.0985 -0.9918 -0.0815
vn 0.1535 -0.9812 -0.1171
vn 0.3335 -0.8971 -0.2900
vn 0.3432 -0.8968 -0.2791
vn 0.2546 -0.9385 -0.2334
vn 0.3237 -0.8971 -0.3008
vn 0.6576 -0.4692 -0.5895
vn 0.6767 -0.4688 -0.5677
vn 0.6379 -0.4692 -0.6107
vn 0.7158 -0.2678 -0.6450
vn 0.5713 0.4598 -0.6799
vn 0.5931 0.4598 -0.6609
vn 0.5990 0.2570 -0.7584
vn 0.5489 0.4594 -0.6983
vn 0.4714 0.6433 -0.6033
vn 0.2854 0.8925 -0.3493
vn 0.2965 0.8925 -0.3398
vn 0.3292 0.8421 -0.4272
vn 0.2742 0.8923 -0.3587
vn 0.0820 0.9904 -0.1110
vn 0.0853 0.9905 -0.1082
vn 0.0787 0.9904 -0.1138
vn -0.0466 0.9982 0.0371
vn -0.0872 0.9923 0.0883
vn -0.0904 0.9922 0.0855
vn -0.0839 0.9923 0.0910
vn -0.1356 0.9814 0.1356
vn -0.2894 0.8993 0.3279
vn -0.3004 0.8991 0.3185
vn -0.2783 0.8994 0.3372
vn -0.3350 0.8486 0.4094
vn -0.3617 0.8482 0.3869
vn -0.4948 0.6528 0.5736
vn -0.5731 0.4741 0.6684
vn -0.5949 0.4736 0.6495
vn -0.5508 0.4743 0.6868
vn -0.6471 -0.2576 0.7175
vn -0.5700 -0.4635 0.6784
vn -0.5917 -0.4637 0.6594
vn -0.5990 -0.2569 0.7584
vn -0.5477 -0.4630 0.6969
vn -0.4714 -0.6433 0.6033
vn -0.2831 -0.8942 0.3467
vn -0.2941 -0.8943 0.3373
vn -0.3292 -0.8421 0.4272
vn -0.2721 -0.8940 0.3560
vn -0.0802 -0.9908 0.1090
vn -0.0834 -0.9908 0.1062
vn -0.1189 -0.9792 0.1644
vn -0.0770 -0.9908 0.1117
vn 0.0466 -0.9982 -0.0372
vn 0.0889 -0.9919 -0.0904
vn 0.0922 -0.9919 -0.0876
vn 0.0857 -0.9920 -0.0932
vn 0.1356 -0.9814 -0.1356
vn 0.2916 -0.8976 -0.3305
vn 0.3027 -0.8974 -0.3210
vn 0.2804 -0.8977 -0.3399
vn 0.3617 -0.8483 -0.3868
vn 0.4949 -0.6528 -0.5736
vn 0.5744 -0.4704 -0.6700
vn 0.5962 -0.4700 -0.6509
vn 0.5521 -0.4704 -0.6884
vn 0.6488 -0.2686 -0.7119
vn 0.4783 0.4587 -0.7489
vn 0.5024 0.4587 -0.7329
vn 0.4537 0.4583 -0.7643
vn 0.3894 0.6424 -0.6601
vn 0.4105 0.6428 -0.6468
vn 0.4313 0.6428 -0.6331
vn 0.3011 0.8417 -0.4481
vn 0.2865 0.8417 -0.4577
vn 0.2385 0.8920 -0.3841
vn 0.2508 0.8920 -0.3761
vn 0.2718 0.8414 -0.4671
vn 0.2262 0.8917 -0.3919
vn 0.0681 0.9903 -0.1213
vn 0.0717 0.9903 -0.1190
vn 0.0645 0.9902 -0.1237
vn -0.0736 0.9924 0.0983
vn -0.0771 0.9924 0.0961
vn -0.0700 0.9925 0.1006
vn -0.1154 0.9817 0.1516
vn -0.2429 0.8998 0.3623
vn -0.2550 0.8996 0.3545
vn -0.2307 0.8999 0.3701
vn -0.3069 0.8489 0.4303
vn -0.4803 0.4752 0.7372
vn -0.5044 0.4747 0.7213
vn -0.4558 0.4754 0.7525
vn -0.5238 0.2703 0.8078
vn -0.5483 -0.2563 0.7960
vn -0.5220 -0.2562 0.8136
vn -0.4772 -0.4624 0.7473
vn -0.5013 -0.4626 0.7313
vn -0.4952 -0.2558 0.8303
vn -0.4527 -0.4619 0.7627
vn -0.3012 -0.8417 0.4481
vn -0.2367 -0.8937 0.3812
vn -0.2488 -0.8937 0.3733
vn -0.2718 -0.8414 0.4670
vn -0.2245 -0.8935 0.3890
vn -0.0666 -0.9907 0.1190
vn -0.0702 -0.9907 0.1167
vn -0.0631 -0.9906 0.1213
vn 0.0401 -0.9983 -0.0424
vn 0.0751 -0.9921 -0.1007
vn 0.0787 -0.9920 -0.0983
vn 0.0365 -0.9983 -0.0447
vn 0.0715 -0.9921 -0.1030
vn 0.1155 -0.9817 -0.1516
vn 0.2447 -0.8982 -0.3652
vn 0.2570 -0.8980 -0.3573
vn 0.2325 -0.8982 -0.3731
vn 0.4814 -0.4715 -0.7389
vn 0.5055 -0.4711 -0.7229
vn 0.4568 -0.4715 -0.7543
vn 0.5237 -0.2703 -0.8079
vn 0.3771 0.4577 -0.8052
vn 0.4031 0.4577 -0.7925
vn 0.3507 0.4573 -0.8172
vn 0.2255 0.8411 -0.4916
vn 0.1876 0.8915 -0.4124
vn 0.2008 0.8915 -0.4061
vn 0.1744 0.8913 -0.4186
vn 0.0530 0.9901 -0.1297
vn 0.0569 0.9902 -0.1279
vn 0.0491 0.9901 -0.1316
vn -0.0328 0.9984 0.0467
vn -0.0588 0.9926 0.1066
vn -0.0626 0.9925 0.1047
vn -0.0550 0.9926 0.1084
vn -0.0817 0.9820 0.1703
vn -0.1923 0.9003 0.3904
vn -0.2054 0.9001 0.3842
vn -0.1792 0.9003 0.3966
vn -0.3793 0.4762 0.7933
vn -0.4053 0.4757 0.7807
vn -0.3530 0.4763 0.8053
vn -0.3847 0.2716 0.8822
vn -0.3762 -0.4614 0.8035
vn -0.4021 -0.4615 0.7907
vn -0.3499 -0.4610 0.8155
vn -0.2412 -0.8411 0.4840
vn -0.2254 -0.8411 0.4916
vn -0.1861 -0.8932 0.4093
vn -0.1991 -0.8932 0.4031
vn -0.1730 -0.8930 0.4155
vn -0.1359 -0.9339 0.3306
vn -0.0518 -0.9905 0.1273
vn -0.0557 -0.9905 0.1255
vn -0.0480 -0.9905 0.1291
vn 0.0328 -0.9984 -0.0467
vn 0.0600 -0.9922 -0.1090
vn 0.0639 -0.9922 -0.1072
vn 0.0561 -0.9923 -0.1109
vn 0.1938 -0.8987 -0.3935
vn 0.2069 -0.8985 -0.3873
vn 0.1806 -0.8987 -0.3997
vn 0.3802 -0.4725 -0.7951
vn 0.4062 -0.4721 -0.7824
vn 0.3538 -0.4724 -0.8072
vn 0.3847 -0.2715 -0.8822
vn 0.2694 0.4568 -0.8478
vn 0.2968 0.4568 -0.8386
vn 0.2417 0.4565 -0.8563
vn 0.2070 0.6408 -0.7392
vn 0.1333 0.8911 -0.4339
vn 0.1472 0.8910 -0.4294
vn 0.1194 0.8909 -0.4383
vn 0.0567 0.9787 -0.1975
vn 0.0369 0.9900 -0.1361
vn 0.0411 0.9900 -0.1348
vn 0.0328 0.9900 -0.1374
vn 0.0181 0.9973 -0.0708
vn -0.0252 0.9984 0.0500
vn -0.0232 0.9984 0.0507
vn -0.0431 0.9927 0.1128
vn -0.0471 0.9926 0.1115
vn -0.0212 0.9985 0.0513
vn -0.0391 0.9927 0.1141
vn -0.1103 0.9400 0.3229
vn -0.1385 0.9007 0.4117
vn -0.1523 0.9005 0.4072
vn -0.1247 0.9008 0.4160
vn -0.1830 0.8500 0.4939
vn -0.2719 0.4771 0.8357
vn -0.2993 0.4766 0.8266
vn -0.2443 0.4771 0.8442
vn -0.2687 -0.4606 0.8460
vn -0.2961 -0.4606 0.8367
vn -0.2411 -0.4601 0.8545
vn -0.2070 -0.6409 0.7392
vn -0.1323 -0.8928 0.4306
vn -0.1460 -0.8928 0.4261
vn -0.1185 -0.8926 0.4350
vn -0.0567 -0.9787 0.1975
vn -0.0361 -0.9904 0.1335
vn -0.0401 -0.9904 0.1322
vn -0.0506 -0.9786 0.1994
vn -0.0321 -0.9904 0.1348
vn 0.0251 -0.9984 -0.0500
vn 0.0231 -0.9984 -0.0507
vn 0.0439 -0.9923 -0.1154
vn 0.0480 -0.9923 -0.1141
vn 0.0398 -0.9924 -0.1167
vn 0.0697 -0.9821 -0.1750
vn 0.1211 -0.9399 -0.3194
vn 0.1395 -0.8991 -0.4150
vn 0.1534 -0.8989 -0.4105
vn 0.0993 -0.9400 -0.3264
vn 0.1257 -0.8991 -0.4194
vn 0.1663 -0.8503 -0.4994
vn 0.1829 -0.8500 -0.4940
vn 0.2725 -0.4733 -0.8377
vn 0.2999 -0.4730 -0.8284
vn 0.2448 -0.4733 -0.8462
vn 0.1720 0.2533 -0.9520
vn 0.1570 0.4561 -0.8760
vn 0.1855 0.4560 -0.8704
vn 0.1285 0.4558 -0.8808
vn 0.1587 0.6405 -0.7514
vn 0.0768 0.8907 -0.4481
vn 0.0911 0.8907 -0.4454
vn 0.0624 0.8905 -0.4506
vn 0.0202 0.9899 -0.1403
vn 0.0244 0.9899 -0.1395
vn 0.0159 0.9899 -0.1411
vn 0.0100 0.9973 -0.0731
vn -0.0267 0.9928 0.1169
vn -0.0308 0.9928 0.1161
vn -0.0225 0.9928 0.1176
vn -0.0772 0.9401 0.3319
vn -0.0824 0.9011 0.4257
vn -0.0966 0.9009 0.4231
vn -0.0681 0.9011 0.4283
vn -0.1386 0.6559 0.7420
vn -0.1599 0.4778 0.8638
vn -0.1882 0.4774 0.8583
vn -0.1314 0.4778 0.8686
vn -0.1738 0.2732 0.9461
vn -0.1719 -0.2533 0.9520
vn -0.1567 -0.4598 0.8741
vn -0.1850 -0.4599 0.8685
vn -0.1282 -0.4595 0.8789
vn -0.1586 -0.6405 0.7514
vn -0.0761 -0.8924 0.4447
vn -0.0904 -0.8924 0.4420
vn -0.0619 -0.8923 0.4472
vn -0.0481 -0.9334 0.3557
vn -0.0197 -0.9903 0.1376
vn -0.0239 -0.9903 0.1368
vn -0.0155 -0.9903 0.1384
vn -0.0101 -0.9973 0.0732
vn 0.0272 -0.9925 -0.1196
vn 0.0314 -0.9924 -0.1188
vn 0.0229 -0.9925 -0.1204
vn 0.0324 -0.9823 -0.1844
vn 0.0772 -0.9401 -0.3319
vn 0.0830 -0.8994 -0.4291
vn 0.0973 -0.8992 -0.4265
vn 0.0547 -0.9403 -0.3360
vn 0.0687 -0.8994 -0.4317
vn 0.1631 -0.6555 -0.7373
vn 0.1387 -0.6559 -0.7420
vn 0.1602 -0.4741 -0.8658
vn 0.1886 -0.4738 -0.8602
vn 0.1317 -0.4740 -0.8706
vn 0.1737 -0.2732 -0.9461
vn 0.0420 0.4555 -0.8892
vn 0.0709 0.4554 -0.8875
vn 0.0130 0.4552 -0.8903
vn 0.0188 0.8904 -0.4547
vn 0.0334 0.8904 -0.4540
vn 0.0042 0.8903 -0.4554
vn 0.0139 0.9333 -0.3590
vn 0.0030 0.9898 -0.1423
vn 0.0073 0.9898 -0.1421
vn -0.0013 0.9898 -0.1425
vn -0.0098 0.9929 0.1188
vn -0.0141 0.9928 0.1186
vn -0.0056 0.9929 0.1190
vn -0.0195 0.9824 0.1859
vn -0.0319 0.9404 0.3386
vn -0.0249 0.9014 0.4323
vn -0.0394 0.9012 0.4316
vn -0.0105 0.9013 0.4330
vn -0.0451 0.4784 0.8770
vn -0.0739 0.4780 0.8752
vn -0.0162 0.4783 0.8780
vn -0.0418 -0.4593 0.8873
vn -0.0707 -0.4592 0.8855
vn -0.0130 -0.4589 0.8884
vn -0.0186 -0.8922 0.4513
vn -0.0331 -0.8921 0.4505
vn -0.0042 -0.8920 0.4520
vn -0.0253 -0.9332 0.3584
vn -0.0029 -0.9902 0.1395
vn -0.0071 -0.9902 0.1393
vn 0.0014 -0.9902 0.1397
vn 0.0100 -0.9925 -0.1216
vn 0.0143 -0.9925 -0.1213
vn 0.0057 -0.9925 -0.1218
vn 0.0319 -0.9404 -0.3387
vn 0.0251 -0.8997 -0.4358
vn 0.0397 -0.8995 -0.4350
vn 0.0105 -0.8997 -0.4365
vn 0.0467 -0.8508 -0.5233
vn 0.0452 -0.4747 -0.8790
vn 0.0741 -0.4744 -0.8772
vn 0.0163 -0.4746 -0.8801
vn -0.0739 0.4551 -0.8874
vn -0.0450 0.4550 -0.8894
vn -0.1027 0.4548 -0.8846
vn -0.0396 0.6396 -0.7677
vn -0.0291 0.8396 -0.5425
vn -0.0395 0.8902 -0.4538
vn -0.0250 0.8902 -0.4549
vn -0.0640 0.8395 -0.5397
vn -0.0541 0.8901 -0.4525
vn -0.0432 0.9330 -0.3572
vn -0.0143 0.9898 -0.1420
vn -0.0100 0.9898 -0.1423
vn -0.0186 0.9897 -0.1416
vn -0.0066 0.9972 -0.0745
vn 0.0071 0.9929 0.1185
vn 0.0028 0.9929 0.1189
vn 0.0113 0.9929 0.1182
vn 0.0329 0.9016 0.4314
vn 0.0185 0.9014 0.4325
vn 0.0473 0.9015 0.4302
vn 0.0231 0.8511 0.5245
vn 0.0350 0.6564 0.7536
vn 0.0704 0.4788 0.8751
vn 0.0416 0.4785 0.8771
vn 0.0991 0.4787 0.8724
vn 0.1092 0.2742 0.9554
vn 0.0737 -0.4589 0.8854
vn 0.0449 -0.4588 0.8874
vn 0.1025 -0.4586 0.8827
vn 0.0392 -0.8920 0.4504
vn 0.0248 -0.8919 0.4515
vn 0.0639 -0.8395 0.5396
vn 0.0537 -0.8918 0.4492
vn 0.0432 -0.9330 0.3573
vn 0.0140 -0.9902 0.1393
vn 0.0098 -0.9902 0.1396
vn 0.0259 -0.9783 0.2058
vn 0.0183 -0.9901 0.1389
vn 0.0067 -0.9972 0.0745
vn -0.0073 -0.9926 -0.1213
vn -0.0030 -0.9926 -0.1216
vn -0.0116 -0.9926 -0.1209
vn -0.0332 -0.8999 -0.4348
vn -0.0187 -0.8998 -0.4360
vn -0.0477 -0.8998 -0.4336
vn -0.0406 -0.8513 -0.5232
vn -0.0232 -0.8511 -0.5245
vn -0.0705 -0.4751 -0.8771
vn -0.0417 -0.4748 -0.8791
vn -0.0994 -0.4749 -0.8744
vn -0.1884 0.4549 -0.8704
vn -0.1601 0.4547 -0.8762
vn -0.2167 0.4546 -0.8639
vn -0.1630 0.6395 -0.7513
vn -0.0972 0.8901 -0.4452
vn -0.0830 0.8900 -0.4483
vn -0.1115 0.8900 -0.4421
vn -0.0770 0.9330 -0.3515
vn -0.0386 0.9782 -0.2039
vn -0.0449 0.9782 -0.2025
vn -0.0313 0.9897 -0.1395
vn -0.0271 0.9897 -0.1404
vn -0.0356 0.9897 -0.1385
vn -0.0170 0.9972 -0.0731
vn 0.0238 0.9930 0.1161
vn 0.0197 0.9929 0.1170
vn 0.0279 0.9930 0.1152
vn 0.0443 0.9825 0.1806
vn 0.0317 0.9825 0.1833
vn 0.0901 0.9017 0.4229
vn 0.0760 0.9016 0.4259
vn 0.1043 0.9016 0.4198
vn 0.1267 0.8513 0.5091
vn 0.1583 0.6569 0.7371
vn 0.1846 0.4790 0.8582
vn 0.1563 0.4788 0.8639
vn 0.2128 0.4789 0.8517
vn 0.1716 0.2744 0.9462
vn 0.1880 -0.4586 0.8685
vn 0.1597 -0.4585 0.8742
vn 0.2162 -0.4584 0.8620
vn 0.1385 -0.6394 0.7563
vn 0.0965 -0.8919 0.4419
vn 0.0823 -0.8918 0.4449
vn 0.1107 -0.8917 0.4388
vn 0.0450 -0.9782 0.2025
vn 0.0308 -0.9901 0.1368
vn 0.0266 -0.9901 0.1377
vn 0.0513 -0.9782 0.2011
vn 0.0349 -0.9901 0.1359
vn 0.0171 -0.9972 0.0731
vn -0.0080 -0.9986 -0.0527
vn -0.0244 -0.9926 -0.1188
vn -0.0202 -0.9926 -0.1197
vn -0.0286 -0.9926 -0.1178
vn -0.0909 -0.9000 -0.4263
vn -0.0766 -0.8999 -0.4293
vn -0.1051 -0.8999 -0.4232
vn -0.1850 -0.4753 -0.8601
vn -0.1567 -0.4751 -0.8659
vn -0.1826 -0.6568 -0.7317
vn -0.2133 -0.4751 -0.8537
vn -0.2998 0.4548 -0.8386
vn -0.2724 0.4546 -0.8480
vn -0.3270 0.4546 -0.8285
vn -0.2822 0.6393 -0.7153
vn -0.1533 0.8901 -0.4292
vn -0.1396 0.8900 -0.4341
vn -0.1670 0.8900 -0.4243
vn -0.0480 0.9897 -0.1347
vn -0.0439 0.9897 -0.1362
vn -0.0757 0.9782 -0.1933
vn -0.0520 0.9897 -0.1333
vn 0.0401 0.9930 0.1114
vn 0.0361 0.9930 0.1129
vn 0.0440 0.9930 0.1100
vn 0.1458 0.9017 0.4070
vn 0.1321 0.9016 0.4119
vn 0.1594 0.9016 0.4021
vn 0.1768 0.8515 0.4937
vn 0.1603 0.8513 0.4995
vn 0.2957 0.4791 0.8265
vn 0.2684 0.4789 0.8359
vn 0.3228 0.4789 0.8164
vn 0.2992 -0.4586 0.8368
vn 0.2718 -0.4584 0.8462
vn 0.3263 -0.4584 0.8267
vn 0.1522 -0.8918 0.4260
vn 0.1385 -0.8917 0.4309
vn 0.1658 -0.8917 0.4211
vn 0.1103 -0.9329 0.3428
vn 0.0697 -0.9782 0.1955
vn 0.0471 -0.9901 0.1321
vn 0.0431 -0.9901 0.1336
vn 0.0757 -0.9782 0.1933
vn 0.0510 -0.9901 0.1307
vn -0.0410 -0.9926 -0.1140
vn -0.0369 -0.9926 -0.1155
vn -0.0451 -0.9926 -0.1126
vn -0.1469 -0.9000 -0.4103
vn -0.1332 -0.9000 -0.4152
vn -0.1606 -0.8999 -0.4053
vn -0.1768 -0.8514 -0.4937
vn -0.2964 -0.4754 -0.8284
vn -0.2690 -0.4752 -0.8378
vn -0.3235 -0.4752 -0.8183
vn -0.4134 0.2518 -0.8751
vn -0.4417 0.2520 -0.8611
vn -0.4061 0.4549 -0.7926
vn -0.3802 0.4547 -0.8055
vn -0.4695 0.2519 -0.8462
vn -0.4317 0.4547 -0.7790
vn -0.2068 0.8901 -0.4060
vn -0.1938 0.8900 -0.4127
vn -0.2198 0.8901 -0.3993
vn -0.1732 0.9330 -0.3155
vn -0.0638 0.9897 -0.1278
vn -0.0600 0.9897 -0.1298
vn -0.0677 0.9897 -0.1259
vn 0.0556 0.9929 0.1047
vn 0.0518 0.9929 0.1066
vn 0.0594 0.9929 0.1028
vn 0.0807 0.9825 0.1676
vn 0.1988 0.9017 0.3840
vn 0.1859 0.9016 0.3906
vn 0.2117 0.9015 0.3774
vn 0.3453 0.6569 0.6703
vn 0.4017 0.4790 0.7806
vn 0.3758 0.4788 0.7934
vn 0.4272 0.4787 0.7670
vn 0.4134 -0.2519 0.8750
vn 0.4416 -0.2520 0.8611
vn 0.4052 -0.4587 0.7908
vn 0.3793 -0.4584 0.8037
vn 0.4695 -0.2520 0.8462
vn 0.4307 -0.4586 0.7773
vn 0.3722 -0.6395 0.6727
vn 0.3279 -0.6394 0.6955
vn 0.2053 -0.8919 0.4030
vn 0.1924 -0.8918 0.4096
vn 0.2181 -0.8918 0.3963
vn 0.0876 -0.9782 0.1882
vn 0.0626 -0.9901 0.1254
vn 0.0588 -0.9901 0.1274
vn 0.0990 -0.9782 0.1823
vn 0.0663 -0.9901 0.1235
vn 0.0309 -0.9972 0.0684
vn -0.0568 -0.9926 -0.1071
vn -0.0530 -0.9926 -0.1091
vn -0.0607 -0.9926 -0.1052
vn -0.0807 -0.9825 -0.1677
vn -0.2004 -0.9000 -0.3871
vn -0.1874 -0.8999 -0.3937
vn -0.2134 -0.8999 -0.3804
vn -0.4026 -0.4753 -0.7823
vn -0.3767 -0.4751 -0.7952
vn -0.4282 -0.4750 -0.7688
vn -0.5055 0.4552 -0.7330
vn -0.4814 0.4549 -0.7492
vn -0.5291 0.4551 -0.7162
vn -0.4356 0.6398 -0.6331
vn -0.2569 0.8903 -0.3760
vn -0.2449 0.8901 -0.3843
vn -0.2689 0.8902 -0.3677
vn -0.1101 0.9783 -0.1756
vn -0.0787 0.9898 -0.1190
vn -0.0751 0.9898 -0.1214
vn -0.0822 0.9898 -0.1165
vn 0.0330 0.9986 0.0424
vn 0.0701 0.9929 0.0960
vn 0.0666 0.9929 0.0984
vn 0.0736 0.9929 0.0936
vn 0.2485 0.9015 0.3543
vn 0.2365 0.9015 0.3625
vn 0.2603 0.9014 0.3460
vn 0.2863 0.8512 0.4400
vn 0.4101 0.6565 0.6331
vn 0.4307 0.6566 0.6191
vn 0.5007 0.4787 0.7212
vn 0.4768 0.4786 0.7373
vn 0.4511 0.6564 0.6047
vn 0.5243 0.4784 0.7045
vn 0.5478 0.2742 0.7904
vn 0.5044 -0.4590 0.7314
vn 0.4804 -0.4587 0.7476
vn 0.5279 -0.4589 0.7147
vn 0.4150 -0.6396 0.6471
vn 0.3069 -0.8397 0.4480
vn 0.2549 -0.8920 0.3732
vn 0.2430 -0.8919 0.3814
vn 0.2668 -0.8920 0.3650
vn 0.1101 -0.9783 0.1757
vn 0.0771 -0.9902 0.1167
vn 0.0736 -0.9901 0.1191
vn 0.0806 -0.9902 0.1143
vn 0.0418 -0.9972 0.0620
vn -0.0717 -0.9926 -0.0983
vn -0.0681 -0.9926 -0.1007
vn -0.0752 -0.9926 -0.0958
vn -0.2504 -0.8998 -0.3572
vn -0.2384 -0.8998 -0.3654
vn -0.2624 -0.8997 -0.3488
vn -0.5019 -0.4750 -0.7229
vn -0.4779 -0.4748 -0.7390
vn -0.4511 -0.6563 -0.6047
vn -0.5255 -0.4747 -0.7061
vn -0.5478 -0.2741 -0.7904
vn -0.6488 0.2529 -0.7177
vn -0.5962 0.4557 -0.6610
vn -0.5745 0.4554 -0.6802
vn -0.6718 0.2529 -0.6962
vn -0.6174 0.4556 -0.6413
vn -0.5320 0.6402 -0.5542
vn -0.3026 0.8905 -0.3398
vn -0.2917 0.8903 -0.3495
vn -0.3134 0.8905 -0.3300
vn -0.2296 0.9332 -0.2765
vn -0.0922 0.9898 -0.1082
vn -0.0890 0.9898 -0.1111
vn -0.0954 0.9899 -0.1053
vn 0.0380 0.9985 0.0386
vn 0.0833 0.9928 0.0855
vn 0.0802 0.9929 0.0883
vn 0.0865 0.9928 0.0826
vn 0.2228 0.9404 0.2568
vn 0.2938 0.9013 0.3184
vn 0.2830 0.9013 0.3280
vn 0.3045 0.9011 0.3086
vn 0.3683 0.8507 0.3749
vn 0.5087 0.6563 0.5572
vn 0.5912 0.4782 0.6494
vn 0.5696 0.4782 0.6685
vn 0.6124 0.4779 0.6298
vn 0.6467 0.2737 0.7120
vn 0.5949 -0.4594 0.6596
vn 0.5732 -0.4591 0.6787
vn 0.6160 -0.4594 0.6399
vn 0.3486 -0.8398 0.4163
vn 0.3003 -0.8922 0.3373
vn 0.2895 -0.8921 0.3470
vn 0.3110 -0.8922 0.3275
vn 0.0903 -0.9902 0.1062
vn 0.0872 -0.9902 0.1091
vn 0.0935 -0.9902 0.1034
vn -0.0852 -0.9925 -0.0875
vn -0.0820 -0.9925 -0.0904
vn -0.0884 -0.9925 -0.0846
vn -0.2961 -0.8996 -0.3209
vn -0.2853 -0.8996 -0.3307
vn -0.3069 -0.8995 -0.3111
vn -0.3683 -0.8507 -0.3749
vn -0.5088 -0.6562 -0.5572
vn -0.5926 -0.4745 -0.6509
vn -0.5709 -0.4744 -0.6701
vn -0.6138 -0.4742 -0.6312
vn -0.6467 -0.2736 -0.7120
vn -0.7366 0.2535 -0.6270
vn -0.6767 0.4563 -0.5778
vn -0.6577 0.4560 -0.5996
vn -0.6952 0.4562 -0.5555
vn -0.3431 0.8908 -0.2979
vn -0.3336 0.8906 -0.3090
vn -0.3526 0.8908 -0.2867
vn -0.1042 0.9899 -0.0958
vn -0.1014 0.9899 -0.0991
vn -0.1070 0.9899 -0.0925
vn 0.0440 0.9985 0.0327
vn 0.0951 0.9928 0.0733
vn 0.0924 0.9928 0.0766
vn 0.0978 0.9927 0.0701
vn 0.3340 0.9010 0.2768
vn 0.3246 0.9010 0.2878
vn 0.3434 0.9008 0.2657
vn 0.4153 0.8504 0.3232
vn 0.4040 0.8506 0.3365
vn 0.6716 0.4776 0.5664
vn 0.6526 0.4776 0.5882
vn 0.6900 0.4772 0.5442
vn 0.7366 -0.2535 0.6271
vn 0.6753 -0.4600 0.5765
vn 0.6563 -0.4596 0.5984
vn 0.6936 -0.4601 0.5542
vn 0.3405 -0.8925 0.2957
vn 0.3311 -0.8924 0.3067
vn 0.3499 -0.8925 0.2846
vn 0.1021 -0.9903 0.0940
vn 0.0994 -0.9903 0.0973
vn 0.1049 -0.9903 0.0908
vn -0.0972 -0.9924 -0.0751
vn -0.0944 -0.9924 -0.0784
vn -0.1000 -0.9924 -0.0718
vn -0.3367 -0.8993 -0.2790
vn -0.3272 -0.8993 -0.2901
vn -0.3461 -0.8992 -0.2679
vn -0.6731 -0.4739 -0.5678
vn -0.6541 -0.4738 -0.5896
vn -0.6915 -0.4736 -0.5454
vn -0.7943 0.2540 -0.5519
vn -0.8118 0.2544 -0.5257
vn -0.7457 0.4570 -0.4847
vn -0.7297 0.4567 -0.5089
vn -0.7612 0.4570 -0.4602
vn -0.3779 0.8912 -0.2510
vn -0.3699 0.8910 -0.2632
vn -0.3858 0.8912 -0.2387
vn -0.3033 0.9339 -0.1896
vn -0.2971 0.9338 -0.1992
vn -0.2909 0.9337 -0.2088
vn -0.1652 0.9786 -0.1222
vn -0.1687 0.9787 -0.1168
vn -0.1145 0.9900 -0.0819
vn -0.1121 0.9900 -0.0856
vn -0.1168 0.9901 -0.0783
vn 0.1052 0.9927 0.0597
vn 0.1029 0.9927 0.0633
vn 0.1075 0.9926 0.0562
vn 0.1653 0.9820 0.0909
vn 0.1618 0.9821 0.0963
vn 0.1583 0.9821 0.1017
vn 0.2841 0.9399 0.1892
vn 0.3685 0.9006 0.2303
vn 0.3606 0.9006 0.2425
vn 0.3763 0.9004 0.2182
vn 0.4456 0.8502 0.2805
vn 0.6237 0.6551 0.4266
vn 0.7404 0.4769 0.4737
vn 0.7244 0.4769 0.4978
vn 0.7558 0.4764 0.4492
vn 0.8263 0.2718 0.4932
vn 0.8097 0.2721 0.5200
vn 0.7441 -0.4608 0.4837
vn 0.7281 -0.4604 0.5078
vn 0.7594 -0.4609 0.4592
vn 0.6423 -0.6414 0.4195
vn 0.3750 -0.8929 0.2492
vn 0.3671 -0.8927 0.2613
vn 0.3828 -0.8929 0.2370
vn 0.1688 -0.9787 0.1168
vn 0.1122 -0.9904 0.0805
vn 0.1099 -0.9904 0.0840
vn 0.1145 -0.9904 0.0769
vn -0.1075 -0.9923 -0.0612
vn -0.1052 -0.9923 -0.0649
vn -0.1098 -0.9923 -0.0576
vn -0.1618 -0.9821 -0.0964
vn -0.3714 -0.8990 -0.2322
vn -0.3635 -0.8990 -0.2445
vn -0.2965 -0.9398 -0.1700
vn -0.3793 -0.8988 -0.2199
vn -0.4456 -0.8502 -0.2805
vn -0.7421 -0.4731 -0.4748
vn -0.7261 -0.4731 -0.4989
vn -0.7575 -0.4728 -0.4503
vn -0.8096 -0.2721 -0.5200
vn -0.8020 0.4580 -0.3835
vn -0.7893 0.4576 -0.4095
vn -0.8141 0.4579 -0.3572
vn -0.6907 0.6422 -0.3325
vn -0.4062 0.8916 -0.2000
vn -0.3999 0.8914 -0.2132
vn -0.4124 0.8916 -0.1868
vn -0.1812 0.9789 -0.0943
vn -0.1229 0.9902 -0.0668
vn -0.1210 0.9901 -0.0707
vn -0.1247 0.9902 -0.0629
vn -0.0615 0.9974 -0.0379
vn -0.0606 0.9974 -0.0398
vn 0.1134 0.9925 0.0450
vn 0.1116 0.9926 0.0488
vn 0.1152 0.9925 0.0411
vn 0.3966 0.9002 0.1798
vn 0.3904 0.9002 0.1928
vn 0.4028 0.9000 0.1667
vn 0.4870 0.8494 0.2036
vn 0.6858 0.6543 0.3187
vn 0.7966 0.4760 0.3727
vn 0.7838 0.4761 0.3987
vn 0.8086 0.4755 0.3465
vn 0.8710 0.2711 0.4097
vn 0.8002 -0.4617 0.3827
vn 0.7876 -0.4612 0.4087
vn 0.8122 -0.4618 0.3564
vn 0.6907 -0.6422 0.3324
vn 0.4031 -0.8933 0.1986
vn 0.3969 -0.8931 0.2117
vn 0.4092 -0.8934 0.1855
vn 0.1813 -0.9789 0.0944
vn 0.1204 -0.9905 0.0657
vn 0.1186 -0.9905 0.0695
vn 0.1222 -0.9906 0.0618
vn 0.0624 -0.9974 0.0360
vn 0.0615 -0.9974 0.0379
vn 0.0606 -0.9974 0.0398
vn -0.1159 -0.9922 -0.0461
vn -0.1140 -0.9922 -0.0500
vn -0.1177 -0.9921 -0.0422
vn -0.3997 -0.8985 -0.1813
vn -0.3935 -0.8985 -0.1944
vn -0.4059 -0.8983 -0.1681
vn -0.7984 -0.4722 -0.3736
vn -0.7857 -0.4722 -0.3997
vn -0.6962 -0.6539 -0.2962
vn -0.8104 -0.4719 -0.3473
vn -0.8710 -0.2711 -0.4098
vn -0.9195 0.2565 -0.2980
vn -0.8446 0.4590 -0.2758
vn -0.8353 0.4586 -0.3032
vn -0.9287 0.2567 -0.2678
vn -0.8531 0.4590 -0.2481
vn -0.4277 0.8921 -0.1458
vn -0.4231 0.8919 -0.1597
vn -0.4321 0.8921 -0.1319
vn -0.1292 0.9903 -0.0508
vn -0.1279 0.9903 -0.0549
vn -0.1306 0.9903 -0.0467
vn -0.0639 0.9974 -0.0321
vn 0.1196 0.9924 0.0292
vn 0.1183 0.9924 0.0333
vn 0.1209 0.9923 0.0252
vn 0.1838 0.9817 0.0500
vn 0.3259 0.9392 0.1081
vn 0.4179 0.8997 0.1260
vn 0.4134 0.8998 0.1398
vn 0.4223 0.8995 0.1122
vn 0.8391 0.4749 0.2654
vn 0.8298 0.4751 0.2927
vn 0.8476 0.4744 0.2378
vn 0.9266 0.2696 0.2623
vn 0.8427 -0.4627 0.2752
vn 0.8335 -0.4622 0.3026
vn 0.8511 -0.4629 0.2476
vn 0.7195 -0.6426 0.2634
vn 0.5060 -0.8416 0.1888
vn 0.4244 -0.8938 0.1447
vn 0.4199 -0.8936 0.1585
vn 0.4288 -0.8939 0.1309
vn 0.3396 -0.9346 0.1058
vn 0.3361 -0.9346 0.1167
vn 0.1266 -0.9907 0.0499
vn 0.1254 -0.9906 0.0540
vn 0.1279 -0.9907 0.0459
vn -0.1222 -0.9920 -0.0301
vn -0.1209 -0.9921 -0.0342
vn -0.1236 -0.9920 -0.0260
vn -0.4212 -0.8980 -0.1271
vn -0.4167 -0.8981 -0.1409
vn -0.4256 -0.8978 -0.1132
vn -0.5052 -0.8490 -0.1545
vn -0.8410 -0.4712 -0.2660
vn -0.8318 -0.4712 -0.2934
vn -0.8494 -0.4708 -0.2383
vn -0.9266 -0.2695 -0.2622
vn -0.9073 -0.2701 -0.3223
vn -0.8727 0.4601 -0.1635
vn -0.8671 0.4597 -0.1919
vn -0.8775 0.4601 -0.1349
vn -0.7468 0.6436 -0.1676
vn -0.4418 0.8927 -0.0892
vn -0.4391 0.8924 -0.1036
vn -0.4444 0.8927 -0.0748
vn -0.1334 0.9905 -0.0340
vn -0.1327 0.9904 -0.0383
vn -0.1342 0.9905 -0.0297
vn 0.0592 0.9982 0.0031
vn 0.1238 0.9922 0.0128
vn 0.1230 0.9923 0.0170
vn 0.1245 0.9922 0.0087
vn 0.4320 0.8992 0.0699
vn 0.4293 0.8992 0.0841
vn 0.4346 0.8989 0.0556
vn 0.8672 0.4738 0.1533
vn 0.8616 0.4740 0.1817
vn 0.8721 0.4732 0.1248
vn 0.9481 0.2687 0.1700
vn 0.8708 -0.4639 0.1631
vn 0.8653 -0.4633 0.1915
vn 0.8755 -0.4640 0.1346
vn 0.5252 -0.8423 0.1217
vn 0.4384 -0.8944 0.0886
vn 0.4358 -0.8941 0.1029
vn 0.4410 -0.8944 0.0744
vn 0.1307 -0.9908 0.0335
vn 0.1300 -0.9908 0.0377
vn 0.1315 -0.9909 0.0293
vn -0.0592 -0.9982 -0.0031
vn -0.1264 -0.9919 -0.0133
vn -0.1257 -0.9919 -0.0176
vn -0.1272 -0.9918 -0.0091
vn -0.4354 -0.8975 -0.0705
vn -0.4327 -0.8975 -0.0849
vn -0.4379 -0.8973 -0.0562
vn -0.7467 -0.6525 -0.1296
vn -0.8692 -0.4701 -0.1537
vn -0.8636 -0.4701 -0.1821
vn -0.8739 -0.4696 -0.1251
vn -0.9481 -0.2687 -0.1701
vn -0.8859 0.4613 -0.0484
vn -0.8841 0.4609 -0.0773
vn -0.8870 0.4614 -0.0194
vn -0.5354 0.8430 -0.0525
vn -0.4485 0.8932 -0.0313
vn -0.4477 0.8930 -0.0458
vn -0.4492 0.8933 -0.0167
vn -0.3524 0.9355 -0.0270
vn -0.3518 0.9353 -0.0384
vn -0.1354 0.9906 -0.0168
vn -0.1352 0.9906 -0.0212
vn -0.1356 0.9907 -0.0125
vn -0.0675 0.9976 -0.0157
vn 0.1257 0.9921 -0.0040
vn 0.1255 0.9921 0.0002
vn 0.1259 0.9920 -0.0082
vn 0.4386 0.8986 0.0124
vn 0.4379 0.8986 0.0268
vn 0.4393 0.8983 -0.0021
vn 0.5311 0.8473 -0.0000
vn 0.7581 0.6514 0.0307
vn 0.8804 0.4726 0.0385
vn 0.8786 0.4728 0.0674
vn 0.8815 0.4720 0.0097
vn 0.8839 -0.4651 0.0483
vn 0.8822 -0.4645 0.0772
vn 0.8849 -0.4653 0.0195
vn 0.7629 -0.6451 0.0442
vn 0.4451 -0.8950 0.0311
vn 0.4443 -0.8947 0.0456
vn 0.4457 -0.8950 0.0166
vn 0.3519 -0.9353 0.0384
vn 0.1327 -0.9910 0.0167
vn 0.1325 -0.9910 0.0209
vn 0.1329 -0.9911 0.0125
vn -0.1284 -0.9917 0.0038
vn -0.1282 -0.9917 -0.0005
vn -0.1286 -0.9917 0.0082
vn -0.4421 -0.8969 -0.0126
vn -0.4413 -0.8969 -0.0272
vn -0.4427 -0.8967 0.0020
vn -0.5310 -0.8473 -0.0000
vn -0.8824 -0.4689 -0.0387
vn -0.8807 -0.4689 -0.0676
vn -0.8835 -0.4684 -0.0097
vn -0.9625 -0.2674 -0.0447
vt 0.368043 0.406502
vt 0.374686 0.420805
vt 0.358880 0.426665
vt 0.353443 0.411310
vt 0.382313 0.436278
vt 0.365206 0.443019
vt 0.347530 0.448276
vt 0.342450 0.431153
vt 0.338104 0.415005
vt 0.390624 0.453012
vt 0.372218 0.460535
vt 0.399482 0.470990
vt 0.379823 0.479281
vt 0.359492 0.486107
vt 0.353227 0.466554
vt 0.399482 0.470990
vt 0.408826 0.490132
vt 0.387950 0.499223
vt 0.379823 0.479281
vt 0.418935 0.510467
vt 0.396452 0.519948
vt 0.373969 0.529428
vt 0.366309 0.506996
vt 0.359492 0.486107
vt 0.581065 0.510467
vt 0.591174 0.490132
vt 0.612050 0.499223
vt 0.603548 0.519948
vt 0.600518 0.470990
vt 0.620177 0.479281
vt 0.640508 0.486107
vt 0.633691 0.506996
vt 0.626031 0.529428
vt 0.600518 0.470990
vt 0.609376 0.453012
vt 0.627782 0.460535
vt 0.620177 0.479281
vt 0.617687 0.436278
vt 0.634795 0.443019
vt 0.652470 0.448276
vt 0.646773 0.466554
vt 0.640508 0.486107
vt 0.625314 0.420805
vt 0.641120 0.426665
vt 0.631957 0.406502
vt 0.646557 0.411310
vt 0.661897 0.415005
vt 0.657550 0.431153
vt 0.325592 0.434484
vt 0.322309 0.417773
vt 0.329421 0.452209
vt 0.311021 0.454892
vt 0.308469 0.436755
vt 0.306255 0.419692
vt 0.333743 0.471139
vt 0.338544 0.491438
vt 0.317097 0.495214
vt 0.313894 0.474309
vt 0.343810 0.513161
vt 0.338544 0.491438
vt 0.349419 0.535844
vt 0.324868 0.542260
vt 0.320661 0.517755
vt 0.317097 0.495214
vt 0.656190 0.513161
vt 0.650582 0.535844
vt 0.661456 0.491438
vt 0.682903 0.495214
vt 0.679339 0.517755
vt 0.675132 0.542260
vt 0.666258 0.471139
vt 0.661456 0.491438
vt 0.670579 0.452209
vt 0.688979 0.454892
vt 0.686106 0.474309
vt 0.682904 0.495214
vt 0.674409 0.434484
vt 0.677691 0.417773
vt 0.693745 0.419692
vt 0.691531 0.436755
vt 0.291233 0.438038
vt 0.290102 0.420819
vt 0.292474 0.456382
vt 0.273909 0.456760
vt 0.274001 0.438425
vt 0.273966 0.421232
vt 0.293824 0.476074
vt 0.295295 0.497372
vt 0.273350 0.497859
vt 0.273690 0.476476
vt 0.296902 0.520411
vt 0.295295 0.497372
vt 0.298624 0.544660
vt 0.272380 0.547059
vt 0.272902 0.521155
vt 0.273350 0.497859
vt 0.703098 0.520411
vt 0.701376 0.544660
vt 0.704705 0.497372
vt 0.726651 0.497859
vt 0.727098 0.521155
vt 0.727620 0.547059
vt 0.706176 0.476074
vt 0.704705 0.497372
vt 0.707526 0.456382
vt 0.726092 0.456760
vt 0.726311 0.476476
vt 0.726651 0.497859
vt 0.708768 0.438038
vt 0.709898 0.420819
vt 0.726034 0.421232
vt 0.725999 0.438425
vt 0.256887 0.437975
vt 0.257952 0.420990
vt 0.255455 0.456083
vt 0.237255 0.454283
vt 0.240007 0.436624
vt 0.242162 0.420034
vt 0.253658 0.475545
vt 0.251491 0.496633
vt 0.229972 0.493695
vt 0.233912 0.473226
vt 0.248967 0.519498
vt 0.251491 0.496633
vt 0.246199 0.543602
vt 0.220017 0.540145
vt 0.225421 0.515868
vt 0.229972 0.493695
vt 0.751034 0.519498
vt 0.753802 0.543602
vt 0.748510 0.496633
vt 0.770028 0.493695
vt 0.774579 0.515868
vt 0.779983 0.540145
vt 0.746343 0.475545
vt 0.748510 0.496633
vt 0.744545 0.456083
vt 0.762746 0.454283
vt 0.766088 0.473226
vt 0.770028 0.493695
vt 0.743114 0.437975
vt 0.742048 0.420990
vt 0.757838 0.420034
vt 0.759993 0.436624
vt 0.223491 0.434281
vt 0.226709 0.418287
vt 0.219459 0.451270
vt 0.202242 0.446997
vt 0.207507 0.430887
vt 0.211760 0.415706
vt 0.214642 0.469459
vt 0.209042 0.489058
vt 0.188904 0.482765
vt 0.196034 0.464229
vt 0.202688 0.510162
vt 0.209042 0.489058
vt 0.195811 0.532300
vt 0.171605 0.524454
vt 0.180858 0.502731
vt 0.188904 0.482765
vt 0.797312 0.510162
vt 0.804189 0.532300
vt 0.790958 0.489058
vt 0.811096 0.482765
vt 0.819142 0.502731
vt 0.828395 0.524454
vt 0.785358 0.469459
vt 0.790958 0.489058
vt 0.780541 0.451270
vt 0.797758 0.446997
vt 0.803966 0.464229
vt 0.811096 0.482765
vt 0.776509 0.434281
vt 0.773291 0.418287
vt 0.788240 0.415706
vt 0.792493 0.430888
vt 0.192241 0.426375
vt 0.197515 0.412237
vt 0.185787 0.441412
vt 0.170286 0.434426
vt 0.177916 0.420606
vt 0.184249 0.407757
vt 0.178272 0.457526
vt 0.169740 0.474865
vt 0.151705 0.465403
vt 0.161529 0.449328
vt 0.160251 0.493474
vt 0.169740 0.474865
vt 0.150104 0.512947
vt 0.128603 0.501440
vt 0.140842 0.482704
vt 0.151705 0.465404
vt 0.839749 0.493474
vt 0.849896 0.512947
vt 0.830260 0.474865
vt 0.848295 0.465404
vt 0.859159 0.482704
vt 0.871397 0.501440
vt 0.821728 0.457527
vt 0.830260 0.474865
vt 0.814213 0.441412
vt 0.829714 0.434426
vt 0.838471 0.449328
vt 0.848295 0.465404
vt 0.807759 0.426375
vt 0.802486 0.412237
vt 0.815751 0.407757
vt 0.822084 0.420606
vt 0.379169 0.376069
vt 0.385045 0.382416
vt 0.374995 0.388713
vt 0.370886 0.377909
vt 0.393583 0.391959
vt 0.381571 0.400276
vt 0.368043 0.406501
vt 0.362744 0.393167
vt 0.359207 0.380280
vt 0.393584 0.391959
vt 0.403562 0.403677
vt 0.389660 0.413290
vt 0.381571 0.400276
vt 0.414383 0.417382
vt 0.398732 0.427841
vt 0.425559 0.432913
vt 0.408389 0.443875
vt 0.436910 0.449930
vt 0.418465 0.461236
vt 0.436910 0.449930
vt 0.448363 0.468068
vt 0.428861 0.479702
vt 0.418465 0.461236
vt 0.460032 0.487227
vt 0.439484 0.498847
vt 0.539968 0.487227
vt 0.551637 0.468068
vt 0.571139 0.479702
vt 0.560517 0.498847
vt 0.563090 0.449930
vt 0.581535 0.461236
vt 0.563090 0.449930
vt 0.574441 0.432913
vt 0.591611 0.443875
vt 0.585617 0.417382
vt 0.601268 0.427841
vt 0.596439 0.403677
vt 0.610340 0.413290
vt 0.606417 0.391959
vt 0.618429 0.400276
vt 0.614955 0.382416
vt 0.625005 0.388713
vt 0.618429 0.400276
vt 0.620831 0.376069
vt 0.629114 0.377909
vt 0.640793 0.380280
vt 0.637256 0.393167
vt 0.631957 0.406501
vt 0.650888 0.396741
vt 0.640793 0.380280
vt 0.653947 0.382635
vt 0.667958 0.384781
vt 0.665391 0.399629
vt 0.680368 0.401878
vt 0.682405 0.386584
vt 0.697068 0.387976
vt 0.695597 0.403500
vt 0.710910 0.404510
vt 0.711790 0.388921
vt 0.726467 0.389439
vt 0.726193 0.404966
vt 0.741349 0.404912
vt 0.741013 0.389555
vt 0.755357 0.389245
vt 0.756291 0.404304
vt 0.770920 0.403087
vt 0.769416 0.388487
vt 0.783038 0.387314
vt 0.785071 0.401252
vt 0.798530 0.398797
vt 0.796016 0.385792
vt 0.807976 0.384039
vt 0.810938 0.395703
vt 0.815751 0.407757
vt 0.810938 0.395703
vt 0.821862 0.391832
vt 0.827727 0.402057
vt 0.807976 0.384039
vt 0.818394 0.382225
vt 0.825674 0.380796
vt 0.830678 0.386407
vt 0.838066 0.394673
vt 0.835228 0.413412
vt 0.844058 0.425935
vt 0.827727 0.402058
vt 0.838065 0.394673
vt 0.846926 0.404563
vt 0.857031 0.415819
vt 0.854028 0.439598
vt 0.865071 0.454417
vt 0.868239 0.428280
vt 0.880508 0.441902
vt 0.877107 0.470356
vt 0.889808 0.487037
vt 0.865070 0.454417
vt 0.880508 0.441902
vt 0.893799 0.456645
vt 0.908219 0.472633
vt 0.122894 0.470356
vt 0.134930 0.454417
vt 0.110192 0.487037
vt 0.091781 0.472633
vt 0.106202 0.456645
vt 0.119492 0.441902
vt 0.145972 0.439597
vt 0.155942 0.425935
vt 0.134930 0.454417
vt 0.119492 0.441902
vt 0.131761 0.428279
vt 0.142969 0.415819
vt 0.164772 0.413412
vt 0.172273 0.402058
vt 0.153074 0.404563
vt 0.161935 0.394673
vt 0.192024 0.384039
vt 0.189062 0.395703
vt 0.178138 0.391832
vt 0.181606 0.382225
vt 0.184249 0.407757
vt 0.172273 0.402057
vt 0.169322 0.386407
vt 0.174326 0.380796
vt 0.216962 0.387314
vt 0.214929 0.401252
vt 0.201470 0.398797
vt 0.203984 0.385792
vt 0.189062 0.395703
vt 0.192024 0.384039
vt 0.244643 0.389245
vt 0.243709 0.404304
vt 0.229080 0.403087
vt 0.230584 0.388487
vt 0.273533 0.389439
vt 0.273807 0.404966
vt 0.258651 0.404912
vt 0.258987 0.389555
vt 0.302932 0.387976
vt 0.304403 0.403500
vt 0.289090 0.404510
vt 0.288210 0.388921
vt 0.332042 0.384781
vt 0.334610 0.399629
vt 0.319632 0.401878
vt 0.317595 0.386584
vt 0.359207 0.380280
vt 0.349112 0.396741
vt 0.346053 0.382635
vt 0.129233 0.198952
vt 0.125911 0.212448
vt 0.111490 0.208452
vt 0.115960 0.193776
vt 0.123687 0.226784
vt 0.108371 0.223909
vt 0.092012 0.220166
vt 0.096047 0.203402
vt 0.101588 0.187426
vt 0.122417 0.241682
vt 0.106449 0.239925
vt 0.122032 0.256936
vt 0.105645 0.256306
vt 0.088104 0.255269
vt 0.089384 0.237519
vt 0.122475 0.272370
vt 0.105891 0.272874
vt 0.123661 0.287855
vt 0.107087 0.289489
vt 0.089325 0.291239
vt 0.088117 0.273229
vt 0.125523 0.303276
vt 0.109157 0.306019
vt 0.128103 0.318503
vt 0.112150 0.322320
vt 0.095145 0.326759
vt 0.091654 0.309139
vt 0.131459 0.333395
vt 0.116135 0.338234
vt 0.135614 0.347767
vt 0.121144 0.353575
vt 0.105822 0.360434
vt 0.099862 0.343922
vt 0.140592 0.361404
vt 0.127217 0.368135
vt 0.146483 0.374005
vt 0.134461 0.381669
vt 0.121590 0.390695
vt 0.113045 0.376096
vt 0.079403 0.197429
vt 0.086012 0.180077
vt 0.074410 0.215631
vt 0.055374 0.210330
vt 0.061409 0.190578
vt 0.069142 0.171790
vt 0.071003 0.234502
vt 0.069171 0.253844
vt 0.048583 0.252036
vt 0.051081 0.230883
vt 0.068896 0.273455
vt 0.070110 0.293131
vt 0.049117 0.295198
vt 0.047922 0.273566
vt 0.072757 0.312666
vt 0.076852 0.331847
vt 0.057011 0.337635
vt 0.052164 0.316648
vt 0.082419 0.350463
vt 0.089437 0.368311
vt 0.071797 0.377216
vt 0.063584 0.357894
vt 0.097877 0.385194
vt 0.107735 0.400932
vt 0.092796 0.412338
vt 0.081560 0.395415
vt 0.069142 0.171790
vt 0.061409 0.190578
vt 0.042022 0.182902
vt 0.050928 0.162589
vt 0.055374 0.210330
vt 0.034774 0.204268
vt 0.012248 0.197161
vt 0.021689 0.174654
vt 0.031129 0.152146
vt 0.051081 0.230883
vt 0.029517 0.226683
vt 0.048583 0.252036
vt 0.026140 0.249829
vt 0.001401 0.246981
vt 0.006825 0.222071
vt 0.047922 0.273566
vt 0.025025 0.273572
vt 0.049117 0.295198
vt 0.026059 0.297468
vt 0.000163 0.300019
vt 0.000782 0.273500
vt 0.052164 0.316648
vt 0.029707 0.321106
vt 0.057011 0.337635
vt 0.035432 0.344174
vt 0.011728 0.351790
vt 0.005946 0.325905
vt 0.063584 0.357894
vt 0.043254 0.366213
vt 0.052775 0.387170
vt 0.032072 0.398523
vt 0.021900 0.375157
vt 0.081560 0.395414
vt 0.064040 0.406711
vt 0.092796 0.412338
vt 0.076721 0.424899
vt 0.059338 0.438982
vt 0.045705 0.418753
vt 0.968871 0.152146
vt 0.978312 0.174654
vt 0.957978 0.182902
vt 0.949072 0.162589
vt 0.987752 0.197161
vt 0.965227 0.204268
vt 0.944626 0.210330
vt 0.938591 0.190578
vt 0.930858 0.171790
vt 0.993176 0.222071
vt 0.970483 0.226683
vt 0.998599 0.246981
vt 0.973860 0.249829
vt 0.951418 0.252036
vt 0.948919 0.230883
vt 0.999218 0.273500
vt 0.974975 0.273572
vt 0.999837 0.300019
vt 0.973941 0.297468
vt 0.950884 0.295198
vt 0.952078 0.273566
vt 0.994055 0.325905
vt 0.970293 0.321106
vt 0.988272 0.351790
vt 0.964568 0.344174
vt 0.942989 0.337635
vt 0.947836 0.316648
vt 0.978100 0.375157
vt 0.956746 0.366213
vt 0.967928 0.398523
vt 0.947225 0.387170
vt 0.928203 0.377216
vt 0.936416 0.357894
vt 0.954295 0.418753
vt 0.935960 0.406711
vt 0.940662 0.438982
vt 0.923279 0.424899
vt 0.907204 0.412338
vt 0.918440 0.395414
vt 0.930858 0.171790
vt 0.938591 0.190578
vt 0.920598 0.197429
vt 0.913988 0.180077
vt 0.944626 0.210330
vt 0.925591 0.215631
vt 0.907988 0.220166
vt 0.903953 0.203402
vt 0.898412 0.187426
vt 0.948919 0.230883
vt 0.928997 0.234502
vt 0.951418 0.252036
vt 0.930829 0.253844
vt 0.911896 0.255269
vt 0.910616 0.237519
vt 0.952078 0.273565
vt 0.931104 0.273455
vt 0.929890 0.293131
vt 0.910675 0.291239
vt 0.911883 0.273229
vt 0.947836 0.316648
vt 0.927243 0.312666
vt 0.923148 0.331847
vt 0.904855 0.326759
vt 0.908346 0.309139
vt 0.936416 0.357894
vt 0.917581 0.350463
vt 0.928203 0.377216
vt 0.910564 0.368311
vt 0.894178 0.360434
vt 0.900138 0.343922
vt 0.902123 0.385194
vt 0.892265 0.400932
vt 0.878410 0.390695
vt 0.886955 0.376096
vt 0.888510 0.208452
vt 0.884040 0.193776
vt 0.891629 0.223909
vt 0.876313 0.226784
vt 0.874089 0.212448
vt 0.870767 0.198952
vt 0.893551 0.239925
vt 0.894355 0.256306
vt 0.877968 0.256936
vt 0.877583 0.241682
vt 0.894109 0.272874
vt 0.892913 0.289489
vt 0.876339 0.287855
vt 0.877525 0.272370
vt 0.890843 0.306019
vt 0.887850 0.322320
vt 0.871898 0.318503
vt 0.874477 0.303276
vt 0.883865 0.338234
vt 0.878856 0.353575
vt 0.864386 0.347767
vt 0.868541 0.333395
vt 0.872783 0.368135
vt 0.865539 0.381669
vt 0.853517 0.374005
vt 0.859408 0.361404
vt 0.155192 0.186891
vt 0.154349 0.194244
vt 0.144525 0.191572
vt 0.149202 0.182365
vt 0.153365 0.204728
vt 0.141570 0.202722
vt 0.129233 0.198952
vt 0.133884 0.186595
vt 0.140362 0.175699
vt 0.153365 0.204728
vt 0.152555 0.216701
vt 0.139510 0.215245
vt 0.141570 0.202722
vt 0.152043 0.229616
vt 0.138170 0.228708
vt 0.151919 0.243083
vt 0.137503 0.242746
vt 0.152227 0.256876
vt 0.137490 0.257134
vt 0.152991 0.270832
vt 0.138107 0.271696
vt 0.154178 0.284843
vt 0.139291 0.286314
vt 0.155757 0.298818
vt 0.140988 0.300882
vt 0.157740 0.312660
vt 0.143230 0.315289
vt 0.160137 0.326257
vt 0.146056 0.329405
vt 0.162894 0.339451
vt 0.149453 0.343053
vt 0.165921 0.352032
vt 0.153396 0.356007
vt 0.169055 0.363631
vt 0.157862 0.367901
vt 0.169055 0.363631
vt 0.172066 0.373738
vt 0.162936 0.378275
vt 0.157862 0.367901
vt 0.153455 0.385232
vt 0.146483 0.374005
vt 0.153455 0.385232
vt 0.143014 0.393911
vt 0.153074 0.404563
vt 0.142969 0.415819
vt 0.131533 0.404013
vt 0.119018 0.415349
vt 0.131761 0.428280
vt 0.119492 0.441902
vt 0.105444 0.427859
vt 0.105444 0.427859
vt 0.090841 0.441466
vt 0.119492 0.441902
vt 0.106202 0.456645
vt 0.075560 0.455808
vt 0.924441 0.455808
vt 0.909159 0.441466
vt 0.893799 0.456645
vt 0.880508 0.441902
vt 0.894556 0.427859
vt 0.894556 0.427859
vt 0.880982 0.415349
vt 0.880508 0.441902
vt 0.868239 0.428280
vt 0.857031 0.415819
vt 0.868467 0.404013
vt 0.856986 0.393911
vt 0.846926 0.404563
vt 0.838066 0.394673
vt 0.846546 0.385232
vt 0.853517 0.374005
vt 0.846545 0.385232
vt 0.837064 0.378275
vt 0.842138 0.367901
vt 0.830678 0.386407
vt 0.827934 0.373738
vt 0.830945 0.363631
vt 0.846604 0.356007
vt 0.850547 0.343053
vt 0.842138 0.367901
vt 0.830945 0.363631
vt 0.834079 0.352032
vt 0.837107 0.339451
vt 0.853944 0.329405
vt 0.856771 0.315289
vt 0.839863 0.326257
vt 0.842260 0.312660
vt 0.859012 0.300882
vt 0.860709 0.286313
vt 0.844244 0.298818
vt 0.845822 0.284843
vt 0.861893 0.271696
vt 0.862511 0.257134
vt 0.847010 0.270832
vt 0.847773 0.256876
vt 0.862497 0.242746
vt 0.861830 0.228708
vt 0.848081 0.243083
vt 0.847957 0.229616
vt 0.860490 0.215245
vt 0.858430 0.202722
vt 0.847445 0.216701
vt 0.846635 0.204728
vt 0.859638 0.175699
vt 0.866116 0.186595
vt 0.855475 0.191572
vt 0.850798 0.182365
vt 0.858430 0.202722
vt 0.846635 0.204728
vt 0.845651 0.194244
vt 0.844808 0.186891
vt 0.882324 0.158645
vt 0.891248 0.172437
vt 0.878033 0.180115
vt 0.870238 0.167723
vt 0.866116 0.186595
vt 0.859638 0.175699
vt 0.910403 0.137605
vt 0.921463 0.154107
vt 0.905720 0.163746
vt 0.895728 0.148594
vt 0.943558 0.112811
vt 0.956215 0.132479
vt 0.938433 0.143588
vt 0.926301 0.125711
vt 0.921463 0.154107
vt 0.089597 0.137605
vt 0.078537 0.154107
vt 0.061567 0.143588
vt 0.073699 0.125711
vt 0.043786 0.132479
vt 0.056442 0.112811
vt 0.117676 0.158645
vt 0.108752 0.172437
vt 0.094280 0.163746
vt 0.104272 0.148594
vt 0.089597 0.137605
vt 0.140362 0.175699
vt 0.133884 0.186595
vt 0.121967 0.180115
vt 0.129762 0.167723
vt 0.823109 0.203358
vt 0.821996 0.215734
vt 0.809212 0.213974
vt 0.810862 0.201155
vt 0.821204 0.228563
vt 0.807983 0.227032
vt 0.794717 0.225119
vt 0.796256 0.211779
vt 0.798214 0.198543
vt 0.820468 0.241709
vt 0.806925 0.240287
vt 0.819654 0.255063
vt 0.805899 0.253681
vt 0.792183 0.252096
vt 0.793400 0.238567
vt 0.818669 0.268529
vt 0.804801 0.267154
vt 0.817457 0.282036
vt 0.803555 0.280657
vt 0.789676 0.279276
vt 0.790968 0.265676
vt 0.815991 0.295521
vt 0.802117 0.294143
vt 0.814312 0.308927
vt 0.800541 0.307579
vt 0.786766 0.306432
vt 0.788257 0.292867
vt 0.812488 0.322195
vt 0.798911 0.320930
vt 0.810631 0.335248
vt 0.797344 0.334157
vt 0.783933 0.333427
vt 0.785290 0.319956
vt 0.808894 0.348005
vt 0.795987 0.347229
vt 0.807565 0.360383
vt 0.795097 0.360153
vt 0.782147 0.360245
vt 0.782820 0.346843
vt 0.783089 0.209400
vt 0.785213 0.195811
vt 0.781336 0.223013
vt 0.767818 0.220832
vt 0.769717 0.206983
vt 0.771917 0.193117
vt 0.779814 0.236675
vt 0.778429 0.250383
vt 0.764592 0.248602
vt 0.766132 0.234702
vt 0.777098 0.264127
vt 0.775752 0.277886
vt 0.761736 0.276482
vt 0.763143 0.262532
vt 0.774345 0.291644
vt 0.772926 0.305394
vt 0.758987 0.304398
vt 0.760339 0.290439
vt 0.771571 0.319131
vt 0.770365 0.332859
vt 0.756640 0.332329
vt 0.757735 0.318358
vt 0.769402 0.346592
vt 0.768818 0.360382
vt 0.755197 0.360422
vt 0.755766 0.346333
vt 0.756160 0.204642
vt 0.758384 0.190571
vt 0.754155 0.218679
vt 0.740340 0.216633
vt 0.742429 0.202457
vt 0.744651 0.188242
vt 0.752325 0.232726
vt 0.750638 0.246803
vt 0.736552 0.245040
vt 0.738380 0.230819
vt 0.749068 0.260917
vt 0.747594 0.275059
vt 0.733321 0.273615
vt 0.734860 0.259308
vt 0.746208 0.289218
vt 0.744925 0.303383
vt 0.730735 0.302292
vt 0.731948 0.287948
vt 0.743769 0.317551
vt 0.742767 0.331734
vt 0.728755 0.330992
vt 0.729672 0.316636
vt 0.741951 0.345955
vt 0.741358 0.360263
vt 0.727349 0.359844
vt 0.727983 0.345379
vt 0.728543 0.200480
vt 0.730757 0.186169
vt 0.726372 0.214745
vt 0.712264 0.212960
vt 0.714534 0.198662
vt 0.716756 0.184323
vt 0.724285 0.229023
vt 0.722319 0.243343
vt 0.707927 0.241673
vt 0.710036 0.227287
vt 0.720513 0.257720
vt 0.718914 0.272147
vt 0.704349 0.270649
vt 0.706007 0.256130
vt 0.717554 0.286608
vt 0.716410 0.301086
vt 0.701927 0.299799
vt 0.703002 0.285214
vt 0.715441 0.315564
vt 0.714613 0.330048
vt 0.700338 0.328956
vt 0.701061 0.314382
vt 0.713886 0.344555
vt 0.713213 0.359133
vt 0.698994 0.358164
vt 0.699682 0.343534
vt 0.700442 0.196920
vt 0.702715 0.182645
vt 0.698032 0.211188
vt 0.683691 0.209310
vt 0.686321 0.195133
vt 0.688729 0.181035
vt 0.695632 0.225528
vt 0.693357 0.239964
vt 0.678582 0.238140
vt 0.681059 0.223643
vt 0.691313 0.254500
vt 0.689592 0.269118
vt 0.674596 0.267543
vt 0.676392 0.252785
vt 0.688255 0.283792
vt 0.687255 0.298486
vt 0.672349 0.297209
vt 0.673266 0.282370
vt 0.686511 0.313163
vt 0.685926 0.327803
vt 0.671366 0.326702
vt 0.671756 0.312002
vt 0.685390 0.342402
vt 0.684742 0.357005
vt 0.670529 0.355769
vt 0.671034 0.341283
vt 0.672223 0.193138
vt 0.674911 0.179343
vt 0.669250 0.207175
vt 0.654690 0.204529
vt 0.658194 0.190629
vt 0.661424 0.177265
vt 0.666297 0.221508
vt 0.663559 0.236112
vt 0.648210 0.233750
vt 0.651287 0.218931
vt 0.661191 0.250937
vt 0.659305 0.265917
vt 0.643630 0.264224
vt 0.645626 0.248883
vt 0.657973 0.280980
vt 0.657148 0.296040
vt 0.641549 0.295080
vt 0.642278 0.279663
vt 0.656746 0.311008
vt 0.656632 0.325800
vt 0.641649 0.325334
vt 0.641383 0.310350
vt 0.656630 0.340344
vt 0.656432 0.354624
vt 0.642544 0.353900
vt 0.642155 0.339893
vt 0.835680 0.193803
vt 0.837956 0.184079
vt 0.834961 0.204764
vt 0.823108 0.203358
vt 0.824918 0.191547
vt 0.828108 0.180283
vt 0.834683 0.216765
vt 0.834961 0.204764
vt 0.834476 0.229504
vt 0.834133 0.242694
vt 0.833553 0.256160
vt 0.832673 0.269767
vt 0.831479 0.283425
vt 0.829972 0.297054
vt 0.828167 0.310577
vt 0.826096 0.323908
vt 0.823848 0.336924
vt 0.821559 0.349475
vt 0.819485 0.361317
vt 0.818053 0.372228
vt 0.819485 0.361317
vt 0.818394 0.382225
vt 0.807037 0.372345
vt 0.807565 0.360383
vt 0.807037 0.372345
vt 0.794978 0.372966
vt 0.796016 0.385792
vt 0.783038 0.387314
vt 0.782135 0.373695
vt 0.768765 0.374303
vt 0.769416 0.388487
vt 0.755024 0.374675
vt 0.741030 0.374738
vt 0.741013 0.389555
vt 0.726849 0.374468
vt 0.712538 0.373862
vt 0.711790 0.388921
vt 0.697068 0.387976
vt 0.698165 0.372925
vt 0.683811 0.371684
vt 0.667958 0.384781
vt 0.669596 0.370220
vt 0.655680 0.368668
vt 0.653947 0.382635
vt 0.640793 0.380280
vt 0.642346 0.367297
vt 0.642545 0.353900
vt 0.642346 0.367297
vt 0.629892 0.366579
vt 0.628925 0.354065
vt 0.640793 0.380280
vt 0.629114 0.377909
vt 0.618454 0.367868
vt 0.615472 0.355980
vt 0.627553 0.340310
vt 0.626309 0.325590
vt 0.628925 0.354065
vt 0.612685 0.342129
vt 0.610432 0.326937
vt 0.625532 0.310224
vt 0.625403 0.294448
vt 0.608966 0.310886
vt 0.608433 0.294300
vt 0.626034 0.278467
vt 0.627429 0.262445
vt 0.608913 0.277448
vt 0.610358 0.260538
vt 0.629565 0.246538
vt 0.632421 0.230899
vt 0.612705 0.243767
vt 0.615963 0.227337
vt 0.635947 0.215686
vt 0.639976 0.201068
vt 0.620123 0.211463
vt 0.625026 0.196389
vt 0.644268 0.187225
vt 0.648423 0.174364
vt 0.630442 0.182387
vt 0.636006 0.169812
vt 0.664964 0.151650
vt 0.663911 0.164384
vt 0.651872 0.162617
vt 0.653364 0.151664
vt 0.661424 0.177265
vt 0.648423 0.174364
vt 0.641256 0.159130
vt 0.645136 0.151811
vt 0.691918 0.152536
vt 0.690676 0.166901
vt 0.676972 0.165680
vt 0.678023 0.151916
vt 0.663911 0.164384
vt 0.664964 0.151650
vt 0.720683 0.155026
vt 0.718838 0.169838
vt 0.704693 0.168253
vt 0.706215 0.153563
vt 0.749534 0.159254
vt 0.747012 0.173905
vt 0.732973 0.171718
vt 0.735157 0.156936
vt 0.777668 0.165012
vt 0.774522 0.179170
vt 0.760882 0.176394
vt 0.763731 0.161943
vt 0.804343 0.172248
vt 0.800819 0.185390
vt 0.787869 0.182200
vt 0.791254 0.168468
vt 0.828108 0.180283
vt 0.813239 0.188597
vt 0.816743 0.176250
vt 0.661459 0.124899
vt 0.657684 0.110008
vt 0.673876 0.107198
vt 0.676321 0.122964
vt 0.653047 0.093841
vt 0.670655 0.090302
vt 0.688671 0.088321
vt 0.690525 0.105823
vt 0.691769 0.122227
vt 0.647805 0.076344
vt 0.666855 0.072136
vt 0.642068 0.057498
vt 0.662565 0.052609
vt 0.683583 0.049371
vt 0.686336 0.069551
vt 0.635885 0.037329
vt 0.657853 0.031731
vt 0.628997 0.015677
vt 0.652834 0.009949
vt 0.676671 0.004222
vt 0.680439 0.027696
vt 0.371003 0.015676
vt 0.364115 0.037329
vt 0.342148 0.031731
vt 0.347166 0.009949
vt 0.357932 0.057498
vt 0.337435 0.052609
vt 0.316417 0.049371
vt 0.319561 0.027696
vt 0.323329 0.004222
vt 0.357932 0.057498
vt 0.352195 0.076344
vt 0.333145 0.072136
vt 0.337435 0.052609
vt 0.346953 0.093841
vt 0.329345 0.090302
vt 0.311329 0.088321
vt 0.313664 0.069551
vt 0.316417 0.049371
vt 0.342316 0.110008
vt 0.326124 0.107198
vt 0.338541 0.124899
vt 0.323679 0.122964
vt 0.308231 0.122227
vt 0.309475 0.105823
vt 0.707455 0.105666
vt 0.707551 0.122478
vt 0.706956 0.087742
vt 0.725356 0.088474
vt 0.724505 0.106612
vt 0.723478 0.123613
vt 0.706130 0.068514
vt 0.705019 0.047799
vt 0.726718 0.047922
vt 0.726084 0.068986
vt 0.703652 0.025527
vt 0.705019 0.047799
vt 0.702088 0.002193
vt 0.727504 0.000163
vt 0.727259 0.025116
vt 0.726718 0.047922
vt 0.296348 0.025527
vt 0.297913 0.002193
vt 0.294981 0.047799
vt 0.273282 0.047922
vt 0.272741 0.025116
vt 0.272496 0.000163
vt 0.293870 0.068514
vt 0.294981 0.047799
vt 0.293045 0.087742
vt 0.274644 0.088474
vt 0.273917 0.068986
vt 0.273282 0.047922
vt 0.292545 0.105666
vt 0.292449 0.122478
vt 0.276522 0.123613
vt 0.275495 0.106612
vt 0.741524 0.108566
vt 0.739393 0.125552
vt 0.743724 0.090435
vt 0.761932 0.093519
vt 0.758402 0.111417
vt 0.755189 0.128197
vt 0.746036 0.070926
vt 0.748499 0.049768
vt 0.770130 0.053341
vt 0.765824 0.074259
vt 0.751131 0.026816
vt 0.748500 0.049768
vt 0.753864 0.002609
vt 0.780224 0.005055
vt 0.774891 0.030510
vt 0.770130 0.053341
vt 0.248869 0.026815
vt 0.246136 0.002609
vt 0.251501 0.049768
vt 0.229870 0.053341
vt 0.225109 0.030510
vt 0.219776 0.005055
vt 0.253964 0.070926
vt 0.251501 0.049768
vt 0.256276 0.090435
vt 0.238068 0.093519
vt 0.234177 0.074258
vt 0.229870 0.053341
vt 0.258476 0.108566
vt 0.260607 0.125552
vt 0.244812 0.128197
vt 0.241598 0.111417
vt 0.775032 0.115084
vt 0.770765 0.131474
vt 0.779853 0.097644
vt 0.797327 0.102846
vt 0.791278 0.119607
vt 0.786006 0.135418
vt 0.785275 0.078918
vt 0.791359 0.058628
vt 0.811930 0.065571
vt 0.804191 0.084914
vt 0.798129 0.036620
vt 0.791359 0.058628
vt 0.805374 0.013413
vt 0.830524 0.021770
vt 0.820599 0.044639
vt 0.201872 0.036620
vt 0.194626 0.013413
vt 0.208641 0.058627
vt 0.188070 0.065571
vt 0.179402 0.044639
vt 0.169476 0.021770
vt 0.214725 0.078917
vt 0.208641 0.058627
vt 0.220147 0.097644
vt 0.202674 0.102846
vt 0.195809 0.084914
vt 0.224968 0.115084
vt 0.229235 0.131474
vt 0.213994 0.135418
vt 0.208722 0.119608
vt 0.806990 0.125049
vt 0.800779 0.140083
vt 0.814181 0.109181
vt 0.830232 0.116659
vt 0.821988 0.131432
vt 0.814908 0.145477
vt 0.822369 0.092268
vt 0.831596 0.074100
vt 0.850162 0.084125
vt 0.839618 0.100951
vt 0.841858 0.054575
vt 0.831596 0.074100
vt 0.852838 0.034122
vt 0.875151 0.046473
vt 0.861887 0.066054
vt 0.850162 0.084125
vt 0.158142 0.054575
vt 0.147163 0.034122
vt 0.168404 0.074100
vt 0.149838 0.084125
vt 0.138113 0.066054
vt 0.124849 0.046473
vt 0.177631 0.092268
vt 0.168404 0.074100
vt 0.185819 0.109181
vt 0.169768 0.116659
vt 0.160382 0.100951
vt 0.193010 0.125049
vt 0.199221 0.140083
vt 0.185092 0.145477
vt 0.178013 0.131432
vt 0.836072 0.138785
vt 0.828184 0.151616
vt 0.845288 0.125290
vt 0.859137 0.135123
vt 0.848994 0.147197
vt 0.840309 0.158564
vt 0.855753 0.110932
vt 0.867456 0.095557
vt 0.883335 0.108316
vt 0.870597 0.122197
vt 0.880351 0.079107
vt 0.867456 0.095557
vt 0.894064 0.061929
vt 0.912977 0.077385
vt 0.897336 0.093426
vt 0.883335 0.108316
vt 0.119649 0.079107
vt 0.105936 0.061929
vt 0.132544 0.095557
vt 0.116665 0.108316
vt 0.102664 0.093426
vt 0.087023 0.077385
vt 0.144247 0.110932
vt 0.132544 0.095557
vt 0.154712 0.125290
vt 0.140863 0.135123
vt 0.129403 0.122197
vt 0.116665 0.108316
vt 0.163928 0.138785
vt 0.171816 0.151616
vt 0.159691 0.158564
vt 0.151006 0.147197
vt 0.640811 0.144654
vt 0.651539 0.140587
vt 0.653364 0.151664
vt 0.634590 0.134016
vt 0.647457 0.128358
vt 0.661459 0.124899
vt 0.664045 0.138643
vt 0.634590 0.134016
vt 0.627394 0.121164
vt 0.642128 0.114531
vt 0.647457 0.128358
vt 0.619557 0.106439
vt 0.635978 0.099133
vt 0.611325 0.090087
vt 0.629283 0.082274
vt 0.602790 0.072296
vt 0.622157 0.064040
vt 0.602790 0.072296
vt 0.593997 0.053251
vt 0.614673 0.044567
vt 0.622157 0.064040
vt 0.584884 0.032925
vt 0.606941 0.024301
vt 0.415116 0.032925
vt 0.406003 0.053250
vt 0.385328 0.044567
vt 0.393060 0.024301
vt 0.397211 0.072296
vt 0.377844 0.064040
vt 0.397211 0.072296
vt 0.388675 0.090087
vt 0.370718 0.082274
vt 0.377844 0.064040
vt 0.380443 0.106439
vt 0.364023 0.099133
vt 0.372606 0.121164
vt 0.357872 0.114531
vt 0.365410 0.134016
vt 0.352543 0.128358
vt 0.365410 0.134016
vt 0.359189 0.144654
vt 0.348461 0.140587
vt 0.352543 0.128358
vt 0.354864 0.151811
vt 0.346636 0.151664
vt 0.335036 0.151650
vt 0.335955 0.138643
vt 0.338541 0.124899
vt 0.335955 0.138643
vt 0.322229 0.137777
vt 0.321977 0.151916
vt 0.308082 0.152536
vt 0.307731 0.137722
vt 0.292840 0.138374
vt 0.293785 0.153563
vt 0.279317 0.155026
vt 0.277779 0.139684
vt 0.262714 0.141611
vt 0.264843 0.156936
vt 0.250466 0.159254
vt 0.247753 0.144080
vt 0.232989 0.147030
vt 0.236269 0.161943
vt 0.222332 0.165012
vt 0.218520 0.150489
vt 0.204460 0.154490
vt 0.208746 0.168468
vt 0.195657 0.172248
vt 0.190976 0.159010
vt 0.178282 0.164009
vt 0.183257 0.176250
vt 0.171893 0.180283
vt 0.166733 0.169437
vt 0.159691 0.158564
vt 0.166733 0.169437
vt 0.156786 0.175343
vt 0.149061 0.166462
vt 0.162044 0.184079
vt 0.149202 0.182365
vt 0.139515 0.156787
vt 0.128439 0.146217
vt 0.149061 0.166462
vt 0.140362 0.175699
vt 0.129762 0.167723
vt 0.117676 0.158645
vt 0.116022 0.134743
vt 0.102324 0.122337
vt 0.104272 0.148594
vt 0.087429 0.109018
vt 0.071733 0.095098
vt 0.912571 0.109018
vt 0.897676 0.122337
vt 0.928268 0.095098
vt 0.910403 0.137605
vt 0.883978 0.134743
vt 0.871562 0.146217
vt 0.910403 0.137605
vt 0.895728 0.148594
vt 0.882324 0.158645
vt 0.860485 0.156787
vt 0.850940 0.166462
vt 0.870238 0.167723
vt 0.859638 0.175699
vt 0.828108 0.180283
vt 0.833267 0.169437
vt 0.843215 0.175343
vt 0.840309 0.158564
vt 0.850940 0.166462
vt 0.859638 0.175699
vt 0.850798 0.182365
vt 0.804343 0.172248
vt 0.809024 0.159010
vt 0.821718 0.164009
vt 0.816743 0.176250
vt 0.833267 0.169437
vt 0.777668 0.165012
vt 0.781480 0.150489
vt 0.795540 0.154490
vt 0.791254 0.168468
vt 0.749534 0.159254
vt 0.752247 0.144080
vt 0.767011 0.147030
vt 0.722221 0.139684
vt 0.737286 0.141611
vt 0.735157 0.156936
vt 0.691918 0.152536
vt 0.692269 0.137722
vt 0.707160 0.138374
vt 0.706215 0.153563
vt 0.664964 0.151650
vt 0.664045 0.138643
vt 0.677772 0.137777
vt 0.678023 0.151916
vt 0.338576 0.177265
vt 0.341806 0.190629
vt 0.327777 0.193138
vt 0.325089 0.179343
vt 0.345310 0.204529
vt 0.330750 0.207175
vt 0.316310 0.209310
vt 0.313679 0.195133
vt 0.311271 0.181035
vt 0.348713 0.218931
vt 0.333703 0.221508
vt 0.351790 0.233750
vt 0.336442 0.236112
vt 0.321418 0.238140
vt 0.318941 0.223643
vt 0.354374 0.248883
vt 0.338809 0.250936
vt 0.356370 0.264224
vt 0.340695 0.265916
vt 0.325404 0.267543
vt 0.323608 0.252785
vt 0.357722 0.279663
vt 0.342027 0.280980
vt 0.358451 0.295080
vt 0.342852 0.296040
vt 0.327651 0.297209
vt 0.326734 0.282370
vt 0.358617 0.310350
vt 0.343254 0.311008
vt 0.358351 0.325334
vt 0.343368 0.325800
vt 0.328634 0.326702
vt 0.328245 0.312002
vt 0.357845 0.339893
vt 0.343370 0.340344
vt 0.357456 0.353900
vt 0.343568 0.354624
vt 0.329471 0.355768
vt 0.328966 0.341283
vt 0.299558 0.196920
vt 0.297285 0.182645
vt 0.301969 0.211188
vt 0.287737 0.212960
vt 0.285466 0.198662
vt 0.283244 0.184323
vt 0.304369 0.225528
vt 0.306643 0.239963
vt 0.292074 0.241672
vt 0.289964 0.227287
vt 0.308687 0.254499
vt 0.310408 0.269117
vt 0.295651 0.270649
vt 0.293993 0.256130
vt 0.311745 0.283792
vt 0.312745 0.298486
vt 0.298073 0.299799
vt 0.296998 0.285214
vt 0.313489 0.313163
vt 0.314074 0.327803
vt 0.299662 0.328956
vt 0.298939 0.314382
vt 0.314610 0.342402
vt 0.315258 0.357005
vt 0.301006 0.358164
vt 0.300318 0.343534
vt 0.271457 0.200480
vt 0.269243 0.186169
vt 0.273628 0.214745
vt 0.259660 0.216633
vt 0.257571 0.202457
vt 0.255349 0.188242
vt 0.275716 0.229023
vt 0.277681 0.243343
vt 0.263449 0.245039
vt 0.261620 0.230819
vt 0.279487 0.257720
vt 0.281086 0.272147
vt 0.266679 0.273615
vt 0.265140 0.259308
vt 0.282446 0.286608
vt 0.283591 0.301086
vt 0.269265 0.302292
vt 0.268052 0.287948
vt 0.284559 0.315564
vt 0.285387 0.330048
vt 0.271245 0.330992
vt 0.270328 0.316636
vt 0.286114 0.344555
vt 0.286787 0.359133
vt 0.272651 0.359844
vt 0.272018 0.345379
vt 0.243840 0.204642
vt 0.241616 0.190571
vt 0.245845 0.218679
vt 0.232182 0.220832
vt 0.230283 0.206983
vt 0.228083 0.193117
vt 0.247675 0.232726
vt 0.249362 0.246803
vt 0.235408 0.248602
vt 0.233869 0.234702
vt 0.250933 0.260917
vt 0.252406 0.275059
vt 0.238264 0.276482
vt 0.236857 0.262532
vt 0.253792 0.289218
vt 0.255075 0.303383
vt 0.241013 0.304398
vt 0.239661 0.290439
vt 0.256231 0.317551
vt 0.257233 0.331735
vt 0.243360 0.332329
vt 0.242266 0.318358
vt 0.258050 0.345955
vt 0.258642 0.360263
vt 0.244803 0.360422
vt 0.244234 0.346333
vt 0.216911 0.209400
vt 0.214787 0.195811
vt 0.218664 0.223013
vt 0.205283 0.225119
vt 0.203744 0.211779
vt 0.201786 0.198543
vt 0.220186 0.236675
vt 0.221571 0.250384
vt 0.207817 0.252096
vt 0.206601 0.238567
vt 0.222902 0.264127
vt 0.224248 0.277886
vt 0.210324 0.279276
vt 0.209032 0.265676
vt 0.225655 0.291644
vt 0.227074 0.305394
vt 0.213234 0.306432
vt 0.211744 0.292867
vt 0.228429 0.319131
vt 0.229636 0.332859
vt 0.216067 0.333427
vt 0.214710 0.319956
vt 0.230598 0.346592
vt 0.231182 0.360382
vt 0.217853 0.360245
vt 0.217180 0.346843
vt 0.190788 0.213974
vt 0.189138 0.201155
vt 0.192017 0.227032
vt 0.178796 0.228563
vt 0.178005 0.215734
vt 0.176891 0.203358
vt 0.193075 0.240287
vt 0.194102 0.253681
vt 0.180346 0.255063
vt 0.179532 0.241709
vt 0.195199 0.267154
vt 0.196445 0.280657
vt 0.182543 0.282036
vt 0.181331 0.268529
vt 0.197883 0.294143
vt 0.199460 0.307579
vt 0.185688 0.308927
vt 0.184009 0.295521
vt 0.201089 0.320930
vt 0.202656 0.334157
vt 0.189369 0.335248
vt 0.187512 0.322195
vt 0.204013 0.347229
vt 0.204903 0.360153
vt 0.192435 0.360383
vt 0.191106 0.348005
vt 0.358744 0.159130
vt 0.348128 0.162617
vt 0.363994 0.169812
vt 0.351577 0.174364
vt 0.336089 0.164384
vt 0.363994 0.169812
vt 0.369558 0.182387
vt 0.355732 0.187225
vt 0.351577 0.174364
vt 0.374974 0.196389
vt 0.360024 0.201068
vt 0.379877 0.211463
vt 0.364053 0.215686
vt 0.384037 0.227337
vt 0.367579 0.230899
vt 0.387295 0.243767
vt 0.370435 0.246538
vt 0.389642 0.260538
vt 0.372571 0.262444
vt 0.391087 0.277448
vt 0.373966 0.278466
vt 0.391567 0.294300
vt 0.374597 0.294448
vt 0.391034 0.310886
vt 0.374468 0.310224
vt 0.389568 0.326937
vt 0.373691 0.325590
vt 0.387315 0.342129
vt 0.372447 0.340310
vt 0.384528 0.355980
vt 0.371075 0.354065
vt 0.384528 0.355980
vt 0.381546 0.367868
vt 0.370108 0.366579
vt 0.371075 0.354065
vt 0.357654 0.367297
vt 0.357456 0.353900
vt 0.357654 0.367297
vt 0.344320 0.368668
vt 0.330404 0.370220
vt 0.316189 0.371684
vt 0.301835 0.372925
vt 0.287463 0.373862
vt 0.273151 0.374468
vt 0.258970 0.374738
vt 0.244976 0.374675
vt 0.231235 0.374303
vt 0.217865 0.373695
vt 0.205022 0.372966
vt 0.192963 0.372345
vt 0.192435 0.360383
vt 0.192964 0.372345
vt 0.181947 0.372228
vt 0.180515 0.361317
vt 0.178441 0.349475
vt 0.176152 0.336924
vt 0.180515 0.361317
vt 0.173904 0.323908
vt 0.171833 0.310577
vt 0.170028 0.297054
vt 0.168521 0.283425
vt 0.167327 0.269767
vt 0.166447 0.256160
vt 0.165867 0.242694
vt 0.165524 0.229504
vt 0.165317 0.216765
vt 0.165040 0.204764
vt 0.175082 0.191547
vt 0.164320 0.193803
vt 0.176891 0.203358
vt 0.165039 0.204764
vt 0.199181 0.185390
vt 0.186761 0.188597
vt 0.175082 0.191547
vt 0.225478 0.179170
vt 0.212131 0.182200
vt 0.252988 0.173905
vt 0.239119 0.176394
vt 0.281162 0.169838
vt 0.267026 0.171718
vt 0.309324 0.166901
vt 0.295307 0.168253
vt 0.336089 0.164384
vt 0.323028 0.165680
vt 0.612479 0.153459
vt 0.602674 0.166709
vt 0.588294 0.155547
vt 0.600611 0.141742
vt 0.593801 0.181946
vt 0.577004 0.171719
vt 0.558555 0.158868
vt 0.573831 0.141903
vt 0.588676 0.127807
vt 0.586146 0.198912
vt 0.567485 0.190241
vt 0.579889 0.217203
vt 0.559656 0.210324
vt 0.537311 0.202034
vt 0.547933 0.180451
vt 0.575168 0.236398
vt 0.553892 0.231620
vt 0.572041 0.256146
vt 0.550082 0.253566
vt 0.525429 0.250647
vt 0.531370 0.226341
vt 0.570543 0.276116
vt 0.548684 0.275816
vt 0.570709 0.295985
vt 0.549311 0.297935
vt 0.525594 0.300687
vt 0.525512 0.275667
vt 0.572559 0.315429
vt 0.552167 0.319454
vt 0.576067 0.334098
vt 0.556952 0.340106
vt 0.535745 0.347778
vt 0.530670 0.324233
vt 0.581196 0.351599
vt 0.563926 0.359348
vt 0.587926 0.367396
vt 0.572810 0.376789
vt 0.555814 0.389042
vt 0.545780 0.368410
vt 0.559979 0.125608
vt 0.576874 0.111805
vt 0.543053 0.140666
vt 0.527550 0.122464
vt 0.546628 0.107558
vt 0.565234 0.094116
vt 0.600475 0.657673
vt 0.600885 0.675869
vt 0.582458 0.675108
vt 0.582303 0.656666
vt 0.601294 0.694065
vt 0.582569 0.693554
vt 0.563962 0.693008
vt 0.564023 0.674392
vt 0.564130 0.655658
vt 0.601294 0.712488
vt 0.582550 0.712036
vt 0.601294 0.730911
vt 0.582343 0.730521
vt 0.563614 0.730158
vt 0.563851 0.711596
vt 0.600549 0.749305
vt 0.581842 0.748978
vt 0.599803 0.767698
vt 0.581129 0.767377
vt 0.562622 0.767150
vt 0.563193 0.748682
vt 0.598546 0.785846
vt 0.580244 0.785678
vt 0.597288 0.803994
vt 0.579342 0.803870
vt 0.561325 0.803880
vt 0.561968 0.785548
vt 0.596256 0.821621
vt 0.578546 0.821916
vt 0.595223 0.839248
vt 0.577820 0.839911
vt 0.560416 0.840574
vt 0.560781 0.822170
vt 0.533793 0.088243
vt 0.553717 0.075135
vt 0.513857 0.102113
vt 0.500163 0.081762
vt 0.521170 0.068296
vt 0.542176 0.054829
vt 0.545542 0.673807
vt 0.545715 0.655044
vt 0.545370 0.692521
vt 0.526780 0.692170
vt 0.527038 0.673409
vt 0.527300 0.654429
vt 0.563962 0.693008
vt 0.563851 0.711596
vt 0.545181 0.711195
vt 0.545370 0.692521
vt 0.563614 0.730158
vt 0.544932 0.729830
vt 0.526264 0.729547
vt 0.526522 0.710878
vt 0.526780 0.692170
vt 0.563193 0.748682
vt 0.544589 0.748423
vt 0.562622 0.767150
vt 0.544173 0.766962
vt 0.525751 0.766747
vt 0.526007 0.748174
vt 0.561968 0.785548
vt 0.543723 0.785438
vt 0.543287 0.803868
vt 0.525241 0.803723
vt 0.525495 0.785257
vt 0.542906 0.822282
vt 0.543287 0.803868
vt 0.542572 0.840720
vt 0.524728 0.840865
vt 0.524986 0.822190
vt 0.525240 0.803723
vt 0.457824 0.054829
vt 0.478831 0.068296
vt 0.466207 0.088243
vt 0.446283 0.075135
vt 0.499837 0.081762
vt 0.486144 0.102113
vt 0.472450 0.122464
vt 0.453372 0.107558
vt 0.434767 0.094116
vt 0.508531 0.673296
vt 0.508876 0.654535
vt 0.508187 0.692008
vt 0.489589 0.691982
vt 0.490041 0.673371
vt 0.490451 0.654641
vt 0.507861 0.710680
vt 0.507595 0.729315
vt 0.488911 0.729127
vt 0.489186 0.710567
vt 0.489589 0.691982
vt 0.507425 0.747911
vt 0.507329 0.766454
vt 0.488882 0.766132
vt 0.488821 0.747656
vt 0.507270 0.784935
vt 0.507197 0.803370
vt 0.489165 0.802885
vt 0.489028 0.784542
vt 0.507069 0.821787
vt 0.507197 0.803370
vt 0.506895 0.840227
vt 0.489061 0.839589
vt 0.489204 0.821182
vt 0.440021 0.125608
vt 0.423126 0.111805
vt 0.456948 0.140666
vt 0.441445 0.158868
vt 0.426169 0.141903
vt 0.411324 0.127807
vt 0.471593 0.673578
vt 0.472258 0.655147
vt 0.470973 0.692015
vt 0.452242 0.692009
vt 0.453153 0.673831
vt 0.454064 0.655653
vt 0.489186 0.710567
vt 0.470482 0.710491
vt 0.488911 0.729127
vt 0.470179 0.728974
vt 0.451225 0.728841
vt 0.451734 0.710425
vt 0.488821 0.747656
vt 0.470171 0.747437
vt 0.470376 0.765850
vt 0.451700 0.765655
vt 0.451463 0.747248
vt 0.489028 0.784542
vt 0.470756 0.784168
vt 0.471155 0.802377
vt 0.453213 0.802006
vt 0.452457 0.783831
vt 0.471454 0.820438
vt 0.471683 0.838447
vt 0.454304 0.837304
vt 0.453759 0.819655
vt 0.411706 0.155547
vt 0.399389 0.141742
vt 0.422996 0.171719
vt 0.406199 0.181946
vt 0.397326 0.166709
vt 0.387521 0.153459
vt 0.452067 0.180451
vt 0.432515 0.190241
vt 0.462689 0.202034
vt 0.440344 0.210324
vt 0.420111 0.217203
vt 0.413854 0.198912
vt 0.468630 0.226341
vt 0.446108 0.231620
vt 0.474571 0.250647
vt 0.449918 0.253566
vt 0.427959 0.256146
vt 0.424832 0.236398
vt 0.474489 0.275667
vt 0.451316 0.275816
vt 0.474406 0.300687
vt 0.450689 0.297935
vt 0.429291 0.295985
vt 0.429457 0.276116
vt 0.469331 0.324233
vt 0.447833 0.319454
vt 0.464255 0.347778
vt 0.443048 0.340106
vt 0.423933 0.334098
vt 0.427441 0.315429
vt 0.454221 0.368410
vt 0.436074 0.359348
vt 0.444186 0.389042
vt 0.427190 0.376789
vt 0.412074 0.367396
vt 0.418804 0.351599
vt 0.632032 0.152274
vt 0.640811 0.144654
vt 0.624155 0.162858
vt 0.623025 0.142445
vt 0.634590 0.134016
vt 0.616658 0.175613
vt 0.624155 0.162858
vt 0.609718 0.190099
vt 0.593801 0.181946
vt 0.602674 0.166709
vt 0.612479 0.153459
vt 0.603619 0.205952
vt 0.598563 0.222835
vt 0.579889 0.217203
vt 0.586146 0.198912
vt 0.594696 0.240428
vt 0.592025 0.258456
vt 0.572041 0.256146
vt 0.575169 0.236398
vt 0.590543 0.276657
vt 0.590320 0.294784
vt 0.570709 0.295985
vt 0.591419 0.312577
vt 0.593791 0.329719
vt 0.576067 0.334098
vt 0.572559 0.315429
vt 0.597351 0.345841
vt 0.601975 0.360417
vt 0.587926 0.367396
vt 0.581196 0.351599
vt 0.607638 0.372853
vt 0.601975 0.360417
vt 0.614955 0.382416
vt 0.606417 0.391959
vt 0.596279 0.380961
vt 0.583834 0.391560
vt 0.596439 0.403677
vt 0.585617 0.417382
vt 0.570712 0.404599
vt 0.557745 0.420043
vt 0.541239 0.405921
vt 0.574441 0.432913
vt 0.563090 0.449930
vt 0.544970 0.437061
vt 0.526664 0.422799
vt 0.532470 0.455212
vt 0.513414 0.441697
vt 0.551637 0.468068
vt 0.520066 0.473911
vt 0.500163 0.460594
vt 0.499837 0.460594
vt 0.479935 0.473911
vt 0.467530 0.455212
vt 0.486587 0.441697
vt 0.448363 0.468068
vt 0.436910 0.449930
vt 0.455030 0.437061
vt 0.473336 0.422799
vt 0.442255 0.420043
vt 0.458761 0.405921
vt 0.425559 0.432913
vt 0.429288 0.404599
vt 0.416166 0.391560
vt 0.403562 0.403677
vt 0.403721 0.380961
vt 0.392362 0.372853
vt 0.398025 0.360417
vt 0.385045 0.382416
vt 0.423933 0.334098
vt 0.418804 0.351599
vt 0.402649 0.345841
vt 0.406209 0.329719
vt 0.412074 0.367396
vt 0.398025 0.360417
vt 0.427441 0.315429
vt 0.408581 0.312577
vt 0.409680 0.294784
vt 0.427959 0.256146
vt 0.429457 0.276116
vt 0.409457 0.276657
vt 0.407975 0.258456
vt 0.420111 0.217203
vt 0.424832 0.236398
vt 0.405304 0.240428
vt 0.401437 0.222835
vt 0.406199 0.181946
vt 0.396381 0.205952
vt 0.390282 0.190099
vt 0.387521 0.153459
vt 0.397326 0.166709
vt 0.383342 0.175613
vt 0.375845 0.162858
vt 0.376975 0.142445
vt 0.367968 0.152274
vt 0.359189 0.144654
vt 0.375845 0.162858
vt 0.380443 0.106439
vt 0.396160 0.115988
vt 0.386398 0.130247
vt 0.372606 0.121164
vt 0.411325 0.127807
vt 0.399389 0.141742
vt 0.376975 0.142445
vt 0.416123 0.082325
vt 0.406085 0.099925
vt 0.388675 0.090087
vt 0.434767 0.094116
vt 0.423126 0.111805
vt 0.436470 0.043877
vt 0.426258 0.063485
vt 0.406003 0.053250
vt 0.416123 0.082325
vt 0.397211 0.072296
vt 0.583877 0.082325
vt 0.573742 0.063485
vt 0.563530 0.043877
vt 0.619557 0.106439
vt 0.603841 0.115988
vt 0.593916 0.099925
vt 0.611325 0.090087
vt 0.588676 0.127807
vt 0.576874 0.111805
vt 0.565233 0.094116
vt 0.583877 0.082325
vt 0.634590 0.134016
vt 0.623025 0.142445
vt 0.613603 0.130247
vt 0.627394 0.121164
vt 0.600611 0.141742
vt 0.067857 0.699674
vt 0.067814 0.693087
vt 0.070804 0.693065
vt 0.070845 0.699656
vt 0.067772 0.686499
vt 0.070761 0.686475
vt 0.074127 0.686443
vt 0.074172 0.693039
vt 0.074212 0.699636
vt 0.078236 0.693010
vt 0.078276 0.699613
vt 0.078186 0.686410
vt 0.083025 0.686374
vt 0.083082 0.692980
vt 0.083124 0.699589
vt 0.088700 0.692948
vt 0.088743 0.699565
vt 0.088634 0.686336
vt 0.094859 0.686290
vt 0.094936 0.692912
vt 0.094982 0.699540
vt 0.101575 0.692873
vt 0.101625 0.699518
vt 0.101483 0.686235
vt 0.108184 0.686168
vt 0.108296 0.692828
vt 0.108352 0.699498
vt 0.114766 0.692777
vt 0.114831 0.699481
vt 0.114630 0.686087
vt 0.120547 0.685990
vt 0.120710 0.692718
vt 0.120785 0.699466
vt 0.120785 0.699466
vt 0.120710 0.692719
vt 0.125978 0.692651
vt 0.126071 0.699453
vt 0.120547 0.685990
vt 0.125788 0.685873
vt 0.130666 0.685709
vt 0.130866 0.692575
vt 0.131065 0.699441
vt 0.004762 0.700187
vt 0.004860 0.693358
vt 0.009713 0.693374
vt 0.009692 0.700155
vt 0.004957 0.686528
vt 0.009815 0.686621
vt 0.015037 0.686668
vt 0.014957 0.693378
vt 0.014954 0.700109
vt 0.014954 0.700109
vt 0.014957 0.693378
vt 0.020886 0.693366
vt 0.020897 0.700057
vt 0.020941 0.686690
vt 0.027378 0.686690
vt 0.027348 0.693340
vt 0.027371 0.700002
vt 0.034063 0.693303
vt 0.034095 0.699943
vt 0.034072 0.686672
vt 0.040691 0.686643
vt 0.040698 0.693260
vt 0.040735 0.699884
vt 0.046932 0.693217
vt 0.046973 0.699831
vt 0.046913 0.686608
vt 0.052520 0.686574
vt 0.052548 0.693177
vt 0.052591 0.699785
vt 0.057393 0.693145
vt 0.057438 0.699748
vt 0.057357 0.686546
vt 0.061416 0.686527
vt 0.061457 0.693121
vt 0.061502 0.699717
vt 0.064824 0.693104
vt 0.064868 0.699694
vt 0.064782 0.686514
vt 0.067728 0.679916
vt 0.070715 0.679890
vt 0.067685 0.673339
vt 0.070667 0.673313
vt 0.074023 0.673278
vt 0.074077 0.679856
vt 0.078129 0.679819
vt 0.078069 0.673240
vt 0.082888 0.673198
vt 0.082959 0.679780
vt 0.088556 0.679736
vt 0.088471 0.673150
vt 0.094661 0.673091
vt 0.094765 0.679682
vt 0.101368 0.679614
vt 0.101239 0.673014
vt 0.107882 0.672916
vt 0.108043 0.679529
vt 0.114456 0.679423
vt 0.114259 0.672795
vt 0.120099 0.672649
vt 0.120337 0.679297
vt 0.120337 0.679297
vt 0.125539 0.679149
vt 0.125260 0.672478
vt 0.130037 0.672254
vt 0.130352 0.678982
vt 0.005171 0.679816
vt 0.009970 0.679915
vt 0.005385 0.673104
vt 0.010154 0.673257
vt 0.015306 0.673355
vt 0.015159 0.679991
vt 0.015159 0.679991
vt 0.021030 0.680039
vt 0.021138 0.673420
vt 0.027506 0.673455
vt 0.027434 0.680060
vt 0.034102 0.680058
vt 0.034143 0.673464
vt 0.040716 0.673453
vt 0.040700 0.680039
vt 0.046905 0.680011
vt 0.046903 0.673429
vt 0.052483 0.673401
vt 0.052499 0.679981
vt 0.057327 0.679957
vt 0.057301 0.673378
vt 0.061346 0.673363
vt 0.061380 0.679940
vt 0.064741 0.679929
vt 0.064702 0.673353
vt 0.067640 0.666774
vt 0.070618 0.666747
vt 0.067596 0.660218
vt 0.070569 0.660192
vt 0.073914 0.660156
vt 0.073968 0.666712
vt 0.078006 0.666673
vt 0.077944 0.660118
vt 0.082741 0.660078
vt 0.082814 0.666631
vt 0.088382 0.666582
vt 0.088294 0.660032
vt 0.094442 0.659973
vt 0.094551 0.666521
vt 0.101102 0.666441
vt 0.100965 0.659895
vt 0.107539 0.659793
vt 0.107712 0.666337
vt 0.114048 0.666207
vt 0.113835 0.659664
vt 0.119588 0.659508
vt 0.119845 0.666052
vt 0.119845 0.666052
vt 0.124962 0.665873
vt 0.119588 0.659508
vt 0.124658 0.659326
vt 0.129331 0.659092
vt 0.129684 0.665673
vt 0.005641 0.666530
vt 0.010357 0.666660
vt 0.005897 0.659955
vt 0.010565 0.660120
vt 0.015631 0.660228
vt 0.015467 0.666766
vt 0.021257 0.666840
vt 0.021379 0.660302
vt 0.027669 0.660343
vt 0.027587 0.666882
vt 0.034191 0.666895
vt 0.034238 0.660353
vt 0.040757 0.660341
vt 0.040737 0.666886
vt 0.046903 0.666863
vt 0.046902 0.660315
vt 0.052452 0.660285
vt 0.052468 0.666836
vt 0.057275 0.666813
vt 0.057248 0.660260
vt 0.061278 0.660243
vt 0.061312 0.666797
vt 0.064662 0.666787
vt 0.064622 0.660232
vt 0.067550 0.653673
vt 0.070520 0.653646
vt 0.067505 0.647133
vt 0.070473 0.647106
vt 0.073810 0.647074
vt 0.073860 0.653611
vt 0.077884 0.653575
vt 0.077829 0.647041
vt 0.082610 0.647010
vt 0.082672 0.653538
vt 0.088211 0.653498
vt 0.088137 0.646978
vt 0.094247 0.646940
vt 0.094339 0.653446
vt 0.100834 0.653377
vt 0.100717 0.646887
vt 0.107223 0.646812
vt 0.107373 0.653285
vt 0.113628 0.653165
vt 0.113438 0.646711
vt 0.119103 0.646583
vt 0.119337 0.653019
vt 0.119337 0.653019
vt 0.124362 0.652848
vt 0.119103 0.646583
vt 0.124083 0.646428
vt 0.128652 0.646220
vt 0.128992 0.652656
vt 0.006141 0.653522
vt 0.010766 0.653645
vt 0.006384 0.647088
vt 0.010951 0.647228
vt 0.015929 0.647312
vt 0.015788 0.653744
vt 0.015788 0.653743
vt 0.021493 0.653808
vt 0.021590 0.647357
vt 0.027801 0.647369
vt 0.027743 0.653839
vt 0.034278 0.653839
vt 0.034303 0.647352
vt 0.040769 0.647314
vt 0.040769 0.653818
vt 0.046894 0.653784
vt 0.046877 0.647266
vt 0.052402 0.647221
vt 0.052431 0.653747
vt 0.057218 0.653718
vt 0.057182 0.647185
vt 0.061200 0.647161
vt 0.061241 0.653699
vt 0.064581 0.653687
vt 0.064538 0.647148
vt 0.067459 0.640595
vt 0.070427 0.640569
vt 0.067413 0.634053
vt 0.070385 0.634028
vt 0.073725 0.634000
vt 0.073764 0.640539
vt 0.077783 0.640511
vt 0.077747 0.633980
vt 0.082525 0.633969
vt 0.082560 0.640489
vt 0.088079 0.640471
vt 0.088041 0.633969
vt 0.094127 0.633974
vt 0.094175 0.640450
vt 0.100622 0.640420
vt 0.100557 0.633975
vt 0.107006 0.633964
vt 0.107098 0.640373
vt 0.113274 0.640300
vt 0.113148 0.633930
vt 0.118732 0.633868
vt 0.118898 0.640201
vt 0.118898 0.640201
vt 0.123836 0.640073
vt 0.118732 0.633868
vt 0.123627 0.633774
vt 0.128096 0.633627
vt 0.128374 0.639924
vt 0.006569 0.640793
vt 0.011106 0.640876
vt 0.006754 0.634498
vt 0.011222 0.634579
vt 0.016115 0.634602
vt 0.016041 0.640932
vt 0.016041 0.640932
vt 0.021661 0.640950
vt 0.016115 0.634602
vt 0.021696 0.634582
vt 0.027835 0.634527
vt 0.027835 0.640933
vt 0.034307 0.640889
vt 0.034280 0.634446
vt 0.040706 0.634352
vt 0.040751 0.640827
vt 0.046844 0.640761
vt 0.046790 0.634261
vt 0.052304 0.634182
vt 0.052361 0.640701
vt 0.057137 0.640656
vt 0.057081 0.634126
vt 0.061102 0.634090
vt 0.061155 0.640627
vt 0.064492 0.640611
vt 0.064442 0.634070
vt 0.067367 0.627498
vt 0.070346 0.627474
vt 0.067320 0.620918
vt 0.070313 0.620896
vt 0.073676 0.620878
vt 0.073695 0.627451
vt 0.077725 0.627438
vt 0.077721 0.620877
vt 0.082521 0.620901
vt 0.082510 0.627443
vt 0.088030 0.627466
vt 0.088053 0.620954
vt 0.094141 0.621032
vt 0.094113 0.627503
vt 0.100531 0.627546
vt 0.100554 0.621127
vt 0.106967 0.621221
vt 0.106959 0.627582
vt 0.113070 0.627598
vt 0.113053 0.621298
vt 0.118567 0.621345
vt 0.118618 0.627584
vt 0.118618 0.627584
vt 0.123474 0.627537
vt 0.118567 0.621345
vt 0.123384 0.621352
vt 0.127758 0.621302
vt 0.127927 0.627465
vt 0.006833 0.628337
vt 0.011283 0.628344
vt 0.006911 0.622175
vt 0.011283 0.622161
vt 0.016097 0.622084
vt 0.016138 0.628320
vt 0.016138 0.628320
vt 0.021682 0.628253
vt 0.016097 0.622084
vt 0.021608 0.621957
vt 0.027690 0.621791
vt 0.027790 0.628148
vt 0.034214 0.628020
vt 0.034098 0.621603
vt 0.040507 0.621417
vt 0.040628 0.627885
vt 0.046709 0.627761
vt 0.046593 0.621251
vt 0.052121 0.621118
vt 0.052226 0.627658
vt 0.057010 0.627586
vt 0.056920 0.621026
vt 0.060964 0.620969
vt 0.061039 0.627540
vt 0.064388 0.627516
vt 0.064327 0.620938
vt 0.067272 0.614302
vt 0.070286 0.614280
vt 0.067224 0.607629
vt 0.070267 0.607610
vt 0.073684 0.607607
vt 0.073671 0.614269
vt 0.077740 0.614282
vt 0.077788 0.607638
vt 0.082650 0.607717
vt 0.082565 0.614330
vt 0.088118 0.614421
vt 0.088237 0.607854
vt 0.094367 0.608047
vt 0.094222 0.614551
vt 0.100639 0.614709
vt 0.100798 0.608284
vt 0.107202 0.608539
vt 0.107043 0.614876
vt 0.113109 0.615028
vt 0.113253 0.608782
vt 0.118713 0.608989
vt 0.118594 0.615148
vt 0.118594 0.615148
vt 0.123378 0.615223
vt 0.118713 0.608989
vt 0.123462 0.609142
vt 0.127745 0.609231
vt 0.127752 0.615267
vt 0.006828 0.616143
vt 0.011199 0.616035
vt 0.006745 0.610110
vt 0.011025 0.609958
vt 0.015770 0.609735
vt 0.015980 0.615890
vt 0.015980 0.615890
vt 0.021461 0.615690
vt 0.015770 0.609735
vt 0.021225 0.609448
vt 0.027270 0.609117
vt 0.027521 0.615449
vt 0.033921 0.615190
vt 0.033668 0.608769
vt 0.040094 0.608439
vt 0.040333 0.614938
vt 0.046433 0.614721
vt 0.046219 0.608158
vt 0.051803 0.607939
vt 0.051983 0.614550
vt 0.056806 0.614433
vt 0.056662 0.607791
vt 0.060766 0.607701
vt 0.060874 0.614361
vt 0.064259 0.614324
vt 0.064182 0.607654
vt 0.067176 0.600879
vt 0.070258 0.600863
vt 0.067126 0.594022
vt 0.070263 0.594009
vt 0.073782 0.594032
vt 0.073719 0.600871
vt 0.077872 0.600924
vt 0.078001 0.594114
vt 0.082983 0.594280
vt 0.082784 0.601041
vt 0.088421 0.601237
vt 0.088686 0.594550
vt 0.094913 0.594919
vt 0.094591 0.601508
vt 0.101048 0.601841
vt 0.101407 0.595369
vt 0.107837 0.595859
vt 0.107460 0.602202
vt 0.113503 0.602554
vt 0.113878 0.596339
vt 0.119299 0.596771
vt 0.118942 0.602864
vt 0.118942 0.602864
vt 0.123665 0.603112
vt 0.119299 0.596771
vt 0.123991 0.597125
vt 0.128188 0.597404
vt 0.127967 0.603318
vt 0.006437 0.604202
vt 0.010734 0.603934
vt 0.006129 0.598294
vt 0.010320 0.597954
vt 0.015005 0.597530
vt 0.015452 0.603616
vt 0.015452 0.603616
vt 0.020884 0.603226
vt 0.015005 0.597530
vt 0.020418 0.597019
vt 0.026450 0.596451
vt 0.026919 0.602787
vt 0.033325 0.602332
vt 0.032871 0.595868
vt 0.039358 0.595323
vt 0.039775 0.601905
vt 0.045940 0.601545
vt 0.045577 0.594863
vt 0.051275 0.594510
vt 0.051571 0.601267
vt 0.056481 0.601079
vt 0.056253 0.594272
vt 0.060471 0.594128
vt 0.060633 0.600966
vt 0.064093 0.600907
vt 0.063989 0.594055
vt 0.067075 0.587022
vt 0.070284 0.587014
vt 0.067023 0.579826
vt 0.070328 0.579825
vt 0.074029 0.579893
vt 0.073881 0.587055
vt 0.078188 0.587176
vt 0.078451 0.580066
vt 0.083645 0.580384
vt 0.083262 0.587406
vt 0.089053 0.587771
vt 0.089549 0.580874
vt 0.095943 0.581523
vt 0.095353 0.588263
vt 0.101899 0.588858
vt 0.102553 0.582298
vt 0.109041 0.583128
vt 0.108355 0.589502
vt 0.114398 0.590134
vt 0.115087 0.583938
vt 0.120478 0.584671
vt 0.119804 0.590706
vt 0.124475 0.591187
vt 0.120478 0.584671
vt 0.125119 0.585289
vt 0.129234 0.585811
vt 0.128711 0.591608
vt 0.005521 0.592507
vt 0.009749 0.592024
vt 0.004912 0.586720
vt 0.009019 0.586138
vt 0.013649 0.585451
vt 0.014411 0.591475
vt 0.014411 0.591475
vt 0.019807 0.590824
vt 0.019027 0.584640
vt 0.025060 0.583741
vt 0.025839 0.590104
vt 0.032285 0.589365
vt 0.031535 0.582816
vt 0.038132 0.581944
vt 0.038820 0.588675
vt 0.045112 0.588091
vt 0.044515 0.581202
vt 0.050411 0.580626
vt 0.050897 0.587642
vt 0.055965 0.587337
vt 0.055599 0.580233
vt 0.060018 0.579995
vt 0.060270 0.587154
vt 0.063866 0.587061
vt 0.063718 0.579873
vt 0.066968 0.572364
vt 0.070402 0.572373
vt 0.066911 0.564505
vt 0.070524 0.564538
vt 0.074553 0.564719
vt 0.074241 0.572482
vt 0.078816 0.572733
vt 0.079331 0.565098
vt 0.084880 0.565719
vt 0.084165 0.573172
vt 0.090212 0.573830
vt 0.091101 0.566610
vt 0.097742 0.567730
vt 0.096721 0.574682
vt 0.103403 0.575680
vt 0.104500 0.569009
vt 0.111047 0.570336
vt 0.109926 0.576736
vt 0.115972 0.577754
vt 0.117079 0.571594
vt 0.122417 0.572710
vt 0.121343 0.578668
vt 0.121343 0.578668
vt 0.125961 0.579442
vt 0.122417 0.572710
vt 0.126994 0.573644
vt 0.131035 0.574444
vt 0.130135 0.580128
vt 0.003929 0.581051
vt 0.008091 0.580304
vt 0.002945 0.575382
vt 0.006973 0.574522
vt 0.011535 0.573522
vt 0.012696 0.579463
vt 0.012696 0.579463
vt 0.018052 0.578470
vt 0.011535 0.573522
vt 0.016855 0.572328
vt 0.022867 0.570981
vt 0.024082 0.577363
vt 0.030587 0.576213
vt 0.029394 0.569559
vt 0.036132 0.568181
vt 0.037254 0.575116
vt 0.043750 0.574169
vt 0.042754 0.566964
vt 0.048962 0.565982
vt 0.049786 0.573423
vt 0.055127 0.572906
vt 0.054501 0.565279
vt 0.059273 0.564831
vt 0.059698 0.572588
vt 0.063534 0.572424
vt 0.063298 0.564591
vt 0.066911 0.564505
vt 0.066849 0.556161
vt 0.070693 0.556241
vt 0.070524 0.564538
vt 0.066785 0.547385
vt 0.070846 0.547649
vt 0.074907 0.547912
vt 0.074936 0.556531
vt 0.074553 0.564719
vt 0.080004 0.557112
vt 0.080697 0.548891
vt 0.086487 0.549869
vt 0.085788 0.557980
vt 0.084880 0.565719
vt 0.092240 0.559198
vt 0.091101 0.566610
vt 0.093493 0.551653
vt 0.100499 0.553437
vt 0.099033 0.560660
vt 0.105868 0.562293
vt 0.107424 0.555555
vt 0.114348 0.557672
vt 0.112451 0.563950
vt 0.118433 0.565477
vt 0.117079 0.571594
vt 0.119993 0.559410
vt 0.125638 0.561147
vt 0.123743 0.566821
vt 0.128246 0.567908
vt 0.129646 0.562220
vt 0.133653 0.563292
vt 0.132344 0.568868
vt 0.001554 0.569827
vt 0.005637 0.568807
vt 0.000163 0.564272
vt 0.004154 0.563141
vt 0.008145 0.562009
vt 0.010123 0.567654
vt 0.015412 0.566232
vt 0.016855 0.572328
vt 0.013763 0.560189
vt 0.019381 0.558369
vt 0.021370 0.564617
vt 0.027927 0.562865
vt 0.029394 0.569559
vt 0.026273 0.556150
vt 0.033165 0.553931
vt 0.034737 0.561131
vt 0.036132 0.568181
vt 0.041507 0.559570
vt 0.042754 0.566963
vt 0.040144 0.552045
vt 0.047122 0.550158
vt 0.047941 0.558257
vt 0.048962 0.565982
vt 0.053711 0.557305
vt 0.054501 0.565279
vt 0.052897 0.549095
vt 0.058672 0.548031
vt 0.058770 0.556649
vt 0.059273 0.564831
vt 0.063008 0.556297
vt 0.063298 0.564591
vt 0.062729 0.547708
vt 0.198520 0.547385
vt 0.198580 0.555628
vt 0.194917 0.555742
vt 0.194683 0.547611
vt 0.198638 0.563551
vt 0.195171 0.563636
vt 0.191304 0.563868
vt 0.190863 0.556043
vt 0.190846 0.547837
vt 0.185994 0.556617
vt 0.185272 0.548725
vt 0.186711 0.564289
vt 0.181365 0.564948
vt 0.180416 0.557474
vt 0.179697 0.549612
vt 0.174165 0.558694
vt 0.172867 0.551361
vt 0.175355 0.565878
vt 0.168931 0.567044
vt 0.167571 0.560175
vt 0.166036 0.553110
vt 0.160934 0.561861
vt 0.159286 0.555296
vt 0.162390 0.568383
vt 0.156057 0.569779
vt 0.154549 0.563590
vt 0.152535 0.557482
vt 0.148763 0.565205
vt 0.147075 0.559341
vt 0.150232 0.571113
vt 0.145089 0.572304
vt 0.143643 0.566640
vt 0.141614 0.561199
vt 0.139320 0.567807
vt 0.137797 0.562355
vt 0.140687 0.573309
vt 0.136814 0.574173
vt 0.135397 0.568842
vt 0.133979 0.563511
vt 0.263289 0.562569
vt 0.261949 0.567920
vt 0.258011 0.566942
vt 0.259455 0.561469
vt 0.260609 0.573271
vt 0.256724 0.572464
vt 0.252308 0.571523
vt 0.253672 0.565838
vt 0.255621 0.560369
vt 0.248531 0.564479
vt 0.250134 0.558590
vt 0.247148 0.570407
vt 0.241305 0.569158
vt 0.242722 0.562947
vt 0.244647 0.556811
vt 0.236313 0.561312
vt 0.237865 0.554724
vt 0.234952 0.567854
vt 0.228392 0.566610
vt 0.229652 0.559723
vt 0.231083 0.552636
vt 0.223037 0.558338
vt 0.224229 0.550987
vt 0.221952 0.565538
vt 0.215929 0.564696
vt 0.216769 0.557209
vt 0.217374 0.549338
vt 0.211179 0.556434
vt 0.211787 0.548532
vt 0.210574 0.564115
vt 0.205975 0.563761
vt 0.206303 0.555931
vt 0.206200 0.547726
vt 0.202244 0.555688
vt 0.202360 0.547556
vt 0.202105 0.563586
vt 0.198638 0.563551
vt 0.198692 0.571095
vt 0.195387 0.571158
vt 0.195171 0.563636
vt 0.198745 0.578304
vt 0.195560 0.578351
vt 0.191994 0.578473
vt 0.191693 0.571326
vt 0.191304 0.563868
vt 0.187290 0.571638
vt 0.186711 0.564289
vt 0.187734 0.578706
vt 0.182729 0.579087
vt 0.182138 0.572136
vt 0.181365 0.564948
vt 0.176304 0.572852
vt 0.175355 0.565878
vt 0.177035 0.579644
vt 0.170865 0.580364
vt 0.170018 0.573766
vt 0.168931 0.567044
vt 0.163563 0.574833
vt 0.164487 0.581214
vt 0.158229 0.582121
vt 0.157265 0.575960
vt 0.156057 0.569779
vt 0.151435 0.577051
vt 0.150232 0.571113
vt 0.152404 0.583007
vt 0.147216 0.583812
vt 0.146263 0.578037
vt 0.145089 0.572304
vt 0.141820 0.578879
vt 0.147216 0.583812
vt 0.142753 0.584498
vt 0.138803 0.585086
vt 0.137809 0.579630
vt 0.259695 0.578742
vt 0.255673 0.578049
vt 0.258780 0.584212
vt 0.254821 0.583681
vt 0.250349 0.583061
vt 0.251218 0.577273
vt 0.252308 0.571523
vt 0.251218 0.577273
vt 0.246032 0.576362
vt 0.250349 0.583061
vt 0.245149 0.582331
vt 0.239312 0.581530
vt 0.240186 0.575356
vt 0.241305 0.569158
vt 0.233873 0.574320
vt 0.234952 0.567854
vt 0.233041 0.580714
vt 0.226653 0.579957
vt 0.227403 0.573348
vt 0.228392 0.566610
vt 0.221105 0.572525
vt 0.221952 0.565538
vt 0.220473 0.579327
vt 0.214771 0.578854
vt 0.215261 0.571894
vt 0.215929 0.564696
vt 0.210102 0.571472
vt 0.210574 0.564115
vt 0.209761 0.578546
vt 0.205498 0.578375
vt 0.205695 0.571224
vt 0.205975 0.563761
vt 0.201998 0.571110
vt 0.202105 0.563586
vt 0.201931 0.578305
vt 0.198796 0.585257
vt 0.195701 0.585295
vt 0.198845 0.592018
vt 0.195819 0.592049
vt 0.192425 0.592121
vt 0.192233 0.585386
vt 0.188082 0.585564
vt 0.188356 0.592259
vt 0.183552 0.592490
vt 0.183191 0.585859
vt 0.177606 0.586294
vt 0.178053 0.592832
vt 0.172050 0.593278
vt 0.171530 0.586861
vt 0.165218 0.587536
vt 0.165791 0.593809
vt 0.159596 0.594380
vt 0.158996 0.588260
vt 0.153177 0.588970
vt 0.153782 0.594939
vt 0.148569 0.595444
vt 0.147977 0.589615
vt 0.147977 0.589615
vt 0.143487 0.590163
vt 0.144060 0.595865
vt 0.140034 0.596209
vt 0.139419 0.590648
vt 0.258246 0.589782
vt 0.254170 0.589356
vt 0.257711 0.595352
vt 0.253680 0.595067
vt 0.249166 0.594711
vt 0.249673 0.588874
vt 0.249673 0.588874
vt 0.244463 0.588305
vt 0.249166 0.594711
vt 0.243946 0.594282
vt 0.238124 0.593807
vt 0.238635 0.587679
vt 0.232403 0.587046
vt 0.231922 0.593327
vt 0.225656 0.592887
vt 0.226082 0.586464
vt 0.219998 0.585986
vt 0.219647 0.592529
vt 0.214143 0.592267
vt 0.214408 0.585632
vt 0.209513 0.585408
vt 0.209337 0.592106
vt 0.205266 0.592027
vt 0.205360 0.585291
vt 0.201891 0.585250
vt 0.201871 0.592005
vt 0.198893 0.598639
vt 0.195919 0.598667
vt 0.198941 0.605157
vt 0.196004 0.605181
vt 0.192706 0.605226
vt 0.192580 0.598723
vt 0.188574 0.598832
vt 0.188746 0.605312
vt 0.184057 0.605455
vt 0.183836 0.599013
vt 0.178401 0.599281
vt 0.178669 0.605663
vt 0.172759 0.605933
vt 0.172453 0.599630
vt 0.166232 0.600043
vt 0.166563 0.606250
vt 0.160397 0.606585
vt 0.160056 0.600486
vt 0.154241 0.600916
vt 0.154575 0.606905
vt 0.149326 0.607184
vt 0.149012 0.601299
vt 0.149012 0.601299
vt 0.144475 0.601613
vt 0.149326 0.607184
vt 0.144764 0.607401
vt 0.140657 0.607553
vt 0.140346 0.601881
vt 0.257482 0.601028
vt 0.253349 0.600820
vt 0.257253 0.606704
vt 0.253144 0.606612
vt 0.248580 0.606461
vt 0.248808 0.600572
vt 0.248808 0.600572
vt 0.243574 0.600265
vt 0.248579 0.606461
vt 0.243327 0.606259
vt 0.237502 0.606023
vt 0.237753 0.599920
vt 0.231572 0.599567
vt 0.231331 0.605778
vt 0.225131 0.605552
vt 0.225345 0.599245
vt 0.219393 0.598983
vt 0.219218 0.605368
vt 0.213828 0.605238
vt 0.213955 0.598794
vt 0.209215 0.598681
vt 0.209137 0.605164
vt 0.205175 0.605135
vt 0.205207 0.598631
vt 0.201868 0.598623
vt 0.201877 0.605139
vt 0.198988 0.611602
vt 0.196078 0.611623
vt 0.199034 0.617994
vt 0.196143 0.618013
vt 0.192895 0.618041
vt 0.192810 0.611659
vt 0.188882 0.611726
vt 0.188989 0.618094
vt 0.184355 0.618180
vt 0.184227 0.611837
vt 0.178870 0.611998
vt 0.179018 0.618302
vt 0.173146 0.618454
vt 0.172986 0.612203
vt 0.166803 0.612440
vt 0.166966 0.618624
vt 0.160791 0.618793
vt 0.160637 0.612685
vt 0.154801 0.612912
vt 0.154936 0.618942
vt 0.149635 0.619055
vt 0.149529 0.613101
vt 0.149529 0.613101
vt 0.144934 0.613239
vt 0.149635 0.619055
vt 0.145010 0.619121
vt 0.140816 0.619128
vt 0.140737 0.613341
vt 0.257258 0.612492
vt 0.253060 0.612451
vt 0.257263 0.618280
vt 0.253070 0.618334
vt 0.248443 0.618335
vt 0.248463 0.612381
vt 0.248463 0.612381
vt 0.243189 0.612268
vt 0.248443 0.618335
vt 0.243142 0.618300
vt 0.237285 0.618237
vt 0.237350 0.612126
vt 0.231181 0.611971
vt 0.231108 0.618157
vt 0.224926 0.618077
vt 0.224995 0.611825
vt 0.219108 0.611705
vt 0.219052 0.618010
vt 0.213714 0.617966
vt 0.213750 0.611622
vt 0.209094 0.611579
vt 0.209080 0.617948
vt 0.205174 0.617952
vt 0.205166 0.611569
vt 0.201897 0.611581
vt 0.201925 0.617971
vt 0.199081 0.624352
vt 0.196201 0.624370
vt 0.199127 0.630692
vt 0.196253 0.630708
vt 0.193022 0.630726
vt 0.192965 0.624393
vt 0.189071 0.624433
vt 0.189134 0.630757
vt 0.184516 0.630805
vt 0.184449 0.624498
vt 0.179121 0.624588
vt 0.179187 0.630869
vt 0.173312 0.630941
vt 0.173252 0.624696
vt 0.167065 0.624812
vt 0.167111 0.631011
vt 0.160897 0.631065
vt 0.160874 0.624918
vt 0.154993 0.625001
vt 0.154985 0.631092
vt 0.149616 0.631086
vt 0.149661 0.625049
vt 0.144996 0.625057
vt 0.149616 0.631086
vt 0.144916 0.631043
vt 0.140632 0.630944
vt 0.140724 0.625036
vt 0.257441 0.624186
vt 0.253169 0.624269
vt 0.257619 0.630092
vt 0.253337 0.630253
vt 0.248638 0.630365
vt 0.248506 0.624329
vt 0.248506 0.624329
vt 0.243173 0.624358
vt 0.243270 0.630449
vt 0.237358 0.630508
vt 0.237291 0.624361
vt 0.231099 0.624345
vt 0.231143 0.630544
vt 0.224942 0.630565
vt 0.224911 0.624320
vt 0.219041 0.624298
vt 0.219066 0.630578
vt 0.213738 0.630592
vt 0.213712 0.624285
vt 0.209090 0.624288
vt 0.209120 0.630611
vt 0.205232 0.630637
vt 0.205197 0.624304
vt 0.201960 0.624328
vt 0.202001 0.630666
vt 0.199173 0.637024
vt 0.196300 0.637039
vt 0.199219 0.643358
vt 0.196342 0.643373
vt 0.193108 0.643383
vt 0.193069 0.637053
vt 0.189180 0.637076
vt 0.189213 0.643400
vt 0.184583 0.643423
vt 0.184559 0.637110
vt 0.179223 0.637153
vt 0.179235 0.643449
vt 0.173327 0.643469
vt 0.173335 0.637196
vt 0.167113 0.637228
vt 0.167078 0.643471
vt 0.160801 0.643448
vt 0.160869 0.637240
vt 0.154922 0.637222
vt 0.154814 0.643393
vt 0.149364 0.643306
vt 0.149514 0.637171
vt 0.149514 0.637171
vt 0.144771 0.637087
vt 0.149364 0.643306
vt 0.144579 0.643186
vt 0.140201 0.643014
vt 0.140417 0.636979
vt 0.257922 0.636123
vt 0.253569 0.636295
vt 0.258225 0.642154
vt 0.253850 0.642390
vt 0.249068 0.642579
vt 0.248828 0.636448
vt 0.248828 0.636448
vt 0.243422 0.636577
vt 0.249068 0.642580
vt 0.243620 0.642746
vt 0.237634 0.642888
vt 0.237475 0.636682
vt 0.231232 0.636761
vt 0.231358 0.643003
vt 0.225110 0.643092
vt 0.225011 0.636820
vt 0.219122 0.636863
vt 0.219202 0.643158
vt 0.213854 0.643210
vt 0.213786 0.636897
vt 0.209165 0.636930
vt 0.209224 0.643254
vt 0.205330 0.643294
vt 0.205277 0.636964
vt 0.202046 0.636997
vt 0.202095 0.643331
vt 0.199265 0.649703
vt 0.196383 0.649716
vt 0.199311 0.656063
vt 0.196420 0.656077
vt 0.193169 0.656083
vt 0.193141 0.649725
vt 0.189237 0.649737
vt 0.189252 0.656091
vt 0.184592 0.656099
vt 0.184593 0.649751
vt 0.179226 0.649764
vt 0.179203 0.656102
vt 0.173242 0.656089
vt 0.173294 0.649765
vt 0.167014 0.649744
vt 0.166927 0.656050
vt 0.160571 0.655979
vt 0.160699 0.649693
vt 0.154669 0.649609
vt 0.154496 0.655873
vt 0.148955 0.655735
vt 0.149175 0.649493
vt 0.144345 0.649348
vt 0.144081 0.655567
vt 0.139605 0.655348
vt 0.139903 0.649181
vt 0.258613 0.648316
vt 0.254174 0.648548
vt 0.259001 0.654478
vt 0.254529 0.654763
vt 0.249657 0.655001
vt 0.249347 0.648763
vt 0.249347 0.648763
vt 0.243854 0.648960
vt 0.249657 0.655001
vt 0.244119 0.655220
vt 0.238046 0.655415
vt 0.237827 0.649132
vt 0.231514 0.649274
vt 0.231693 0.655578
vt 0.225379 0.655709
vt 0.225235 0.649387
vt 0.219303 0.649472
vt 0.219419 0.655809
vt 0.214030 0.655885
vt 0.213936 0.649538
vt 0.209293 0.649590
vt 0.209371 0.655944
vt 0.205454 0.655993
vt 0.205389 0.649635
vt 0.202148 0.649674
vt 0.202202 0.656034
vt 0.199358 0.662444
vt 0.196457 0.662457
vt 0.199405 0.668850
vt 0.196492 0.668863
vt 0.193215 0.668867
vt 0.193193 0.662463
vt 0.189261 0.662468
vt 0.189266 0.668871
vt 0.184565 0.668872
vt 0.184581 0.662472
vt 0.179167 0.662467
vt 0.179125 0.668863
vt 0.173100 0.668835
vt 0.173176 0.662445
vt 0.166823 0.662393
vt 0.166707 0.668776
vt 0.160264 0.668683
vt 0.160424 0.662308
vt 0.154302 0.662187
vt 0.154094 0.668553
vt 0.148456 0.668391
vt 0.148713 0.662034
vt 0.148713 0.662034
vt 0.143791 0.661854
vt 0.148455 0.668391
vt 0.143486 0.668200
vt 0.138909 0.667957
vt 0.139257 0.661653
vt 0.259441 0.660777
vt 0.254910 0.661044
vt 0.259881 0.667076
vt 0.255307 0.667385
vt 0.250341 0.667648
vt 0.249991 0.661296
vt 0.249991 0.661296
vt 0.244405 0.661531
vt 0.250341 0.667648
vt 0.244706 0.667892
vt 0.238538 0.668112
vt 0.238286 0.661741
vt 0.231889 0.661920
vt 0.232097 0.668300
vt 0.225706 0.668451
vt 0.225537 0.662063
vt 0.219547 0.662173
vt 0.219683 0.668568
vt 0.214243 0.668655
vt 0.214133 0.662256
vt 0.209455 0.662321
vt 0.209543 0.668723
vt 0.205594 0.668777
vt 0.205523 0.662373
vt 0.202259 0.662415
vt 0.202318 0.668820
vt 0.199451 0.675281
vt 0.196526 0.675294
vt 0.199498 0.681739
vt 0.196561 0.681752
vt 0.193255 0.681757
vt 0.193235 0.675298
vt 0.189269 0.675301
vt 0.189271 0.681760
vt 0.184526 0.681760
vt 0.184546 0.675301
vt 0.179077 0.675291
vt 0.179030 0.681751
vt 0.172937 0.681722
vt 0.173019 0.675260
vt 0.166586 0.675199
vt 0.166464 0.681663
vt 0.159930 0.681570
vt 0.160097 0.675103
vt 0.153878 0.674971
vt 0.153662 0.681441
vt 0.147924 0.681281
vt 0.148190 0.674806
vt 0.148190 0.674806
vt 0.143173 0.674615
vt 0.147924 0.681281
vt 0.142858 0.681092
vt 0.138177 0.680849
vt 0.138543 0.674403
vt 0.260341 0.673516
vt 0.255715 0.673795
vt 0.260800 0.679956
vt 0.256123 0.680267
vt 0.251060 0.680530
vt 0.250700 0.674059
vt 0.250700 0.674059
vt 0.245015 0.674307
vt 0.251060 0.680530
vt 0.245326 0.680774
vt 0.239060 0.680994
vt 0.238799 0.674530
vt 0.232312 0.674721
vt 0.232528 0.681182
vt 0.226057 0.681335
vt 0.225881 0.674875
vt 0.219823 0.674994
vt 0.219965 0.681453
vt 0.214470 0.681542
vt 0.214356 0.675084
vt 0.209633 0.675153
vt 0.209725 0.681611
vt 0.205741 0.681666
vt 0.205667 0.675207
vt 0.202377 0.675251
vt 0.202436 0.681710
vt 0.199545 0.688225
vt 0.196596 0.688238
vt 0.199593 0.694737
vt 0.196631 0.694751
vt 0.193299 0.694756
vt 0.193276 0.688243
vt 0.189275 0.688248
vt 0.189281 0.694763
vt 0.184493 0.694768
vt 0.184508 0.688250
vt 0.178984 0.688243
vt 0.178943 0.694767
vt 0.172786 0.694749
vt 0.172858 0.688219
vt 0.166346 0.688167
vt 0.166238 0.694708
vt 0.159617 0.694638
vt 0.159768 0.688082
vt 0.153452 0.687964
vt 0.153256 0.694536
vt 0.147423 0.694405
vt 0.147666 0.687815
vt 0.147666 0.687815
vt 0.142553 0.687638
vt 0.147423 0.694405
vt 0.142263 0.694245
vt 0.137478 0.694032
vt 0.137828 0.687441
vt 0.261246 0.686542
vt 0.256524 0.686808
vt 0.261691 0.693127
vt 0.256909 0.693411
vt 0.251752 0.693646
vt 0.251414 0.687059
vt 0.245631 0.687293
vt 0.251752 0.693646
vt 0.245922 0.693862
vt 0.239563 0.694055
vt 0.239317 0.687503
vt 0.232740 0.687683
vt 0.232944 0.694222
vt 0.226397 0.694359
vt 0.226230 0.687830
vt 0.220105 0.687944
vt 0.220241 0.694465
vt 0.214692 0.694548
vt 0.214583 0.688031
vt 0.209816 0.688098
vt 0.209905 0.694613
vt 0.205887 0.694665
vt 0.205815 0.688152
vt 0.202495 0.688195
vt 0.202554 0.694708
vt 0.199640 0.701274
vt 0.196669 0.701288
vt 0.199688 0.707830
vt 0.196708 0.707846
vt 0.193353 0.707856
vt 0.193324 0.701295
vt 0.189291 0.701304
vt 0.189306 0.707869
vt 0.184482 0.707883
vt 0.184484 0.701313
vt 0.178911 0.701318
vt 0.178888 0.707896
vt 0.172679 0.707900
vt 0.172726 0.701311
vt 0.166143 0.701284
vt 0.166068 0.707889
vt 0.159377 0.707860
vt 0.159485 0.701232
vt 0.153082 0.701154
vt 0.152937 0.707811
vt 0.147023 0.707741
vt 0.147205 0.701050
vt 0.147205 0.701050
vt 0.142004 0.700919
vt 0.147023 0.707741
vt 0.141782 0.707646
vt 0.136899 0.707503
vt 0.137189 0.700768
vt 0.262079 0.699858
vt 0.257266 0.700080
vt 0.262467 0.706589
vt 0.257586 0.706803
vt 0.252347 0.706974
vt 0.252067 0.700286
vt 0.252067 0.700286
vt 0.246193 0.700476
vt 0.252347 0.706974
vt 0.246435 0.707130
vt 0.239996 0.707273
vt 0.239792 0.700647
vt 0.233134 0.700796
vt 0.233306 0.707399
vt 0.226696 0.707506
vt 0.226553 0.700919
vt 0.220369 0.701016
vt 0.220487 0.707592
vt 0.214894 0.707662
vt 0.214797 0.701092
vt 0.209990 0.701153
vt 0.210070 0.707718
vt 0.206023 0.707764
vt 0.205957 0.701203
vt 0.202612 0.701245
vt 0.202668 0.707802
vt 0.199736 0.714402
vt 0.196751 0.714420
vt 0.199784 0.720984
vt 0.196795 0.721005
vt 0.193428 0.721028
vt 0.193388 0.714436
vt 0.189330 0.714454
vt 0.189363 0.721053
vt 0.184516 0.721080
vt 0.184491 0.714475
vt 0.178880 0.714495
vt 0.178895 0.721108
vt 0.172656 0.721135
vt 0.172651 0.714511
vt 0.166018 0.714518
vt 0.166013 0.721160
vt 0.159285 0.721182
vt 0.159302 0.714514
vt 0.152835 0.714498
vt 0.152806 0.721201
vt 0.146851 0.721217
vt 0.146893 0.714469
vt 0.146892 0.714469
vt 0.141624 0.714426
vt 0.146851 0.721216
vt 0.141565 0.721230
vt 0.136572 0.721243
vt 0.136736 0.714373
vt 0.262731 0.713456
vt 0.257843 0.713580
vt 0.262994 0.720322
vt 0.258001 0.720382
vt 0.252715 0.720446
vt 0.252576 0.713699
vt 0.252576 0.713699
vt 0.246634 0.713815
vt 0.252715 0.720446
vt 0.246761 0.720517
vt 0.240282 0.720592
vt 0.240168 0.713925
vt 0.233453 0.714026
vt 0.233555 0.720668
vt 0.226912 0.720740
vt 0.226821 0.714116
vt 0.220592 0.714191
vt 0.220673 0.720803
vt 0.215053 0.720857
vt 0.214981 0.714253
vt 0.210142 0.714302
vt 0.210205 0.720901
vt 0.206140 0.720935
vt 0.206084 0.714343
vt 0.202722 0.714376
vt 0.202773 0.720962
vt 0.199832 0.727573
vt 0.196841 0.727597
vt 0.199880 0.734163
vt 0.196890 0.734190
vt 0.193523 0.734223
vt 0.193473 0.727626
vt 0.189408 0.727657
vt 0.189462 0.734259
vt 0.184622 0.734297
vt 0.184561 0.727690
vt 0.178942 0.727725
vt 0.179011 0.734339
vt 0.172785 0.734387
vt 0.172705 0.727763
vt 0.166065 0.727806
vt 0.166160 0.734444
vt 0.159457 0.734514
vt 0.159343 0.727853
vt 0.152873 0.727905
vt 0.153010 0.734596
vt 0.147092 0.734694
vt 0.146928 0.727965
vt 0.146928 0.727965
vt 0.141659 0.728033
vt 0.147092 0.734694
vt 0.141851 0.734812
vt 0.136971 0.734976
vt 0.136772 0.728110
vt 0.262894 0.727191
vt 0.258006 0.727186
vt 0.262794 0.734060
vt 0.257913 0.733966
vt 0.252671 0.733925
vt 0.252736 0.727194
vt 0.252736 0.727194
vt 0.246792 0.727221
vt 0.252671 0.733925
vt 0.246752 0.733913
vt 0.240304 0.733925
vt 0.240321 0.727263
vt 0.233599 0.727314
vt 0.233601 0.733953
vt 0.226976 0.733992
vt 0.226960 0.727368
vt 0.220723 0.727421
vt 0.220750 0.734035
vt 0.215139 0.734075
vt 0.215103 0.727468
vt 0.210257 0.727505
vt 0.210299 0.734108
vt 0.206238 0.734130
vt 0.206191 0.727533
vt 0.202823 0.727553
vt 0.202871 0.734146
vt 0.199928 0.740750
vt 0.196940 0.740778
vt 0.199976 0.747330
vt 0.196992 0.747358
vt 0.193634 0.747395
vt 0.193577 0.740814
vt 0.189522 0.740853
vt 0.189587 0.747435
vt 0.184765 0.747479
vt 0.184691 0.740894
vt 0.179092 0.740941
vt 0.179180 0.747529
vt 0.172988 0.747590
vt 0.172882 0.740997
vt 0.166277 0.741067
vt 0.166408 0.747669
vt 0.159763 0.747769
vt 0.159601 0.741155
vt 0.153185 0.741261
vt 0.153384 0.747892
vt 0.147542 0.748038
vt 0.147303 0.741388
vt 0.147303 0.741388
vt 0.142099 0.741537
vt 0.147542 0.748038
vt 0.142380 0.748210
vt 0.137601 0.748434
vt 0.137286 0.741705
vt 0.262578 0.740793
vt 0.257762 0.740695
vt 0.262361 0.747525
vt 0.257580 0.747371
vt 0.252415 0.747274
vt 0.252558 0.740622
vt 0.252558 0.740622
vt 0.246674 0.740580
vt 0.252415 0.747274
vt 0.246572 0.747213
vt 0.240192 0.747183
vt 0.240258 0.740567
vt 0.233580 0.740577
vt 0.233546 0.747180
vt 0.226965 0.747197
vt 0.226975 0.740603
vt 0.220765 0.740638
vt 0.220773 0.747226
vt 0.215188 0.747258
vt 0.215166 0.740673
vt 0.210335 0.740701
vt 0.210366 0.747284
vt 0.206319 0.747302
vt 0.206280 0.740721
vt 0.202916 0.740734
vt 0.202960 0.747314
vt 0.200024 0.753899
vt 0.197045 0.753928
vt 0.200072 0.760459
vt 0.197097 0.760487
vt 0.193750 0.760524
vt 0.193692 0.753965
vt 0.189652 0.754005
vt 0.189717 0.760563
vt 0.184917 0.760606
vt 0.184841 0.754049
vt 0.179271 0.754100
vt 0.179361 0.760654
vt 0.173210 0.760714
vt 0.173099 0.754163
vt 0.166546 0.754245
vt 0.166685 0.760794
vt 0.160108 0.760897
vt 0.159934 0.754350
vt 0.153596 0.754481
vt 0.153810 0.761027
vt 0.148055 0.761183
vt 0.147797 0.754637
vt 0.142679 0.754817
vt 0.142982 0.761366
vt 0.138308 0.761600
vt 0.137955 0.755017
vt 0.262103 0.754113
vt 0.257377 0.753981
vt 0.261845 0.760700
vt 0.257168 0.760534
vt 0.252094 0.760425
vt 0.252257 0.753876
vt 0.252257 0.753876
vt 0.246456 0.753805
vt 0.252094 0.760425
vt 0.246337 0.760353
vt 0.240038 0.760315
vt 0.240116 0.753766
vt 0.233503 0.753757
vt 0.233460 0.760307
vt 0.226934 0.760323
vt 0.226950 0.753770
vt 0.220778 0.753797
vt 0.220783 0.760352
vt 0.215227 0.760385
vt 0.215207 0.753828
vt 0.210396 0.753854
vt 0.210427 0.760412
vt 0.206394 0.760432
vt 0.206356 0.753873
vt 0.203004 0.753884
vt 0.203047 0.760444
vt 0.200120 0.767010
vt 0.197148 0.767037
vt 0.200167 0.773554
vt 0.197198 0.773581
vt 0.193858 0.773615
vt 0.193806 0.767073
vt 0.189779 0.767110
vt 0.189836 0.773649
vt 0.185052 0.773681
vt 0.184988 0.767149
vt 0.179446 0.767191
vt 0.179521 0.773714
vt 0.173408 0.773754
vt 0.173315 0.767244
vt 0.166817 0.767314
vt 0.166935 0.773808
vt 0.160426 0.773884
vt 0.160275 0.767408
vt 0.154018 0.767528
vt 0.154208 0.773985
vt 0.148540 0.774113
vt 0.148307 0.767675
vt 0.148307 0.767675
vt 0.143279 0.767847
vt 0.143558 0.774269
vt 0.138987 0.774477
vt 0.138648 0.768039
vt 0.261600 0.767143
vt 0.256966 0.767019
vt 0.261355 0.773586
vt 0.256781 0.773445
vt 0.251797 0.773361
vt 0.251937 0.766920
vt 0.251937 0.766920
vt 0.246224 0.766857
vt 0.251797 0.773361
vt 0.246128 0.773316
vt 0.239909 0.773305
vt 0.239966 0.766827
vt 0.233423 0.766829
vt 0.233399 0.773324
vt 0.226926 0.773364
vt 0.226924 0.766853
vt 0.220793 0.766890
vt 0.220813 0.773413
vt 0.215283 0.773461
vt 0.215251 0.766928
vt 0.210460 0.766959
vt 0.210499 0.773498
vt 0.206477 0.773523
vt 0.206434 0.766981
vt 0.203091 0.766994
vt 0.203137 0.773538
vt 0.200215 0.780097
vt 0.197245 0.780123
vt 0.200262 0.786644
vt 0.197289 0.786670
vt 0.193946 0.786698
vt 0.193905 0.780154
vt 0.189884 0.780183
vt 0.189922 0.786719
vt 0.185141 0.786731
vt 0.185104 0.780206
vt 0.179582 0.780226
vt 0.179621 0.786732
vt 0.173531 0.786728
vt 0.173482 0.780247
vt 0.167032 0.780278
vt 0.167098 0.786726
vt 0.160645 0.786738
vt 0.160552 0.780326
vt 0.154372 0.780399
vt 0.154499 0.786773
vt 0.148912 0.786835
vt 0.148746 0.780499
vt 0.148746 0.780499
vt 0.143806 0.780627
vt 0.148912 0.786835
vt 0.144015 0.786929
vt 0.139543 0.787076
vt 0.139265 0.780777
vt 0.261169 0.779889
vt 0.256626 0.779805
vt 0.260982 0.786192
vt 0.256509 0.786110
vt 0.251611 0.786087
vt 0.251684 0.779750
vt 0.251684 0.779750
vt 0.246057 0.779731
vt 0.251611 0.786087
vt 0.246023 0.786106
vt 0.239878 0.786161
vt 0.239877 0.779748
vt 0.233397 0.779794
vt 0.233425 0.786243
vt 0.226993 0.786338
vt 0.226947 0.779857
vt 0.220847 0.779925
vt 0.220903 0.786431
vt 0.215384 0.786510
vt 0.215325 0.779986
vt 0.210545 0.780032
vt 0.210603 0.786568
vt 0.206579 0.786606
vt 0.206525 0.780062
vt 0.203185 0.780080
vt 0.203236 0.786626
vt 0.200310 0.793204
vt 0.197329 0.793229
vt 0.200358 0.799788
vt 0.197363 0.799812
vt 0.193997 0.799829
vt 0.193977 0.793252
vt 0.189945 0.793265
vt 0.189949 0.799831
vt 0.185146 0.799808
vt 0.185156 0.793261
vt 0.179633 0.793238
vt 0.179611 0.799755
vt 0.173518 0.799677
vt 0.173546 0.793202
vt 0.167124 0.793159
vt 0.167101 0.799583
vt 0.160685 0.799489
vt 0.160693 0.793124
vt 0.154577 0.793109
vt 0.154595 0.799412
vt 0.149077 0.799365
vt 0.149027 0.793122
vt 0.149027 0.793122
vt 0.144167 0.793169
vt 0.149077 0.799365
vt 0.144257 0.799358
vt 0.139881 0.799408
vt 0.139712 0.793242
vt 0.260903 0.792360
vt 0.256447 0.792352
vt 0.260823 0.798527
vt 0.256447 0.798541
vt 0.251628 0.798618
vt 0.251587 0.792375
vt 0.251588 0.792375
vt 0.246037 0.792443
vt 0.246111 0.798745
vt 0.240023 0.798911
vt 0.239923 0.792547
vt 0.233492 0.792676
vt 0.233609 0.799099
vt 0.227194 0.799286
vt 0.227072 0.792812
vt 0.220986 0.792937
vt 0.221103 0.799453
vt 0.215569 0.799586
vt 0.215463 0.793040
vt 0.210676 0.793114
vt 0.210767 0.799679
vt 0.206719 0.799737
vt 0.206643 0.793160
vt 0.203292 0.793185
vt 0.203353 0.799768
vt 0.200407 0.806410
vt 0.197391 0.806432
vt 0.200455 0.813088
vt 0.197410 0.813107
vt 0.193991 0.813110
vt 0.194003 0.806443
vt 0.189931 0.806430
vt 0.189883 0.813079
vt 0.185018 0.813001
vt 0.185103 0.806382
vt 0.179546 0.806292
vt 0.179427 0.812864
vt 0.173293 0.812671
vt 0.173438 0.806163
vt 0.167017 0.806005
vt 0.166858 0.812434
vt 0.160449 0.812180
vt 0.160609 0.805838
vt 0.154539 0.805686
vt 0.154395 0.811936
vt 0.148931 0.811729
vt 0.149051 0.805566
vt 0.149051 0.805566
vt 0.144263 0.805490
vt 0.144179 0.811576
vt 0.139893 0.811486
vt 0.139887 0.805447
vt 0.260906 0.804566
vt 0.256531 0.804673
vt 0.260988 0.810604
vt 0.256704 0.810756
vt 0.251954 0.810979
vt 0.251745 0.804818
vt 0.251745 0.804818
vt 0.246259 0.805018
vt 0.246494 0.811266
vt 0.240444 0.811597
vt 0.240192 0.805259
vt 0.233787 0.805519
vt 0.234040 0.811945
vt 0.227608 0.812276
vt 0.227369 0.805771
vt 0.221263 0.805988
vt 0.221477 0.812558
vt 0.215889 0.812776
vt 0.215708 0.806159
vt 0.210881 0.806277
vt 0.211026 0.812925
vt 0.206919 0.813016
vt 0.206810 0.806349
vt 0.203422 0.806388
vt 0.203500 0.813063
vt 0.200505 0.819843
vt 0.197420 0.819859
vt 0.200555 0.826705
vt 0.197415 0.826718
vt 0.193894 0.826696
vt 0.193957 0.819851
vt 0.189800 0.819798
vt 0.189671 0.826613
vt 0.184685 0.826447
vt 0.184884 0.819681
vt 0.179244 0.819485
vt 0.178978 0.826177
vt 0.172747 0.825808
vt 0.173069 0.819214
vt 0.166608 0.818881
vt 0.166249 0.825357
vt 0.159814 0.824868
vt 0.160191 0.818520
vt 0.154144 0.818168
vt 0.153769 0.824387
vt 0.148345 0.823955
vt 0.148702 0.817858
vt 0.148702 0.817858
vt 0.143976 0.817609
vt 0.148345 0.823955
vt 0.143649 0.823600
vt 0.139450 0.823321
vt 0.139672 0.817404
vt 0.261296 0.816518
vt 0.256995 0.816786
vt 0.261603 0.822431
vt 0.257408 0.822771
vt 0.252718 0.823195
vt 0.252272 0.817103
vt 0.252272 0.817103
vt 0.246835 0.817493
vt 0.247301 0.823706
vt 0.241264 0.824274
vt 0.240794 0.817933
vt 0.234383 0.818388
vt 0.234837 0.824858
vt 0.228345 0.825403
vt 0.227928 0.818815
vt 0.221757 0.819176
vt 0.222120 0.825863
vt 0.216418 0.826216
vt 0.216121 0.819454
vt 0.211207 0.819642
vt 0.211435 0.826455
vt 0.207215 0.826599
vt 0.207052 0.819756
vt 0.203589 0.819815
vt 0.203694 0.826672
vt 0.200606 0.833710
vt 0.197394 0.833719
vt 0.200658 0.840912
vt 0.197350 0.840913
vt 0.193647 0.840845
vt 0.193794 0.833677
vt 0.189484 0.833557
vt 0.189221 0.840671
vt 0.184024 0.840353
vt 0.184407 0.833326
vt 0.178612 0.832961
vt 0.178115 0.839863
vt 0.171716 0.839214
vt 0.172307 0.832469
vt 0.165757 0.831873
vt 0.165102 0.838438
vt 0.158609 0.837607
vt 0.159295 0.831229
vt 0.153249 0.830596
vt 0.152559 0.836796
vt 0.147164 0.836063
vt 0.147839 0.830023
vt 0.147839 0.830024
vt 0.143165 0.829543
vt 0.147164 0.836063
vt 0.142520 0.835444
vt 0.138402 0.834922
vt 0.138926 0.829122
vt 0.262212 0.828223
vt 0.257979 0.828706
vt 0.262820 0.834015
vt 0.258710 0.834597
vt 0.254075 0.835284
vt 0.253312 0.829255
vt 0.253312 0.829255
vt 0.247912 0.829906
vt 0.254075 0.835284
vt 0.248692 0.836096
vt 0.242654 0.836995
vt 0.241875 0.830627
vt 0.235424 0.831366
vt 0.236174 0.837921
vt 0.229572 0.838793
vt 0.228883 0.832057
vt 0.222586 0.832641
vt 0.223183 0.839535
vt 0.217282 0.840111
vt 0.216797 0.833090
vt 0.211723 0.833395
vt 0.212090 0.840505
vt 0.207668 0.840743
vt 0.207416 0.833578
vt 0.203817 0.833672
vt 0.203966 0.840865
vt 0.200712 0.848380
vt 0.197276 0.848370
vt 0.200769 0.856244
vt 0.197153 0.856212
vt 0.193122 0.856030
vt 0.193434 0.848262
vt 0.188856 0.848010
vt 0.188340 0.855651
vt 0.182788 0.855030
vt 0.183503 0.847571
vt 0.177452 0.846913
vt 0.176561 0.854138
vt 0.169916 0.853017
vt 0.170938 0.846060
vt 0.164251 0.845060
vt 0.163153 0.851736
vt 0.156601 0.850408
vt 0.157724 0.844004
vt 0.151673 0.842985
vt 0.150565 0.849149
vt 0.145224 0.848032
vt 0.146299 0.842070
vt 0.146299 0.842070
vt 0.141677 0.841295
vt 0.145224 0.848032
vt 0.140644 0.847097
vt 0.136600 0.846296
vt 0.137501 0.840609
vt 0.263804 0.839689
vt 0.259638 0.840436
vt 0.264788 0.845363
vt 0.260756 0.846223
vt 0.256190 0.847224
vt 0.255028 0.841277
vt 0.255028 0.841277
vt 0.249668 0.842271
vt 0.256190 0.847224
vt 0.250866 0.848418
vt 0.244848 0.849765
vt 0.243633 0.843378
vt 0.237122 0.844529
vt 0.238316 0.851188
vt 0.231573 0.852568
vt 0.230450 0.845626
vt 0.223949 0.846574
vt 0.224945 0.853785
vt 0.218732 0.854768
vt 0.217908 0.847320
vt 0.212562 0.847838
vt 0.213189 0.855470
vt 0.208414 0.855918
vt 0.207988 0.848156
vt 0.204149 0.848320
vt 0.204385 0.856159
vt 0.200769 0.856244
vt 0.200830 0.864595
vt 0.196984 0.864515
vt 0.197153 0.856212
vt 0.200894 0.873378
vt 0.196830 0.873114
vt 0.192766 0.872849
vt 0.192738 0.864224
vt 0.193122 0.856030
vt 0.187666 0.863643
vt 0.188340 0.855651
vt 0.186972 0.871870
vt 0.181178 0.870890
vt 0.181879 0.862774
vt 0.182788 0.855030
vt 0.175422 0.861554
vt 0.176561 0.854138
vt 0.174167 0.869105
vt 0.167156 0.867319
vt 0.168623 0.860092
vt 0.169916 0.853017
vt 0.161783 0.858456
vt 0.160227 0.865200
vt 0.153297 0.863081
vt 0.155196 0.856799
vt 0.156601 0.850408
vt 0.149210 0.855270
vt 0.150565 0.849149
vt 0.147649 0.861342
vt 0.142000 0.859602
vt 0.143897 0.853924
vt 0.139390 0.852837
vt 0.137990 0.858529
vt 0.133979 0.857456
vt 0.135290 0.851876
vt 0.266180 0.850923
vt 0.262093 0.851943
vt 0.267571 0.856483
vt 0.263577 0.857615
vt 0.259582 0.858746
vt 0.257603 0.853096
vt 0.252309 0.854519
vt 0.250866 0.848418
vt 0.253959 0.860568
vt 0.248336 0.862389
vt 0.246346 0.856135
vt 0.239784 0.857888
vt 0.238316 0.851188
vt 0.241439 0.864609
vt 0.234541 0.866829
vt 0.232968 0.859623
vt 0.231573 0.852568
vt 0.226192 0.861184
vt 0.224945 0.853785
vt 0.227557 0.868716
vt 0.220572 0.870603
vt 0.219754 0.862498
vt 0.218732 0.854768
vt 0.213979 0.863451
vt 0.213189 0.855470
vt 0.214793 0.871667
vt 0.209014 0.872731
vt 0.208917 0.864106
vt 0.208414 0.855919
vt 0.204675 0.864459
vt 0.204385 0.856159
vt 0.204954 0.873055
vt 0.069064 0.873383
vt 0.069004 0.865134
vt 0.072670 0.865020
vt 0.072904 0.873157
vt 0.068947 0.857205
vt 0.072416 0.857120
vt 0.076286 0.856888
vt 0.076727 0.864718
vt 0.076744 0.872930
vt 0.081599 0.864144
vt 0.082323 0.872042
vt 0.080883 0.856467
vt 0.086233 0.855808
vt 0.087182 0.863287
vt 0.087902 0.871154
vt 0.093438 0.862067
vt 0.094737 0.869405
vt 0.092247 0.854878
vt 0.098676 0.853711
vt 0.100036 0.860585
vt 0.101572 0.867655
vt 0.106679 0.858898
vt 0.108328 0.865468
vt 0.105222 0.852371
vt 0.111560 0.850974
vt 0.113068 0.857168
vt 0.115084 0.863280
vt 0.118858 0.855551
vt 0.120548 0.861420
vt 0.117388 0.849640
vt 0.122535 0.848448
vt 0.123982 0.854116
vt 0.126012 0.859560
vt 0.128308 0.852948
vt 0.129833 0.858404
vt 0.126940 0.847442
vt 0.130816 0.846577
vt 0.132235 0.851912
vt 0.133653 0.857247
vt 0.004244 0.858185
vt 0.005585 0.852830
vt 0.009526 0.853809
vt 0.008081 0.859287
vt 0.006926 0.847475
vt 0.010815 0.848283
vt 0.015234 0.849224
vt 0.013869 0.854914
vt 0.011918 0.860388
vt 0.019014 0.856275
vt 0.017410 0.862168
vt 0.020398 0.850342
vt 0.026246 0.851592
vt 0.024828 0.857807
vt 0.022901 0.863948
vt 0.031242 0.859444
vt 0.029688 0.866038
vt 0.032604 0.852897
vt 0.039169 0.854142
vt 0.037908 0.861035
vt 0.036475 0.868127
vt 0.044529 0.862421
vt 0.043336 0.869778
vt 0.045615 0.855215
vt 0.051642 0.856058
vt 0.050802 0.863551
vt 0.050196 0.871428
vt 0.056396 0.864327
vt 0.055787 0.872235
vt 0.057001 0.856639
vt 0.061604 0.856994
vt 0.061276 0.864831
vt 0.061378 0.873042
vt 0.065337 0.865074
vt 0.065221 0.873213
vt 0.065477 0.857170
vt 0.068947 0.857205
vt 0.068892 0.849655
vt 0.072200 0.849592
vt 0.072416 0.857120
vt 0.068840 0.842440
vt 0.072028 0.842393
vt 0.075596 0.842271
vt 0.075897 0.849424
vt 0.080303 0.849112
vt 0.080883 0.856467
vt 0.079859 0.842039
vt 0.084868 0.841657
vt 0.085460 0.848614
vt 0.086233 0.855808
vt 0.091298 0.847898
vt 0.092247 0.854878
vt 0.090567 0.841101
vt 0.096741 0.840381
vt 0.097588 0.846983
vt 0.098676 0.853711
vt 0.104048 0.845916
vt 0.105222 0.852371
vt 0.103123 0.839531
vt 0.109386 0.838623
vt 0.110350 0.844788
vt 0.111560 0.850974
vt 0.116184 0.843697
vt 0.117388 0.849640
vt 0.115215 0.837737
vt 0.120407 0.836932
vt 0.121360 0.842710
vt 0.122535 0.848448
vt 0.121360 0.842710
vt 0.125807 0.841869
vt 0.124873 0.836245
vt 0.128826 0.835657
vt 0.129821 0.841117
vt 0.007842 0.842000
vt 0.011867 0.842693
vt 0.008757 0.836525
vt 0.012719 0.837056
vt 0.017195 0.837677
vt 0.016325 0.843470
vt 0.015234 0.849225
vt 0.016325 0.843470
vt 0.021516 0.844381
vt 0.020398 0.850342
vt 0.017195 0.837678
vt 0.022399 0.838408
vt 0.028241 0.839210
vt 0.027366 0.845389
vt 0.026246 0.851592
vt 0.033684 0.846425
vt 0.032604 0.852897
vt 0.034516 0.840026
vt 0.040910 0.840784
vt 0.040159 0.847399
vt 0.039169 0.854142
vt 0.046463 0.848222
vt 0.045615 0.855215
vt 0.047095 0.841415
vt 0.052802 0.841889
vt 0.052311 0.848854
vt 0.051642 0.856058
vt 0.057474 0.849278
vt 0.057001 0.856639
vt 0.057816 0.842198
vt 0.062082 0.842369
vt 0.061884 0.849525
vt 0.061604 0.856994
vt 0.065584 0.849640
vt 0.065652 0.842439
vt 0.068790 0.835481
vt 0.071887 0.835444
vt 0.068741 0.828716
vt 0.071769 0.828684
vt 0.075166 0.828613
vt 0.075357 0.835353
vt 0.079512 0.835175
vt 0.079238 0.828475
vt 0.084045 0.828244
vt 0.084407 0.834880
vt 0.089995 0.834445
vt 0.089549 0.827903
vt 0.095556 0.827457
vt 0.096076 0.833878
vt 0.102392 0.833204
vt 0.101820 0.826926
vt 0.108019 0.826355
vt 0.108619 0.832480
vt 0.114441 0.831770
vt 0.113836 0.825796
vt 0.119054 0.825291
vt 0.119646 0.831124
vt 0.119646 0.831124
vt 0.124139 0.830576
vt 0.119054 0.825291
vt 0.123566 0.824869
vt 0.127595 0.824525
vt 0.128211 0.830091
vt 0.009292 0.830951
vt 0.013371 0.831377
vt 0.009827 0.825376
vt 0.013861 0.825661
vt 0.018379 0.826018
vt 0.017872 0.831859
vt 0.017872 0.831859
vt 0.023086 0.832429
vt 0.018379 0.826018
vt 0.023604 0.826447
vt 0.029430 0.826922
vt 0.028918 0.833055
vt 0.035156 0.833689
vt 0.035637 0.827403
vt 0.041909 0.827844
vt 0.041481 0.834272
vt 0.047570 0.834751
vt 0.047923 0.828203
vt 0.053431 0.828465
vt 0.053165 0.835106
vt 0.058064 0.835330
vt 0.058241 0.828627
vt 0.062314 0.828706
vt 0.062221 0.835448
vt 0.065692 0.835489
vt 0.065712 0.828728
vt 0.068693 0.822089
vt 0.071670 0.822062
vt 0.068646 0.815566
vt 0.071585 0.815542
vt 0.074886 0.815498
vt 0.075012 0.822006
vt 0.079021 0.821897
vt 0.078849 0.815412
vt 0.083542 0.815270
vt 0.083762 0.821716
vt 0.089201 0.821449
vt 0.088934 0.815062
vt 0.094848 0.814793
vt 0.095153 0.821101
vt 0.101379 0.820687
vt 0.101048 0.814476
vt 0.107218 0.814142
vt 0.107559 0.820245
vt 0.113377 0.819815
vt 0.113044 0.813821
vt 0.118296 0.813543
vt 0.118610 0.819432
vt 0.118610 0.819431
vt 0.123151 0.819117
vt 0.122861 0.813325
vt 0.126972 0.813173
vt 0.127284 0.818849
vt 0.010056 0.819695
vt 0.014192 0.819903
vt 0.010285 0.814014
vt 0.014398 0.814106
vt 0.018967 0.814258
vt 0.018738 0.820152
vt 0.023976 0.820459
vt 0.018967 0.814258
vt 0.024223 0.814460
vt 0.030054 0.814696
vt 0.029801 0.820805
vt 0.035988 0.821158
vt 0.036230 0.814942
vt 0.042435 0.815169
vt 0.042220 0.821482
vt 0.048177 0.821744
vt 0.048352 0.815354
vt 0.053747 0.815484
vt 0.053620 0.821934
vt 0.058363 0.822046
vt 0.058442 0.815559
vt 0.062407 0.815588
vt 0.062374 0.822097
vt 0.065716 0.822105
vt 0.065707 0.815585
vt 0.068600 0.809117
vt 0.071512 0.809096
vt 0.068554 0.802720
vt 0.071448 0.802701
vt 0.074699 0.802673
vt 0.074783 0.809060
vt 0.078714 0.808993
vt 0.078608 0.802621
vt 0.083245 0.802536
vt 0.083372 0.808883
vt 0.088732 0.808722
vt 0.088585 0.802414
vt 0.094461 0.802263
vt 0.094621 0.808518
vt 0.100808 0.808282
vt 0.100645 0.802094
vt 0.106825 0.801925
vt 0.106979 0.808037
vt 0.112818 0.807810
vt 0.112684 0.801776
vt 0.117988 0.801664
vt 0.118094 0.807621
vt 0.118094 0.807621
vt 0.122692 0.807484
vt 0.122617 0.801598
vt 0.126813 0.801591
vt 0.126893 0.807382
vt 0.010280 0.808221
vt 0.014482 0.808262
vt 0.010275 0.802428
vt 0.014472 0.802374
vt 0.019103 0.802372
vt 0.019083 0.808333
vt 0.019083 0.808333
vt 0.024362 0.808445
vt 0.024409 0.802408
vt 0.030272 0.802472
vt 0.030205 0.808588
vt 0.036380 0.808743
vt 0.036454 0.802552
vt 0.042641 0.802633
vt 0.042571 0.808891
vt 0.048463 0.809011
vt 0.048520 0.802700
vt 0.053862 0.802745
vt 0.053825 0.809094
vt 0.058486 0.809138
vt 0.058500 0.802764
vt 0.062410 0.802761
vt 0.062417 0.809149
vt 0.065688 0.809138
vt 0.065661 0.802742
vt 0.068509 0.796356
vt 0.071391 0.796339
vt 0.068464 0.790012
vt 0.071340 0.789997
vt 0.074574 0.789980
vt 0.074630 0.796317
vt 0.078526 0.796277
vt 0.078464 0.789949
vt 0.083086 0.789902
vt 0.083151 0.796213
vt 0.088483 0.796124
vt 0.088418 0.789839
vt 0.094297 0.789768
vt 0.094356 0.796017
vt 0.100547 0.795902
vt 0.100502 0.789699
vt 0.106720 0.789645
vt 0.106742 0.795796
vt 0.112627 0.795714
vt 0.112636 0.789618
vt 0.118008 0.789625
vt 0.117963 0.795666
vt 0.122630 0.795658
vt 0.118008 0.789625
vt 0.122711 0.789669
vt 0.126998 0.789767
vt 0.126906 0.795679
vt 0.010097 0.796516
vt 0.014372 0.796433
vt 0.009918 0.790604
vt 0.014204 0.790443
vt 0.018909 0.790331
vt 0.019041 0.796373
vt 0.024379 0.796344
vt 0.018909 0.790331
vt 0.024282 0.790247
vt 0.030200 0.790189
vt 0.030266 0.796342
vt 0.036464 0.796359
vt 0.036420 0.790154
vt 0.042627 0.790134
vt 0.042657 0.796384
vt 0.048532 0.796408
vt 0.048508 0.790122
vt 0.053841 0.790109
vt 0.053866 0.796421
vt 0.058492 0.796419
vt 0.058463 0.790091
vt 0.062354 0.790066
vt 0.062388 0.796404
vt 0.065627 0.796380
vt 0.065588 0.790037
vt 0.068419 0.783675
vt 0.071295 0.783661
vt 0.068375 0.777336
vt 0.071253 0.777323
vt 0.074490 0.777313
vt 0.074528 0.783648
vt 0.078419 0.783626
vt 0.078387 0.777297
vt 0.083020 0.777275
vt 0.083043 0.783592
vt 0.088383 0.783550
vt 0.088373 0.777250
vt 0.094284 0.777232
vt 0.094275 0.783508
vt 0.100501 0.783477
vt 0.100537 0.777231
vt 0.106818 0.777255
vt 0.106748 0.783467
vt 0.112699 0.783485
vt 0.112808 0.777311
vt 0.118261 0.777398
vt 0.118110 0.783536
vt 0.118110 0.783537
vt 0.122856 0.783621
vt 0.118261 0.777398
vt 0.123048 0.777519
vt 0.127428 0.777691
vt 0.127213 0.783729
vt 0.009615 0.784567
vt 0.013972 0.784395
vt 0.009311 0.778529
vt 0.013691 0.778293
vt 0.018479 0.778104
vt 0.018718 0.784242
vt 0.018718 0.784242
vt 0.024130 0.784113
vt 0.018479 0.778104
vt 0.023933 0.777938
vt 0.029925 0.777797
vt 0.030083 0.784009
vt 0.036332 0.783931
vt 0.036207 0.777683
vt 0.042462 0.777596
vt 0.042560 0.783874
vt 0.048454 0.783832
vt 0.048375 0.777531
vt 0.053729 0.777480
vt 0.053794 0.783798
vt 0.058419 0.783766
vt 0.058362 0.777437
vt 0.062259 0.777398
vt 0.062311 0.783733
vt 0.065544 0.783701
vt 0.065496 0.777363
vt 0.068331 0.770987
vt 0.071215 0.770974
vt 0.068286 0.764622
vt 0.071180 0.764610
vt 0.074434 0.764604
vt 0.074459 0.770967
vt 0.078366 0.770956
vt 0.078353 0.764597
vt 0.083016 0.764591
vt 0.083012 0.770943
vt 0.088382 0.770931
vt 0.088408 0.764590
vt 0.094372 0.764604
vt 0.094319 0.770932
vt 0.100602 0.770955
vt 0.100691 0.764645
vt 0.107049 0.764717
vt 0.106920 0.771006
vt 0.112953 0.771091
vt 0.113127 0.764824
vt 0.118671 0.764963
vt 0.118451 0.771208
vt 0.118451 0.771208
vt 0.123282 0.771353
vt 0.118671 0.764963
vt 0.123548 0.765131
vt 0.128026 0.765350
vt 0.127727 0.771521
vt 0.008923 0.772360
vt 0.013367 0.772128
vt 0.008534 0.766191
vt 0.013012 0.765905
vt 0.017890 0.765667
vt 0.018200 0.771913
vt 0.018200 0.771913
vt 0.023699 0.771717
vt 0.017890 0.765667
vt 0.023436 0.765449
vt 0.029516 0.765256
vt 0.029733 0.771547
vt 0.036053 0.771406
vt 0.035876 0.765094
vt 0.042197 0.764965
vt 0.042339 0.771294
vt 0.048277 0.771211
vt 0.048163 0.764868
vt 0.053556 0.764794
vt 0.053648 0.771147
vt 0.058295 0.771096
vt 0.058220 0.764737
vt 0.062139 0.764689
vt 0.062202 0.771052
vt 0.065446 0.771014
vt 0.065393 0.764650
vt 0.068243 0.758236
vt 0.071146 0.758224
vt 0.068199 0.751827
vt 0.071114 0.751815
vt 0.074393 0.751812
vt 0.074412 0.758220
vt 0.078346 0.758217
vt 0.078344 0.751810
vt 0.083047 0.751811
vt 0.083028 0.758215
vt 0.088445 0.758221
vt 0.088490 0.751822
vt 0.094518 0.751852
vt 0.094440 0.758245
vt 0.100796 0.758298
vt 0.100913 0.751912
vt 0.107359 0.752007
vt 0.107198 0.758385
vt 0.113322 0.758507
vt 0.113532 0.752139
vt 0.119172 0.752302
vt 0.118914 0.758661
vt 0.118914 0.758661
vt 0.123838 0.758842
vt 0.119172 0.752302
vt 0.124144 0.752493
vt 0.128723 0.752736
vt 0.128375 0.759043
vt 0.008093 0.759883
vt 0.012631 0.759616
vt 0.007652 0.753575
vt 0.012233 0.753265
vt 0.017208 0.753002
vt 0.017557 0.759364
vt 0.017557 0.759364
vt 0.023151 0.759130
vt 0.017208 0.753002
vt 0.022852 0.752759
vt 0.029028 0.752542
vt 0.029278 0.758922
vt 0.035682 0.758746
vt 0.035477 0.752358
vt 0.041875 0.752210
vt 0.042041 0.758605
vt 0.048037 0.758498
vt 0.047905 0.752097
vt 0.053349 0.752013
vt 0.053456 0.758417
vt 0.058139 0.758355
vt 0.058054 0.751948
vt 0.062005 0.751897
vt 0.062073 0.758305
vt 0.065339 0.758264
vt 0.065284 0.751855
vt 0.068156 0.745391
vt 0.071082 0.745380
vt 0.068112 0.738929
vt 0.071051 0.738918
vt 0.074358 0.738915
vt 0.074375 0.745377
vt 0.078344 0.745376
vt 0.078344 0.738914
vt 0.083092 0.738916
vt 0.083069 0.745379
vt 0.088540 0.745391
vt 0.088590 0.738928
vt 0.094685 0.738959
vt 0.094601 0.745423
vt 0.101036 0.745486
vt 0.101160 0.739020
vt 0.107696 0.739115
vt 0.107527 0.745584
vt 0.113749 0.745718
vt 0.113966 0.739245
vt 0.119705 0.739407
vt 0.119439 0.745884
vt 0.119439 0.745884
vt 0.124458 0.746075
vt 0.119705 0.739407
vt 0.124773 0.739596
vt 0.129455 0.739839
vt 0.129089 0.746288
vt 0.007191 0.747123
vt 0.011827 0.746843
vt 0.006730 0.740670
vt 0.011419 0.740358
vt 0.016493 0.740097
vt 0.016851 0.746580
vt 0.016851 0.746580
vt 0.022545 0.746335
vt 0.016493 0.740097
vt 0.022239 0.739857
vt 0.028514 0.739643
vt 0.028771 0.746116
vt 0.035266 0.745930
vt 0.035055 0.739460
vt 0.041533 0.739313
vt 0.041704 0.745780
vt 0.047768 0.745665
vt 0.047631 0.739200
vt 0.053131 0.739115
vt 0.053240 0.745579
vt 0.057967 0.745513
vt 0.057879 0.739050
vt 0.061866 0.738999
vt 0.061936 0.745461
vt 0.065229 0.745419
vt 0.065173 0.738957
vt 0.068069 0.732440
vt 0.071020 0.732428
vt 0.068026 0.725925
vt 0.070989 0.725913
vt 0.074323 0.725910
vt 0.074341 0.732426
vt 0.078344 0.732424
vt 0.078342 0.725906
vt 0.083131 0.725904
vt 0.083113 0.732424
vt 0.088639 0.732433
vt 0.088682 0.725908
vt 0.094840 0.725928
vt 0.094766 0.732460
vt 0.101280 0.732515
vt 0.101390 0.725972
vt 0.108012 0.726044
vt 0.107860 0.732601
vt 0.114177 0.732721
vt 0.114375 0.726147
vt 0.120209 0.726279
vt 0.119965 0.732871
vt 0.125079 0.733048
vt 0.120209 0.726279
vt 0.125369 0.726440
vt 0.130155 0.726654
vt 0.129805 0.733247
vt 0.006283 0.734066
vt 0.011020 0.733801
vt 0.005836 0.727462
vt 0.010639 0.727178
vt 0.015814 0.726949
vt 0.016144 0.733553
vt 0.016144 0.733553
vt 0.021940 0.733326
vt 0.015814 0.726949
vt 0.021658 0.726743
vt 0.028028 0.726560
vt 0.028264 0.733123
vt 0.034849 0.732951
vt 0.034654 0.726404
vt 0.041207 0.726276
vt 0.041366 0.732811
vt 0.047496 0.732704
vt 0.047368 0.726177
vt 0.052920 0.726101
vt 0.053023 0.732622
vt 0.057793 0.732559
vt 0.057710 0.726041
vt 0.061730 0.725992
vt 0.061797 0.732509
vt 0.065118 0.732468
vt 0.065064 0.725952
vt 0.067984 0.719386
vt 0.070956 0.719374
vt 0.067941 0.712828
vt 0.070922 0.712815
vt 0.074277 0.712807
vt 0.074302 0.719370
vt 0.078336 0.719363
vt 0.078324 0.712798
vt 0.083149 0.712786
vt 0.083144 0.719357
vt 0.088718 0.719355
vt 0.088744 0.712777
vt 0.094954 0.712775
vt 0.094904 0.719365
vt 0.101487 0.719395
vt 0.101565 0.712789
vt 0.108257 0.712820
vt 0.108146 0.719449
vt 0.114550 0.719528
vt 0.114697 0.712870
vt 0.120611 0.712942
vt 0.120427 0.719634
vt 0.120427 0.719634
vt 0.125630 0.719765
vt 0.125852 0.713038
vt 0.130736 0.713181
vt 0.130446 0.719918
vt 0.005447 0.720696
vt 0.010291 0.720484
vt 0.005057 0.713929
vt 0.009997 0.713738
vt 0.015257 0.713584
vt 0.015514 0.720289
vt 0.021402 0.720113
vt 0.015257 0.713584
vt 0.021179 0.713446
vt 0.027623 0.713322
vt 0.027812 0.719957
vt 0.034475 0.719822
vt 0.034316 0.713212
vt 0.040928 0.713118
vt 0.041060 0.719710
vt 0.047248 0.719622
vt 0.047139 0.713042
vt 0.052734 0.712980
vt 0.052823 0.719553
vt 0.057632 0.719497
vt 0.057559 0.712931
vt 0.061606 0.712889
vt 0.061666 0.719451
vt 0.065011 0.719413
vt 0.064961 0.712854
vt 0.067899 0.706256
vt 0.070885 0.706241
vt 0.074247 0.706228
vt 0.078305 0.706212
vt 0.083144 0.706194
vt 0.088755 0.706177
vt 0.094985 0.706164
vt 0.101617 0.706160
vt 0.108333 0.706166
vt 0.114800 0.706183
vt 0.120743 0.706214
vt 0.120743 0.706214
vt 0.126011 0.706257
vt 0.130901 0.706311
vt 0.004910 0.707058
vt 0.009795 0.706952
vt 0.015061 0.706851
vt 0.015061 0.706851
vt 0.021002 0.706756
vt 0.027468 0.706666
vt 0.034183 0.706582
vt 0.040815 0.706507
vt 0.047044 0.706442
vt 0.052655 0.706389
vt 0.057493 0.706345
vt 0.061551 0.706309
vt 0.064914 0.706279
s 1
usemtl Material.001
f 93/1/1 964/2/2 2883/3/3 963/4/4
f 964/2/2 94/5/5 965/6/6 2883/3/3
f 2883/3/3 965/6/6 101/7/7 966/8/8
f 963/4/4 2883/3/3 966/8/8 100/9/9
f 94/5/10 967/10/11 2884/11/12 965/6/13
f 967/10/11 95/12/14 968/13/15 2884/11/12
f 2884/11/12 968/13/15 102/14/16 969/15/17
f 965/6/13 2884/11/12 969/15/17 101/7/18
f 95/16/19 970/17/20 2885/18/21 968/19/22
f 970/17/20 96/20/23 971/21/24 2885/18/21
f 2885/18/21 971/21/24 103/22/25 972/23/26
f 968/19/22 2885/18/21 972/23/26 102/24/27
f 96/25/28 973/26/29 2886/27/30 971/28/31
f 973/26/29 97/29/32 974/30/33 2886/27/30
f 2886/27/30 974/30/33 104/31/34 975/32/35
f 971/28/31 2886/27/30 975/32/35 103/33/36
f 97/34/37 976/35/38 2887/36/39 974/37/40
f 976/35/38 98/38/41 977/39/42 2887/36/39
f 2887/36/39 977/39/42 105/40/43 978/41/44
f 974/37/40 2887/36/39 978/41/44 104/42/45
f 98/38/46 979/43/47 2888/44/48 977/39/49
f 979/43/47 99/45/50 980/46/51 2888/44/48
f 2888/44/48 980/46/51 106/47/52 981/48/53
f 977/39/49 2888/44/48 981/48/53 105/40/54
f 100/9/55 966/8/56 2889/49/57 982/50/58
f 966/8/56 101/7/59 983/51/60 2889/49/57
f 2889/49/57 983/51/60 108/52/61 984/53/62
f 982/50/58 2889/49/57 984/53/62 107/54/63
f 101/7/64 969/15/65 2890/55/66 983/51/67
f 969/15/65 102/14/68 985/56/69 2890/55/66
f 2890/55/66 985/56/69 109/57/70 986/58/71
f 983/51/67 2890/55/66 986/58/71 108/52/72
f 102/24/73 972/23/74 2891/59/75 985/60/76
f 972/23/74 103/22/77 987/61/78 2891/59/75
f 2891/59/75 987/61/78 110/62/79 988/63/80
f 985/60/76 2891/59/75 988/63/80 109/64/81
f 103/33/82 975/32/83 2892/65/84 987/66/85
f 975/32/83 104/31/86 989/67/87 2892/65/84
f 2892/65/84 989/67/87 111/68/88 990/69/89
f 987/66/85 2892/65/84 990/69/89 110/70/90
f 104/42/91 978/41/92 2893/71/93 989/72/94
f 978/41/92 105/40/95 991/73/96 2893/71/93
f 2893/71/93 991/73/96 112/74/97 992/75/98
f 989/72/94 2893/71/93 992/75/98 111/76/99
f 105/40/100 981/48/101 2894/77/102 991/73/103
f 981/48/101 106/47/104 993/78/105 2894/77/102
f 2894/77/102 993/78/105 113/79/106 994/80/107
f 991/73/103 2894/77/102 994/80/107 112/74/108
f 107/54/109 984/53/110 2895/81/111 995/82/112
f 984/53/110 108/52/113 996/83/114 2895/81/111
f 2895/81/111 996/83/114 115/84/115 997/85/116
f 995/82/112 2895/81/111 997/85/116 114/86/117
f 108/52/118 986/58/119 2896/87/120 996/83/121
f 986/58/119 109/57/122 998/88/123 2896/87/120
f 2896/87/120 998/88/123 116/89/124 999/90/125
f 996/83/121 2896/87/120 999/90/125 115/84/126
f 109/64/127 988/63/128 2897/91/129 998/92/130
f 988/63/128 110/62/131 1000/93/132 2897/91/129
f 2897/91/129 1000/93/132 117/94/133 1001/95/134
f 998/92/130 2897/91/129 1001/95/134 116/96/135
f 110/70/136 990/69/137 2898/97/138 1000/98/139
f 990/69/137 111/68/140 1002/99/141 2898/97/138
f 2898/97/138 1002/99/141 118/100/142 1003/101/143
f 1000/98/139 2898/97/138 1003/101/143 117/102/144
f 111/76/145 992/75/146 2899/103/147 1002/104/148
f 992/75/146 112/74/149 1004/105/150 2899/103/147
f 2899/103/147 1004/105/150 119/106/151 1005/107/152
f 1002/104/148 2899/103/147 1005/107/152 118/108/153
f 112/74/154 994/80/155 2900/109/156 1004/105/157
f 994/80/155 113/79/158 1006/110/159 2900/109/156
f 2900/109/156 1006/110/159 120/111/160 1007/112/161
f 1004/105/157 2900/109/156 1007/112/161 119/106/162
f 114/86/163 997/85/164 2901/113/165 1008/114/166
f 997/85/164 115/84/167 1009/115/168 2901/113/165
f 2901/113/165 1009/115/168 122/116/169 1010/117/170
f 1008/114/166 2901/113/165 1010/117/170 121/118/171
f 115/84/172 999/90/173 2902/119/174 1009/115/175
f 999/90/173 116/89/176 1011/120/177 2902/119/174
f 2902/119/174 1011/120/177 123/121/178 1012/122/179
f 1009/115/175 2902/119/174 1012/122/179 122/116/180
f 116/96/181 1001/95/182 2903/123/183 1011/124/184
f 1001/95/182 117/94/185 1013/125/186 2903/123/183
f 2903/123/183 1013/125/186 124/126/187 1014/127/188
f 1011/124/184 2903/123/183 1014/127/188 123/128/189
f 117/102/190 1003/101/191 2904/129/192 1013/130/193
f 1003/101/191 118/100/194 1015/131/195 2904/129/192
f 2904/129/192 1015/131/195 125/132/196 1016/133/197
f 1013/130/193 2904/129/192 1016/133/197 124/134/198
f 118/108/199 1005/107/200 2905/135/201 1015/136/202
f 1005/107/200 119/106/203 1017/137/204 2905/135/201
f 2905/135/201 1017/137/204 126/138/205 1018/139/206
f 1015/136/202 2905/135/201 1018/139/206 125/140/207
f 119/106/208 1007/112/209 2906/141/210 1017/137/211
f 1007/112/209 120/111/212 1019/142/213 2906/141/210
f 2906/141/210 1019/142/213 127/143/214 1020/144/215
f 1017/137/211 2906/141/210 1020/144/215 126/138/216
f 121/118/217 1010/117/218 2907/145/219 1021/146/220
f 1010/117/218 122/116/221 1022/147/222 2907/145/219
f 2907/145/219 1022/147/222 129/148/223 1023/149/224
f 1021/146/220 2907/145/219 1023/149/224 128/150/225
f 122/116/226 1012/122/227 2908/151/228 1022/147/229
f 1012/122/227 123/121/230 1024/152/231 2908/151/228
f 2908/151/228 1024/152/231 130/153/232 1025/154/233
f 1022/147/229 2908/151/228 1025/154/233 129/148/234
f 123/128/235 1014/127/236 2909/155/237 1024/156/238
f 1014/127/236 124/126/239 1026/157/240 2909/155/237
f 2909/155/237 1026/157/240 131/158/241 1027/159/242
f 1024/156/238 2909/155/237 1027/159/242 130/160/243
f 124/134/244 1016/133/245 2910/161/246 1026/162/247
f 1016/133/245 125/132/248 1028/163/249 2910/161/246
f 2910/161/246 1028/163/249 132/164/250 1029/165/251
f 1026/162/247 2910/161/246 1029/165/251 131/166/252
f 125/140/253 1018/139/254 2911/167/255 1028/168/256
f 1018/139/254 126/138/257 1030/169/258 2911/167/255
f 2911/167/255 1030/169/258 133/170/259 1031/171/260
f 1028/168/256 2911/167/255 1031/171/260 132/172/261
f 126/138/262 1020/144/263 2912/173/264 1030/169/265
f 1020/144/263 127/143/266 1032/174/267 2912/173/264
f 2912/173/264 1032/174/267 134/175/268 1033/176/269
f 1030/169/265 2912/173/264 1033/176/269 133/170/270
f 128/150/271 1023/149/272 2913/177/273 1034/178/274
f 1023/149/272 129/148/275 1035/179/276 2913/177/273
f 2913/177/273 1035/179/276 136/180/277 1036/181/278
f 1034/178/274 2913/177/273 1036/181/278 135/182/279
f 129/148/280 1025/154/281 2914/183/282 1035/179/283
f 1025/154/281 130/153/284 1037/184/285 2914/183/282
f 2914/183/282 1037/184/285 137/185/286 1038/186/287
f 1035/179/283 2914/183/282 1038/186/287 136/180/288
f 130/160/289 1027/159/290 2915/187/291 1037/188/292
f 1027/159/290 131/158/293 1039/189/294 2915/187/291
f 2915/187/291 1039/189/294 138/190/295 1040/191/296
f 1037/188/292 2915/187/291 1040/191/296 137/192/297
f 131/166/298 1029/165/299 2916/193/300 1039/194/301
f 1029/165/299 132/164/302 1041/195/303 2916/193/300
f 2916/193/300 1041/195/303 139/196/304 1042/197/305
f 1039/194/301 2916/193/300 1042/197/305 138/198/306
f 132/172/307 1031/171/308 2917/199/309 1041/200/310
f 1031/171/308 133/170/311 1043/201/312 2917/199/309
f 2917/199/309 1043/201/312 140/202/313 1044/203/314
f 1041/200/310 2917/199/309 1044/203/314 139/204/315
f 133/170/316 1033/176/317 2918/205/318 1043/201/319
f 1033/176/317 134/175/320 1045/206/321 2918/205/318
f 2918/205/318 1045/206/321 141/207/322 1046/208/323
f 1043/201/319 2918/205/318 1046/208/323 140/202/324
f 1/209/325 1048/210/326 2919/211/327 1047/212/328
f 1048/210/326 85/213/329 1049/214/330 2919/211/327
f 2919/211/327 1049/214/330 93/215/331 1050/216/332
f 1047/212/328 2919/211/327 1050/216/332 58/217/333
f 85/218/334 1051/219/335 2920/220/336 1049/221/337
f 1051/219/335 84/222/338 1052/223/339 2920/220/336
f 2920/220/336 1052/223/339 94/5/340 964/2/341
f 1049/221/337 2920/220/336 964/2/341 93/1/342
f 84/222/343 1053/224/344 2921/225/345 1052/223/346
f 1053/224/344 83/226/347 1054/227/348 2921/225/345
f 2921/225/345 1054/227/348 95/12/349 967/10/350
f 1052/223/346 2921/225/345 967/10/350 94/5/351
f 83/228/352 1055/229/353 2922/230/354 1054/231/355
f 1055/229/353 82/232/356 1056/233/357 2922/230/354
f 2922/230/354 1056/233/357 96/20/358 970/17/359
f 1054/231/355 2922/230/354 970/17/359 95/16/360
f 82/234/361 1057/235/362 2923/236/363 1056/237/364
f 1057/235/362 81/238/365 1058/239/366 2923/236/363
f 2923/236/363 1058/239/366 97/29/367 973/26/368
f 1056/237/364 2923/236/363 973/26/368 96/25/369
f 81/240/370 1059/241/371 2924/242/372 1058/239/373
f 1059/241/371 80/243/374 1060/244/375 2924/242/372
f 2924/242/372 1060/244/375 98/38/376 976/35/377
f 1058/239/373 2924/242/372 976/35/377 97/34/378
f 80/243/379 1061/245/380 2925/246/381 1060/244/382
f 1061/245/380 79/247/383 1062/248/384 2925/246/381
f 2925/246/381 1062/248/384 99/45/385 979/43/386
f 1060/244/382 2925/246/381 979/43/386 98/38/387
f 79/247/388 1063/249/389 2926/250/390 1062/251/391
f 1063/249/389 5/252/392 1064/253/393 2926/250/390
f 2926/250/390 1064/253/393 78/254/394 1065/255/395
f 1062/251/391 2926/250/390 1065/255/395 99/256/396
f 99/45/397 1065/255/398 2927/257/399 980/46/400
f 1065/255/398 78/258/401 1066/259/402 2927/257/399
f 2927/257/399 1066/259/402 77/260/403 1067/261/404
f 980/46/400 2927/257/399 1067/261/404 106/47/405
f 106/47/406 1067/261/407 2928/262/408 993/78/409
f 1067/261/407 77/260/410 1068/263/411 2928/262/408
f 2928/262/408 1068/263/411 76/264/412 1069/265/413
f 993/78/409 2928/262/408 1069/265/413 113/79/414
f 113/79/415 1069/265/416 2929/266/417 1006/110/418
f 1069/265/416 76/264/419 1070/267/420 2929/266/417
f 2929/266/417 1070/267/420 75/268/421 1071/269/422
f 1006/110/418 2929/266/417 1071/269/422 120/111/423
f 120/111/424 1071/269/425 2930/270/426 1019/142/427
f 1071/269/425 75/268/428 1072/271/429 2930/270/426
f 2930/270/426 1072/271/429 74/272/430 1073/273/431
f 1019/142/427 2930/270/426 1073/273/431 127/143/432
f 127/143/433 1073/273/434 2931/274/435 1032/174/436
f 1073/273/434 74/272/437 1074/275/438 2931/274/435
f 2931/274/435 1074/275/438 73/276/439 1075/277/440
f 1032/174/436 2931/274/435 1075/277/440 134/175/441
f 134/175/442 1075/277/443 2932/278/444 1045/206/445
f 1075/277/443 73/276/446 1076/279/447 2932/278/444
f 2932/278/444 1076/279/447 72/280/448 1077/281/449
f 1045/206/445 2932/278/444 1077/281/449 141/207/450
f 141/282/451 1077/283/452 2933/284/453 1078/285/454
f 1077/283/452 72/286/455 1079/287/456 2933/284/453
f 2933/284/453 1079/287/456 7/288/457 1080/289/458
f 1078/285/454 2933/284/453 1080/289/458 57/290/459
f 140/202/460 1046/208/461 2934/291/462 1081/292/463
f 1046/208/461 141/207/464 1078/293/465 2934/291/462
f 2934/291/462 1078/293/465 57/294/466 1082/295/467
f 1081/292/463 2934/291/462 1082/295/467 56/296/468
f 139/204/469 1044/203/470 2935/297/471 1083/298/472
f 1044/203/470 140/202/473 1081/292/474 2935/297/471
f 2935/297/471 1081/292/474 56/296/475 1084/299/476
f 1083/298/472 2935/297/471 1084/299/476 55/300/477
f 138/198/478 1042/197/479 2936/301/480 1085/302/481
f 1042/197/479 139/196/482 1083/303/483 2936/301/480
f 2936/301/480 1083/303/483 55/304/484 1086/305/485
f 1085/302/481 2936/301/480 1086/305/485 54/306/486
f 137/192/487 1040/191/488 2937/307/489 1087/308/490
f 1040/191/488 138/190/491 1085/309/492 2937/307/489
f 2937/307/489 1085/309/492 54/310/493 1088/311/494
f 1087/308/490 2937/307/489 1088/311/494 53/312/495
f 136/180/496 1038/186/497 2938/313/498 1089/314/499
f 1038/186/497 137/185/500 1087/315/501 2938/313/498
f 2938/313/498 1087/315/501 53/316/502 1090/317/503
f 1089/314/499 2938/313/498 1090/317/503 52/318/504
f 135/182/505 1036/181/506 2939/319/507 1091/320/508
f 1036/181/506 136/180/509 1089/314/510 2939/319/507
f 2939/319/507 1089/314/510 52/318/511 1092/321/512
f 1091/320/508 2939/319/507 1092/321/512 51/322/513
f 64/323/514 1094/324/515 2940/325/516 1093/326/517
f 1094/324/515 135/327/518 1091/328/519 2940/325/516
f 2940/325/516 1091/328/519 51/322/520 1095/329/521
f 1093/326/517 2940/325/516 1095/329/521 3/330/522
f 63/331/523 1097/332/524 2941/333/525 1096/334/526
f 1097/332/524 128/150/527 1034/178/528 2941/333/525
f 2941/333/525 1034/178/528 135/182/529 1094/335/530
f 1096/334/526 2941/333/525 1094/335/530 64/336/531
f 62/337/532 1099/338/533 2942/339/534 1098/340/535
f 1099/338/533 121/118/536 1021/146/537 2942/339/534
f 2942/339/534 1021/146/537 128/150/538 1097/332/539
f 1098/340/535 2942/339/534 1097/332/539 63/331/540
f 61/341/541 1101/342/542 2943/343/543 1100/344/544
f 1101/342/542 114/86/545 1008/114/546 2943/343/543
f 2943/343/543 1008/114/546 121/118/547 1099/338/548
f 1100/344/544 2943/343/543 1099/338/548 62/337/549
f 60/345/550 1103/346/551 2944/347/552 1102/348/553
f 1103/346/551 107/54/554 995/82/555 2944/347/552
f 2944/347/552 995/82/555 114/86/556 1101/342/557
f 1102/348/553 2944/347/552 1101/342/557 61/341/558
f 59/349/559 1105/350/560 2945/351/561 1104/352/562
f 1105/350/560 100/9/563 982/50/564 2945/351/561
f 2945/351/561 982/50/564 107/54/565 1103/346/566
f 1104/352/562 2945/351/561 1103/346/566 60/345/567
f 58/353/568 1050/216/569 2946/354/570 1106/355/571
f 1050/216/569 93/1/572 963/4/573 2946/354/570
f 2946/354/570 963/4/573 100/9/574 1105/350/575
f 1106/355/571 2946/354/570 1105/350/575 59/349/576
f 142/356/577 1108/357/578 2947/358/579 1107/359/580
f 1108/357/578 143/360/581 1109/361/582 2947/358/579
f 2947/358/579 1109/361/582 150/362/583 1110/363/584
f 1107/359/580 2947/358/579 1110/363/584 149/364/585
f 143/360/586 1111/365/587 2948/366/588 1109/361/589
f 1111/365/587 144/367/590 1112/368/591 2948/366/588
f 2948/366/588 1112/368/591 151/369/592 1113/370/593
f 1109/361/589 2948/366/588 1113/370/593 150/362/594
f 144/367/595 1114/371/596 2949/372/597 1112/368/598
f 1114/371/596 145/373/599 1115/374/600 2949/372/597
f 2949/372/597 1115/374/600 152/375/601 1116/376/602
f 1112/368/598 2949/372/597 1116/376/602 151/369/603
f 145/373/604 1117/377/605 2950/378/606 1115/374/607
f 1117/377/605 146/379/608 1118/380/609 2950/378/606
f 2950/378/606 1118/380/609 153/381/610 1119/382/611
f 1115/374/607 2950/378/606 1119/382/611 152/375/612
f 146/379/613 1120/383/614 2951/384/615 1118/380/616
f 1120/383/614 147/385/617 1121/386/618 2951/384/615
f 2951/384/615 1121/386/618 154/387/619 1122/388/620
f 1118/380/616 2951/384/615 1122/388/620 153/381/621
f 147/385/622 1123/389/623 2952/390/624 1121/386/625
f 1123/389/623 148/391/626 1124/392/627 2952/390/624
f 2952/390/624 1124/392/627 155/393/628 1125/394/629
f 1121/386/625 2952/390/624 1125/394/629 154/387/630
f 149/364/631 1110/363/632 2953/395/633 1126/396/634
f 1110/363/632 150/362/635 1127/397/636 2953/395/633
f 2953/395/633 1127/397/636 157/398/637 1128/399/638
f 1126/396/634 2953/395/633 1128/399/638 156/400/639
f 150/362/640 1113/370/641 2954/401/642 1127/397/643
f 1113/370/641 151/369/644 1129/402/645 2954/401/642
f 2954/401/642 1129/402/645 158/403/646 1130/404/647
f 1127/397/643 2954/401/642 1130/404/647 157/398/648
f 151/369/649 1116/376/650 2955/405/651 1129/402/652
f 1116/376/650 152/375/653 1131/406/654 2955/405/651
f 2955/405/651 1131/406/654 159/407/655 1132/408/656
f 1129/402/652 2955/405/651 1132/408/656 158/403/657
f 152/375/658 1119/382/659 2956/409/660 1131/406/661
f 1119/382/659 153/381/662 1133/410/663 2956/409/660
f 2956/409/660 1133/410/663 160/411/664 1134/412/665
f 1131/406/661 2956/409/660 1134/412/665 159/407/666
f 153/381/667 1122/388/668 2957/413/669 1133/410/670
f 1122/388/668 154/387/671 1135/414/672 2957/413/669
f 2957/413/669 1135/414/672 161/415/673 1136/416/674
f 1133/410/670 2957/413/669 1136/416/674 160/411/675
f 154/387/676 1125/394/677 2958/417/678 1135/414/679
f 1125/394/677 155/393/680 1137/418/681 2958/417/678
f 2958/417/678 1137/418/681 162/419/682 1138/420/683
f 1135/414/679 2958/417/678 1138/420/683 161/415/684
f 156/421/685 1128/422/686 2959/423/687 1139/424/688
f 1128/422/686 157/425/689 1140/426/690 2959/423/687
f 2959/423/687 1140/426/690 164/427/691 1141/428/692
f 1139/424/688 2959/423/687 1141/428/692 163/429/693
f 157/425/694 1130/430/695 2960/431/696 1140/426/697
f 1130/430/695 158/432/698 1142/433/699 2960/431/696
f 2960/431/696 1142/433/699 165/434/700 1143/435/701
f 1140/426/697 2960/431/696 1143/435/701 164/427/702
f 158/432/703 1132/436/704 2961/437/705 1142/433/706
f 1132/436/704 159/438/707 1144/439/708 2961/437/705
f 2961/437/705 1144/439/708 166/440/709 1145/441/710
f 1142/433/706 2961/437/705 1145/441/710 165/434/711
f 159/438/712 1134/442/713 2962/443/714 1144/439/715
f 1134/442/713 160/444/716 1146/445/717 2962/443/714
f 2962/443/714 1146/445/717 167/446/718 1147/447/719
f 1144/439/715 2962/443/714 1147/447/719 166/440/720
f 160/444/721 1136/448/722 2963/449/723 1146/445/724
f 1136/448/722 161/415/725 1148/450/726 2963/449/723
f 2963/449/723 1148/450/726 168/451/727 1149/452/728
f 1146/445/724 2963/449/723 1149/452/728 167/446/729
f 161/415/730 1138/453/731 2964/454/732 1148/450/733
f 1138/453/731 162/455/734 1150/456/735 2964/454/732
f 2964/454/732 1150/456/735 169/457/736 1151/458/737
f 1148/450/733 2964/454/732 1151/458/737 168/451/738
f 163/459/739 1141/460/740 2965/461/741 1152/462/742
f 1141/460/740 164/463/743 1153/464/744 2965/461/741
f 2965/461/741 1153/464/744 171/465/745 1154/466/746
f 1152/462/742 2965/461/741 1154/466/746 170/467/747
f 164/463/748 1143/468/749 2966/469/750 1153/464/751
f 1143/468/749 165/470/752 1155/471/753 2966/469/750
f 2966/469/750 1155/471/753 172/472/754 1156/473/755
f 1153/464/751 2966/469/750 1156/473/755 171/465/756
f 165/470/757 1145/474/758 2967/475/759 1155/471/760
f 1145/474/758 166/476/761 1157/477/762 2967/475/759
f 2967/475/759 1157/477/762 173/478/763 1158/479/764
f 1155/471/760 2967/475/759 1158/479/764 172/472/765
f 166/476/766 1147/480/767 2968/481/768 1157/477/769
f 1147/480/767 167/482/770 1159/483/771 2968/481/768
f 2968/481/768 1159/483/771 174/484/772 1160/485/773
f 1157/477/769 2968/481/768 1160/485/773 173/478/774
f 167/482/775 1149/486/776 2969/487/777 1159/483/778
f 1149/486/776 168/488/779 1161/489/780 2969/487/777
f 2969/487/777 1161/489/780 175/490/781 1162/491/782
f 1159/483/778 2969/487/777 1162/491/782 174/484/783
f 168/488/784 1151/492/785 2970/493/786 1161/489/787
f 1151/492/785 169/494/788 1163/495/789 2970/493/786
f 2970/493/786 1163/495/789 176/496/790 1164/497/791
f 1161/489/787 2970/493/786 1164/497/791 175/490/792
f 170/498/793 1154/499/794 2971/500/795 1165/501/796
f 1154/499/794 171/502/797 1166/503/798 2971/500/795
f 2971/500/795 1166/503/798 178/504/799 1167/505/800
f 1165/501/796 2971/500/795 1167/505/800 177/506/801
f 171/502/802 1156/507/803 2972/508/804 1166/503/805
f 1156/507/803 172/509/806 1168/510/807 2972/508/804
f 2972/508/804 1168/510/807 179/511/808 1169/512/809
f 1166/503/805 2972/508/804 1169/512/809 178/504/810
f 172/509/811 1158/513/812 2973/514/813 1168/510/814
f 1158/513/812 173/478/815 1170/515/816 2973/514/813
f 2973/514/813 1170/515/816 180/516/817 1171/517/818
f 1168/510/814 2973/514/813 1171/517/818 179/511/819
f 173/478/820 1160/518/821 2974/519/822 1170/515/823
f 1160/518/821 174/484/824 1172/520/825 2974/519/822
f 2974/519/822 1172/520/825 181/521/826 1173/522/827
f 1170/515/823 2974/519/822 1173/522/827 180/516/828
f 174/484/829 1162/523/830 2975/524/831 1172/520/832
f 1162/523/830 175/525/833 1174/526/834 2975/524/831
f 2975/524/831 1174/526/834 182/527/835 1175/528/836
f 1172/520/832 2975/524/831 1175/528/836 181/521/837
f 175/525/838 1164/497/839 2976/529/840 1174/526/841
f 1164/497/839 176/496/842 1176/530/843 2976/529/840
f 2976/529/840 1176/530/843 183/531/844 1177/532/845
f 1174/526/841 2976/529/840 1177/532/845 182/527/846
f 177/506/847 1167/505/848 2977/533/849 1178/534/850
f 1167/505/848 178/504/851 1179/535/852 2977/533/849
f 2977/533/849 1179/535/852 185/536/853 1180/537/854
f 1178/534/850 2977/533/849 1180/537/854 184/538/855
f 178/504/856 1169/512/857 2978/539/858 1179/535/859
f 1169/512/857 179/511/860 1181/540/861 2978/539/858
f 2978/539/858 1181/540/861 186/541/862 1182/542/863
f 1179/535/859 2978/539/858 1182/542/863 185/536/864
f 179/511/865 1171/517/866 2979/543/867 1181/540/868
f 1171/517/866 180/516/869 1183/544/870 2979/543/867
f 2979/543/867 1183/544/870 187/545/871 1184/546/872
f 1181/540/868 2979/543/867 1184/546/872 186/541/873
f 180/516/874 1173/522/875 2980/547/876 1183/544/877
f 1173/522/875 181/521/878 1185/548/879 2980/547/876
f 2980/547/876 1185/548/879 188/549/880 1186/550/881
f 1183/544/877 2980/547/876 1186/550/881 187/545/882
f 181/521/883 1175/528/884 2981/551/885 1185/548/886
f 1175/528/884 182/527/887 1187/552/888 2981/551/885
f 2981/551/885 1187/552/888 189/553/889 1188/554/890
f 1185/548/886 2981/551/885 1188/554/890 188/549/891
f 182/527/892 1177/532/893 2982/555/894 1187/552/895
f 1177/532/893 183/531/896 1189/556/897 2982/555/894
f 2982/555/894 1189/556/897 190/557/898 1190/558/899
f 1187/552/895 2982/555/894 1190/558/899 189/553/900
f 4/559/901 1192/560/902 2983/561/903 1191/562/904
f 1192/560/902 43/563/905 1193/564/906 2983/561/903
f 2983/561/903 1193/564/906 142/565/907 1194/566/908
f 1191/562/904 2983/561/903 1194/566/908 71/567/909
f 43/568/910 1195/569/911 2984/570/912 1193/571/913
f 1195/569/911 42/572/914 1196/573/915 2984/570/912
f 2984/570/912 1196/573/915 143/360/916 1108/357/917
f 1193/571/913 2984/570/912 1108/357/917 142/356/918
f 42/572/919 1197/574/920 2985/575/921 1196/573/922
f 1197/574/920 41/576/923 1198/577/924 2985/575/921
f 2985/575/921 1198/577/924 144/367/925 1111/365/926
f 1196/573/922 2985/575/921 1111/365/926 143/360/927
f 41/576/928 1199/578/929 2986/579/930 1198/577/931
f 1199/578/929 40/580/932 1200/581/933 2986/579/930
f 2986/579/930 1200/581/933 145/373/934 1114/371/935
f 1198/577/931 2986/579/930 1114/371/935 144/367/936
f 40/580/937 1201/582/938 2987/583/939 1200/581/940
f 1201/582/938 39/584/941 1202/585/942 2987/583/939
f 2987/583/939 1202/585/942 146/379/943 1117/377/944
f 1200/581/940 2987/583/939 1117/377/944 145/373/945
f 39/584/946 1203/586/947 2988/587/948 1202/585/949
f 1203/586/947 38/588/950 1204/589/951 2988/587/948
f 2988/587/948 1204/589/951 147/385/952 1120/383/953
f 1202/585/949 2988/587/948 1120/383/953 146/379/954
f 38/588/955 1205/590/956 2989/591/957 1204/589/958
f 1205/590/956 37/592/959 1206/593/960 2989/591/957
f 2989/591/957 1206/593/960 148/391/961 1123/389/962
f 1204/589/958 2989/591/957 1123/389/962 147/385/963
f 37/594/964 1207/595/965 2990/596/966 1206/597/967
f 1207/595/965 3/330/968 1095/329/969 2990/596/966
f 2990/596/966 1095/329/969 51/322/970 1208/598/971
f 1206/597/967 2990/596/966 1208/598/971 148/599/972
f 148/391/973 1208/600/974 2991/601/975 1124/392/976
f 1208/600/974 51/322/977 1092/602/978 2991/601/975
f 2991/601/975 1092/602/978 52/603/979 1209/604/980
f 1124/392/976 2991/601/975 1209/604/980 155/393/981
f 155/393/982 1209/604/983 2992/605/984 1137/418/985
f 1209/604/983 52/603/986 1090/606/987 2992/605/984
f 2992/605/984 1090/606/987 53/607/988 1210/608/989
f 1137/418/985 2992/605/984 1210/608/989 162/419/990
f 162/455/991 1210/609/992 2993/610/993 1150/456/994
f 1210/609/992 53/611/995 1088/612/996 2993/610/993
f 2993/610/993 1088/612/996 54/310/997 1211/613/998
f 1150/456/994 2993/610/993 1211/613/998 169/457/999
f 169/494/1000 1211/614/1001 2994/615/1002 1163/495/1003
f 1211/614/1001 54/306/1004 1086/616/1005 2994/615/1002
f 2994/615/1002 1086/616/1005 55/617/1006 1212/618/1007
f 1163/495/1003 2994/615/1002 1212/618/1007 176/496/1008
f 176/496/1009 1212/619/1010 2995/620/1011 1176/530/1012
f 1212/619/1010 55/621/1013 1084/622/1014 2995/620/1011
f 2995/620/1011 1084/622/1014 56/623/1015 1213/624/1016
f 1176/530/1012 2995/620/1011 1213/624/1016 183/531/1017
f 183/531/1018 1213/624/1019 2996/625/1020 1189/556/1021
f 1213/624/1019 56/623/1022 1082/626/1023 2996/625/1020
f 2996/625/1020 1082/626/1023 57/627/1024 1214/628/1025
f 1189/556/1021 2996/625/1020 1214/628/1025 190/557/1026
f 190/629/1027 1214/630/1028 2997/631/1029 1215/632/1030
f 1214/630/1028 57/627/1031 1080/633/1032 2997/631/1029
f 2997/631/1029 1080/633/1032 7/288/1033 1216/634/1034
f 1215/632/1030 2997/631/1029 1216/634/1034 36/635/1035
f 189/553/1036 1190/558/1037 2998/636/1038 1217/637/1039
f 1190/558/1037 190/557/1040 1215/638/1041 2998/636/1038
f 2998/636/1038 1215/638/1041 36/639/1042 1218/640/1043
f 1217/637/1039 2998/636/1038 1218/640/1043 35/641/1044
f 188/549/1045 1188/554/1046 2999/642/1047 1219/643/1048
f 1188/554/1046 189/553/1049 1217/637/1050 2999/642/1047
f 2999/642/1047 1217/637/1050 35/641/1051 1220/644/1052
f 1219/643/1048 2999/642/1047 1220/644/1052 34/645/1053
f 187/545/1054 1186/550/1055 3000/646/1056 1221/647/1057
f 1186/550/1055 188/549/1058 1219/643/1059 3000/646/1056
f 3000/646/1056 1219/643/1059 34/645/1060 1222/648/1061
f 1221/647/1057 3000/646/1056 1222/648/1061 33/649/1062
f 186/541/1063 1184/546/1064 3001/650/1065 1223/651/1066
f 1184/546/1064 187/545/1067 1221/647/1068 3001/650/1065
f 3001/650/1065 1221/647/1068 33/649/1069 1224/652/1070
f 1223/651/1066 3001/650/1065 1224/652/1070 32/653/1071
f 185/536/1072 1182/542/1073 3002/654/1074 1225/655/1075
f 1182/542/1073 186/541/1076 1223/651/1077 3002/654/1074
f 3002/654/1074 1223/651/1077 32/653/1078 1226/656/1079
f 1225/655/1075 3002/654/1074 1226/656/1079 31/657/1080
f 184/538/1081 1180/537/1082 3003/658/1083 1227/659/1084
f 1180/537/1082 185/536/1085 1225/655/1086 3003/658/1083
f 3003/658/1083 1225/655/1086 31/657/1087 1228/660/1088
f 1227/659/1084 3003/658/1083 1228/660/1088 30/661/1089
f 65/662/1090 1230/663/1091 3004/664/1092 1229/665/1093
f 1230/663/1091 184/538/1094 1227/666/1095 3004/664/1092
f 3004/664/1092 1227/666/1095 30/667/1096 1231/668/1097
f 1229/665/1093 3004/664/1092 1231/668/1097 8/669/1098
f 66/670/1099 1233/671/1100 3005/672/1101 1232/673/1102
f 1233/671/1100 177/506/1103 1178/534/1104 3005/672/1101
f 3005/672/1101 1178/534/1104 184/538/1105 1230/674/1106
f 1232/673/1102 3005/672/1101 1230/674/1106 65/675/1107
f 67/676/1108 1235/677/1109 3006/678/1110 1234/679/1111
f 1235/677/1109 170/498/1112 1165/501/1113 3006/678/1110
f 3006/678/1110 1165/501/1113 177/506/1114 1233/671/1115
f 1234/679/1111 3006/678/1110 1233/671/1115 66/670/1116
f 68/680/1117 1237/681/1118 3007/682/1119 1236/683/1120
f 1237/681/1118 163/459/1121 1152/462/1122 3007/682/1119
f 3007/682/1119 1152/462/1122 170/467/1123 1235/684/1124
f 1236/683/1120 3007/682/1119 1235/684/1124 67/676/1125
f 69/685/1126 1239/686/1127 3008/687/1128 1238/688/1129
f 1239/686/1127 156/421/1130 1139/424/1131 3008/687/1128
f 3008/687/1128 1139/424/1131 163/429/1132 1237/689/1133
f 1238/688/1129 3008/687/1128 1237/689/1133 68/690/1134
f 70/691/1135 1241/692/1136 3009/693/1137 1240/694/1138
f 1241/692/1136 149/364/1139 1126/396/1140 3009/693/1137
f 3009/693/1137 1126/396/1140 156/400/1141 1239/686/1142
f 1240/694/1138 3009/693/1137 1239/686/1142 69/695/1143
f 71/696/1144 1194/697/1145 3010/698/1146 1242/699/1147
f 1194/697/1145 142/356/1148 1107/359/1149 3010/698/1146
f 3010/698/1146 1107/359/1149 149/364/1150 1241/692/1151
f 1242/699/1147 3010/698/1146 1241/692/1151 70/691/1152
f 191/700/1153 1244/701/1154 3011/702/1155 1243/703/1156
f 1244/701/1154 192/704/1157 1245/705/1158 3011/702/1155
f 3011/702/1155 1245/705/1158 199/706/1159 1246/707/1160
f 1243/703/1156 3011/702/1155 1246/707/1160 198/708/1161
f 192/704/1162 1247/709/1163 3012/710/1164 1245/705/1165
f 1247/709/1163 193/711/1166 1248/712/1167 3012/710/1164
f 3012/710/1164 1248/712/1167 200/713/1168 1249/714/1169
f 1245/705/1165 3012/710/1164 1249/714/1169 199/706/1170
f 193/711/1171 1250/715/1172 3013/716/1173 1248/712/1174
f 1250/715/1172 194/717/1175 1251/718/1176 3013/716/1173
f 3013/716/1173 1251/718/1176 201/719/1177 1252/720/1178
f 1248/712/1174 3013/716/1173 1252/720/1178 200/713/1179
f 194/717/1180 1253/721/1181 3014/722/1182 1251/718/1183
f 1253/721/1181 195/723/1184 1254/724/1185 3014/722/1182
f 3014/722/1182 1254/724/1185 202/725/1186 1255/726/1187
f 1251/718/1183 3014/722/1182 1255/726/1187 201/719/1188
f 195/723/1189 1256/727/1190 3015/728/1191 1254/724/1192
f 1256/727/1190 196/729/1193 1257/730/1194 3015/728/1191
f 3015/728/1191 1257/730/1194 203/731/1195 1258/732/1196
f 1254/724/1192 3015/728/1191 1258/732/1196 202/725/1197
f 196/729/1198 1259/733/1199 3016/734/1200 1257/730/1201
f 1259/733/1199 197/735/1202 1260/736/1203 3016/734/1200
f 3016/734/1200 1260/736/1203 204/737/1204 1261/738/1205
f 1257/730/1201 3016/734/1200 1261/738/1205 203/731/1206
f 198/708/1207 1246/707/1208 3017/739/1209 1262/740/1210
f 1246/707/1208 199/706/1211 1263/741/1212 3017/739/1209
f 3017/739/1209 1263/741/1212 206/742/1213 1264/743/1214
f 1262/740/1210 3017/739/1209 1264/743/1214 205/744/1215
f 199/706/1216 1249/714/1217 3018/745/1218 1263/741/1219
f 1249/714/1217 200/713/1220 1265/746/1221 3018/745/1218
f 3018/745/1218 1265/746/1221 207/747/1222 1266/748/1223
f 1263/741/1219 3018/745/1218 1266/748/1223 206/742/1224
f 200/713/1225 1252/720/1226 3019/749/1227 1265/746/1228
f 1252/720/1226 201/719/1229 1267/750/1230 3019/749/1227
f 3019/749/1227 1267/750/1230 208/751/1231 1268/752/1232
f 1265/746/1228 3019/749/1227 1268/752/1232 207/747/1233
f 201/719/1234 1255/726/1235 3020/753/1236 1267/750/1237
f 1255/726/1235 202/725/1238 1269/754/1239 3020/753/1236
f 3020/753/1236 1269/754/1239 209/755/1240 1270/756/1241
f 1267/750/1237 3020/753/1236 1270/756/1241 208/751/1242
f 202/725/1243 1258/732/1244 3021/757/1245 1269/754/1246
f 1258/732/1244 203/731/1247 1271/758/1248 3021/757/1245
f 3021/757/1245 1271/758/1248 210/759/1249 1272/760/1250
f 1269/754/1246 3021/757/1245 1272/760/1250 209/755/1251
f 203/731/1252 1261/738/1253 3022/761/1254 1271/758/1255
f 1261/738/1253 204/737/1256 1273/762/1257 3022/761/1254
f 3022/761/1254 1273/762/1257 211/763/1258 1274/764/1259
f 1271/758/1255 3022/761/1254 1274/764/1259 210/759/1260
f 205/744/1261 1264/743/1262 3023/765/1263 1275/766/1264
f 1264/743/1262 206/742/1265 1276/767/1266 3023/765/1263
f 3023/765/1263 1276/767/1266 213/768/1267 1277/769/1268
f 1275/766/1264 3023/765/1263 1277/769/1268 212/770/1269
f 206/742/1270 1266/748/1271 3024/771/1272 1276/767/1273
f 1266/748/1271 207/747/1274 1278/772/1275 3024/771/1272
f 3024/771/1272 1278/772/1275 214/773/1276 1279/774/1277
f 1276/767/1273 3024/771/1272 1279/774/1277 213/768/1278
f 207/747/1279 1268/752/1280 3025/775/1281 1278/772/1282
f 1268/752/1280 208/751/1283 1280/776/1284 3025/775/1281
f 3025/775/1281 1280/776/1284 215/777/1285 1281/778/1286
f 1278/772/1282 3025/775/1281 1281/778/1286 214/773/1287
f 208/751/1288 1270/756/1289 3026/779/1290 1280/776/1291
f 1270/756/1289 209/755/1292 1282/780/1293 3026/779/1290
f 3026/779/1290 1282/780/1293 216/781/1294 1283/782/1295
f 1280/776/1291 3026/779/1290 1283/782/1295 215/777/1296
f 209/755/1297 1272/760/1298 3027/783/1299 1282/780/1300
f 1272/760/1298 210/759/1301 1284/784/1302 3027/783/1299
f 3027/783/1299 1284/784/1302 217/785/1303 1285/786/1304
f 1282/780/1300 3027/783/1299 1285/786/1304 216/781/1305
f 210/759/1306 1274/764/1307 3028/787/1308 1284/784/1309
f 1274/764/1307 211/763/1310 1286/788/1311 3028/787/1308
f 3028/787/1308 1286/788/1311 218/789/1312 1287/790/1313
f 1284/784/1309 3028/787/1308 1287/790/1313 217/785/1314
f 212/770/1315 1277/769/1316 3029/791/1317 1288/792/1318
f 1277/769/1316 213/768/1319 1289/793/1320 3029/791/1317
f 3029/791/1317 1289/793/1320 220/794/1321 1290/795/1322
f 1288/792/1318 3029/791/1317 1290/795/1322 219/796/1323
f 213/768/1324 1279/774/1325 3030/797/1326 1289/793/1327
f 1279/774/1325 214/773/1328 1291/798/1329 3030/797/1326
f 3030/797/1326 1291/798/1329 221/799/1330 1292/800/1331
f 1289/793/1327 3030/797/1326 1292/800/1331 220/794/1332
f 214/773/1333 1281/778/1334 3031/801/1335 1291/798/1336
f 1281/778/1334 215/777/1337 1293/802/1338 3031/801/1335
f 3031/801/1335 1293/802/1338 222/803/1339 1294/804/1340
f 1291/798/1336 3031/801/1335 1294/804/1340 221/799/1341
f 215/777/1342 1283/782/1343 3032/805/1344 1293/802/1345
f 1283/782/1343 216/781/1346 1295/806/1347 3032/805/1344
f 3032/805/1344 1295/806/1347 223/807/1348 1296/808/1349
f 1293/802/1345 3032/805/1344 1296/808/1349 222/803/1350
f 216/781/1351 1285/786/1352 3033/809/1353 1295/806/1354
f 1285/786/1352 217/785/1355 1297/810/1356 3033/809/1353
f 3033/809/1353 1297/810/1356 224/811/1357 1298/812/1358
f 1295/806/1354 3033/809/1353 1298/812/1358 223/807/1359
f 217/785/1360 1287/790/1361 3034/813/1362 1297/810/1363
f 1287/790/1361 218/789/1364 1299/814/1365 3034/813/1362
f 3034/813/1362 1299/814/1365 225/815/1366 1300/816/1367
f 1297/810/1363 3034/813/1362 1300/816/1367 224/811/1368
f 219/796/1369 1290/795/1370 3035/817/1371 1301/818/1372
f 1290/795/1370 220/794/1373 1302/819/1374 3035/817/1371
f 3035/817/1371 1302/819/1374 227/820/1375 1303/821/1376
f 1301/818/1372 3035/817/1371 1303/821/1376 226/822/1377
f 220/794/1378 1292/800/1379 3036/823/1380 1302/819/1381
f 1292/800/1379 221/799/1382 1304/824/1383 3036/823/1380
f 3036/823/1380 1304/824/1383 228/825/1384 1305/826/1385
f 1302/819/1381 3036/823/1380 1305/826/1385 227/820/1386
f 221/799/1387 1294/804/1388 3037/827/1389 1304/824/1390
f 1294/804/1388 222/803/1391 1306/828/1392 3037/827/1389
f 3037/827/1389 1306/828/1392 229/829/1393 1307/830/1394
f 1304/824/1390 3037/827/1389 1307/830/1394 228/825/1395
f 222/803/1396 1296/808/1397 3038/831/1398 1306/828/1399
f 1296/808/1397 223/807/1400 1308/832/1401 3038/831/1398
f 3038/831/1398 1308/832/1401 230/833/1402 1309/834/1403
f 1306/828/1399 3038/831/1398 1309/834/1403 229/829/1404
f 223/807/1405 1298/812/1406 3039/835/1407 1308/832/1408
f 1298/812/1406 224/811/1409 1310/836/1410 3039/835/1407
f 3039/835/1407 1310/836/1410 231/837/1411 1311/838/1412
f 1308/832/1408 3039/835/1407 1311/838/1412 230/833/1413
f 224/811/1414 1300/816/1415 3040/839/1416 1310/836/1417
f 1300/816/1415 225/815/1418 1312/840/1419 3040/839/1416
f 3040/839/1416 1312/840/1419 232/841/1420 1313/842/1421
f 1310/836/1417 3040/839/1416 1313/842/1421 231/837/1422
f 226/822/1423 1303/821/1424 3041/843/1425 1314/844/1426
f 1303/821/1424 227/820/1427 1315/845/1428 3041/843/1425
f 3041/843/1425 1315/845/1428 234/846/1429 1316/847/1430
f 1314/844/1426 3041/843/1425 1316/847/1430 233/848/1431
f 227/820/1432 1305/826/1433 3042/849/1434 1315/845/1435
f 1305/826/1433 228/825/1436 1317/850/1437 3042/849/1434
f 3042/849/1434 1317/850/1437 235/851/1438 1318/852/1439
f 1315/845/1435 3042/849/1434 1318/852/1439 234/846/1440
f 228/825/1441 1307/830/1442 3043/853/1443 1317/850/1444
f 1307/830/1442 229/829/1445 1319/854/1446 3043/853/1443
f 3043/853/1443 1319/854/1446 236/855/1447 1320/856/1448
f 1317/850/1444 3043/853/1443 1320/856/1448 235/851/1449
f 229/829/1450 1309/834/1451 3044/857/1452 1319/854/1453
f 1309/834/1451 230/833/1454 1321/858/1455 3044/857/1452
f 3044/857/1452 1321/858/1455 237/859/1456 1322/860/1457
f 1319/854/1453 3044/857/1452 1322/860/1457 236/855/1458
f 230/833/1459 1311/838/1460 3045/861/1461 1321/858/1462
f 1311/838/1460 231/837/1463 1323/862/1464 3045/861/1461
f 3045/861/1461 1323/862/1464 238/863/1465 1324/864/1466
f 1321/858/1462 3045/861/1461 1324/864/1466 237/859/1467
f 231/837/1468 1313/842/1469 3046/865/1470 1323/862/1471
f 1313/842/1469 232/841/1472 1325/866/1473 3046/865/1470
f 3046/865/1470 1325/866/1473 239/867/1474 1326/868/1475
f 1323/862/1471 3046/865/1470 1326/868/1475 238/863/1476
f 8/669/1477 1231/668/1478 3047/869/1479 1327/870/1480
f 1231/668/1478 30/667/1481 1328/871/1482 3047/869/1479
f 3047/869/1479 1328/871/1482 191/872/1483 1329/873/1484
f 1327/870/1480 3047/869/1479 1329/873/1484 15/874/1485
f 30/661/1486 1228/660/1487 3048/875/1488 1328/876/1489
f 1228/660/1487 31/657/1490 1330/877/1491 3048/875/1488
f 3048/875/1488 1330/877/1491 192/704/1492 1244/701/1493
f 1328/876/1489 3048/875/1488 1244/701/1493 191/700/1494
f 31/657/1495 1226/656/1496 3049/878/1497 1330/877/1498
f 1226/656/1496 32/653/1499 1331/879/1500 3049/878/1497
f 3049/878/1497 1331/879/1500 193/711/1501 1247/709/1502
f 1330/877/1498 3049/878/1497 1247/709/1502 192/704/1503
f 32/653/1504 1224/652/1505 3050/880/1506 1331/879/1507
f 1224/652/1505 33/649/1508 1332/881/1509 3050/880/1506
f 3050/880/1506 1332/881/1509 194/717/1510 1250/715/1511
f 1331/879/1507 3050/880/1506 1250/715/1511 193/711/1512
f 33/649/1513 1222/648/1514 3051/882/1515 1332/881/1516
f 1222/648/1514 34/645/1517 1333/883/1518 3051/882/1515
f 3051/882/1515 1333/883/1518 195/723/1519 1253/721/1520
f 1332/881/1516 3051/882/1515 1253/721/1520 194/717/1521
f 34/645/1522 1220/644/1523 3052/884/1524 1333/883/1525
f 1220/644/1523 35/641/1526 1334/885/1527 3052/884/1524
f 3052/884/1524 1334/885/1527 196/729/1528 1256/727/1529
f 1333/883/1525 3052/884/1524 1256/727/1529 195/723/1530
f 35/641/1531 1218/640/1532 3053/886/1533 1334/885/1534
f 1218/640/1532 36/639/1535 1335/887/1536 3053/886/1533
f 3053/886/1533 1335/887/1536 197/735/1537 1259/733/1538
f 1334/885/1534 3053/886/1533 1259/733/1538 196/729/1539
f 36/635/1540 1216/634/1541 3054/888/1542 1335/889/1543
f 1216/634/1541 7/288/1544 1079/890/1545 3054/888/1542
f 3054/888/1542 1079/890/1545 72/280/1546 1336/891/1547
f 1335/889/1543 3054/888/1542 1336/891/1547 197/892/1548
f 197/735/1549 1336/893/1550 3055/894/1551 1260/736/1552
f 1336/893/1550 72/280/1553 1076/895/1554 3055/894/1551
f 3055/894/1551 1076/895/1554 73/896/1555 1337/897/1556
f 1260/736/1552 3055/894/1551 1337/897/1556 204/737/1557
f 204/737/1558 1337/897/1559 3056/898/1560 1273/762/1561
f 1337/897/1559 73/896/1562 1074/899/1563 3056/898/1560
f 3056/898/1560 1074/899/1563 74/272/1564 1338/900/1565
f 1273/762/1561 3056/898/1560 1338/900/1565 211/763/1566
f 211/763/1567 1338/900/1568 3057/901/1569 1286/788/1570
f 1338/900/1568 74/272/1571 1072/902/1572 3057/901/1569
f 3057/901/1569 1072/902/1572 75/268/1573 1339/903/1574
f 1286/788/1570 3057/901/1569 1339/903/1574 218/789/1575
f 218/789/1576 1339/903/1577 3058/904/1578 1299/814/1579
f 1339/903/1577 75/268/1580 1070/905/1581 3058/904/1578
f 3058/904/1578 1070/905/1581 76/906/1582 1340/907/1583
f 1299/814/1579 3058/904/1578 1340/907/1583 225/815/1584
f 225/815/1585 1340/907/1586 3059/908/1587 1312/840/1588
f 1340/907/1586 76/906/1589 1068/263/1590 3059/908/1587
f 3059/908/1587 1068/263/1590 77/909/1591 1341/910/1592
f 1312/840/1588 3059/908/1587 1341/910/1592 232/841/1593
f 232/841/1594 1341/910/1595 3060/911/1596 1325/866/1597
f 1341/910/1595 77/909/1598 1066/912/1599 3060/911/1596
f 3060/911/1596 1066/912/1599 78/913/1600 1342/914/1601
f 1325/866/1597 3060/911/1596 1342/914/1601 239/867/1602
f 239/915/1603 1342/916/1604 3061/917/1605 1343/918/1606
f 1342/916/1604 78/919/1607 1064/920/1608 3061/917/1605
f 3061/917/1605 1064/920/1608 5/252/1609 1344/921/1610
f 1343/918/1606 3061/917/1605 1344/921/1610 44/922/1611
f 238/863/1612 1326/868/1613 3062/923/1614 1345/924/1615
f 1326/868/1613 239/867/1616 1343/925/1617 3062/923/1614
f 3062/923/1614 1343/925/1617 44/922/1618 1346/926/1619
f 1345/924/1615 3062/923/1614 1346/926/1619 45/927/1620
f 237/859/1621 1324/864/1622 3063/928/1623 1347/929/1624
f 1324/864/1622 238/863/1625 1345/924/1626 3063/928/1623
f 3063/928/1623 1345/924/1626 45/927/1627 1348/930/1628
f 1347/929/1624 3063/928/1623 1348/930/1628 46/931/1629
f 236/855/1630 1322/860/1631 3064/932/1632 1349/933/1633
f 1322/860/1631 237/859/1634 1347/929/1635 3064/932/1632
f 3064/932/1632 1347/929/1635 46/931/1636 1350/934/1637
f 1349/933/1633 3064/932/1632 1350/934/1637 47/935/1638
f 235/851/1639 1320/856/1640 3065/936/1641 1351/937/1642
f 1320/856/1640 236/855/1643 1349/933/1644 3065/936/1641
f 3065/936/1641 1349/933/1644 47/935/1645 1352/938/1646
f 1351/937/1642 3065/936/1641 1352/938/1646 48/939/1647
f 234/846/1648 1318/852/1649 3066/940/1650 1353/941/1651
f 1318/852/1649 235/851/1652 1351/937/1653 3066/940/1650
f 3066/940/1650 1351/937/1653 48/939/1654 1354/942/1655
f 1353/941/1651 3066/940/1650 1354/942/1655 49/943/1656
f 233/848/1657 1316/847/1658 3067/944/1659 1355/945/1660
f 1316/847/1658 234/846/1661 1353/941/1662 3067/944/1659
f 3067/944/1659 1353/941/1662 49/943/1663 1356/946/1664
f 1355/945/1660 3067/944/1659 1356/946/1664 50/947/1665
f 9/948/1666 1358/949/1667 3068/950/1668 1357/951/1669
f 1358/949/1667 233/952/1670 1355/953/1671 3068/950/1668
f 3068/950/1668 1355/953/1671 50/947/1672 1359/954/1673
f 1357/951/1669 3068/950/1668 1359/954/1673 6/955/1674
f 10/956/1675 1361/957/1676 3069/958/1677 1360/959/1678
f 1361/957/1676 226/822/1679 1314/844/1680 3069/958/1677
f 3069/958/1677 1314/844/1680 233/848/1681 1358/960/1682
f 1360/959/1678 3069/958/1677 1358/960/1682 9/961/1683
f 11/962/1684 1363/963/1685 3070/964/1686 1362/965/1687
f 1363/963/1685 219/796/1688 1301/818/1689 3070/964/1686
f 3070/964/1686 1301/818/1689 226/822/1690 1361/957/1691
f 1362/965/1687 3070/964/1686 1361/957/1691 10/956/1692
f 12/966/1693 1365/967/1694 3071/968/1695 1364/969/1696
f 1365/967/1694 212/770/1697 1288/792/1698 3071/968/1695
f 3071/968/1695 1288/792/1698 219/796/1699 1363/963/1700
f 1364/969/1696 3071/968/1695 1363/963/1700 11/962/1701
f 13/970/1702 1367/971/1703 3072/972/1704 1366/973/1705
f 1367/971/1703 205/744/1706 1275/766/1707 3072/972/1704
f 3072/972/1704 1275/766/1707 212/770/1708 1365/967/1709
f 1366/973/1705 3072/972/1704 1365/967/1709 12/966/1710
f 14/974/1711 1369/975/1712 3073/976/1713 1368/977/1714
f 1369/975/1712 198/708/1715 1262/740/1716 3073/976/1713
f 3073/976/1713 1262/740/1716 205/744/1717 1367/971/1718
f 1368/977/1714 3073/976/1713 1367/971/1718 13/970/1719
f 15/978/1720 1329/873/1721 3074/979/1722 1370/980/1723
f 1329/873/1721 191/700/1724 1243/703/1725 3074/979/1722
f 3074/979/1722 1243/703/1725 198/708/1726 1369/975/1727
f 1370/980/1723 3074/979/1722 1369/975/1727 14/974/1728
f 240/981/1729 1372/982/1730 3075/983/1731 1371/984/1732
f 1372/982/1730 241/985/1733 1373/986/1734 3075/983/1731
f 3075/983/1731 1373/986/1734 248/987/1735 1374/988/1736
f 1371/984/1732 3075/983/1731 1374/988/1736 247/989/1737
f 241/985/1738 1375/990/1739 3076/991/1740 1373/986/1741
f 1375/990/1739 242/992/1742 1376/993/1743 3076/991/1740
f 3076/991/1740 1376/993/1743 249/994/1744 1377/995/1745
f 1373/986/1741 3076/991/1740 1377/995/1745 248/987/1746
f 242/992/1747 1378/996/1748 3077/997/1749 1376/993/1750
f 1378/996/1748 243/998/1751 1379/999/1752 3077/997/1749
f 3077/997/1749 1379/999/1752 250/1000/1753 1380/1001/1754
f 1376/993/1750 3077/997/1749 1380/1001/1754 249/994/1755
f 243/1002/1756 1381/1003/1757 3078/1004/1758 1379/1005/1759
f 1381/1003/1757 244/1006/1760 1382/1007/1761 3078/1004/1758
f 3078/1004/1758 1382/1007/1761 251/1008/1762 1383/1009/1763
f 1379/1005/1759 3078/1004/1758 1383/1009/1763 250/1010/1764
f 244/1011/1765 1384/1012/1766 3079/1013/1767 1382/1014/1768
f 1384/1012/1766 245/1015/1769 1385/1016/1770 3079/1013/1767
f 3079/1013/1767 1385/1016/1770 252/1017/1771 1386/1018/1772
f 1382/1014/1768 3079/1013/1767 1386/1018/1772 251/1019/1773
f 245/1015/1774 1387/1020/1775 3080/1021/1776 1385/1016/1777
f 1387/1020/1775 246/1022/1778 1388/1023/1779 3080/1021/1776
f 3080/1021/1776 1388/1023/1779 253/1024/1780 1389/1025/1781
f 1385/1016/1777 3080/1021/1776 1389/1025/1781 252/1017/1782
f 247/989/1783 1374/988/1784 3081/1026/1785 1390/1027/1786
f 1374/988/1784 248/987/1787 1391/1028/1788 3081/1026/1785
f 3081/1026/1785 1391/1028/1788 255/1029/1789 1392/1030/1790
f 1390/1027/1786 3081/1026/1785 1392/1030/1790 254/1031/1791
f 248/987/1792 1377/995/1793 3082/1032/1794 1391/1028/1795
f 1377/995/1793 249/994/1796 1393/1033/1797 3082/1032/1794
f 3082/1032/1794 1393/1033/1797 256/1034/1798 1394/1035/1799
f 1391/1028/1795 3082/1032/1794 1394/1035/1799 255/1029/1800
f 249/994/1801 1380/1001/1802 3083/1036/1803 1393/1037/1804
f 1380/1001/1802 250/1000/1805 1395/1038/1806 3083/1036/1803
f 3083/1036/1803 1395/1038/1806 257/1039/1807 1396/1040/1808
f 1393/1037/1804 3083/1036/1803 1396/1040/1808 256/1041/1809
f 250/1010/1810 1383/1009/1811 3084/1042/1812 1395/1043/1813
f 1383/1009/1811 251/1008/1814 1397/1044/1815 3084/1042/1812
f 3084/1042/1812 1397/1044/1815 258/1045/1816 1398/1046/1817
f 1395/1043/1813 3084/1042/1812 1398/1046/1817 257/1047/1818
f 251/1019/1819 1386/1018/1820 3085/1048/1821 1397/1049/1822
f 1386/1018/1820 252/1017/1823 1399/1050/1824 3085/1048/1821
f 3085/1048/1821 1399/1050/1824 259/1051/1825 1400/1052/1826
f 1397/1049/1822 3085/1048/1821 1400/1052/1826 258/1053/1827
f 252/1017/1828 1389/1025/1829 3086/1054/1830 1399/1050/1831
f 1389/1025/1829 253/1024/1832 1401/1055/1833 3086/1054/1830
f 3086/1054/1830 1401/1055/1833 260/1056/1834 1402/1057/1835
f 1399/1050/1831 3086/1054/1830 1402/1057/1835 259/1051/1836
f 254/1031/1837 1392/1030/1838 3087/1058/1839 1403/1059/1840
f 1392/1030/1838 255/1029/1841 1404/1060/1842 3087/1058/1839
f 3087/1058/1839 1404/1060/1842 262/1061/1843 1405/1062/1844
f 1403/1059/1840 3087/1058/1839 1405/1062/1844 261/1063/1845
f 255/1029/1846 1394/1035/1847 3088/1064/1848 1404/1060/1849
f 1394/1035/1847 256/1034/1850 1406/1065/1851 3088/1064/1848
f 3088/1064/1848 1406/1065/1851 263/1066/1852 1407/1067/1853
f 1404/1060/1849 3088/1064/1848 1407/1067/1853 262/1061/1854
f 256/1041/1855 1396/1040/1856 3089/1068/1857 1406/1069/1858
f 1396/1040/1856 257/1039/1859 1408/1070/1860 3089/1068/1857
f 3089/1068/1857 1408/1070/1860 264/1071/1861 1409/1072/1862
f 1406/1069/1858 3089/1068/1857 1409/1072/1862 263/1073/1863
f 257/1047/1864 1398/1046/1865 3090/1074/1866 1408/1075/1867
f 1398/1046/1865 258/1045/1868 1410/1076/1869 3090/1074/1866
f 3090/1074/1866 1410/1076/1869 265/1077/1870 1411/1078/1871
f 1408/1075/1867 3090/1074/1866 1411/1078/1871 264/1079/1872
f 258/1053/1873 1400/1052/1874 3091/1080/1875 1410/1081/1876
f 1400/1052/1874 259/1051/1877 1412/1082/1878 3091/1080/1875
f 3091/1080/1875 1412/1082/1878 266/1083/1879 1413/1084/1880
f 1410/1081/1876 3091/1080/1875 1413/1084/1880 265/1085/1881
f 259/1051/1882 1402/1057/1883 3092/1086/1884 1412/1082/1885
f 1402/1057/1883 260/1056/1886 1414/1087/1887 3092/1086/1884
f 3092/1086/1884 1414/1087/1887 267/1088/1888 1415/1089/1889
f 1412/1082/1885 3092/1086/1884 1415/1089/1889 266/1083/1890
f 261/1063/1891 1405/1062/1892 3093/1090/1893 1416/1091/1894
f 1405/1062/1892 262/1061/1895 1417/1092/1896 3093/1090/1893
f 3093/1090/1893 1417/1092/1896 269/1093/1897 1418/1094/1898
f 1416/1091/1894 3093/1090/1893 1418/1094/1898 268/1095/1899
f 262/1061/1900 1407/1067/1901 3094/1096/1902 1417/1092/1903
f 1407/1067/1901 263/1066/1904 1419/1097/1905 3094/1096/1902
f 3094/1096/1902 1419/1097/1905 270/1098/1906 1420/1099/1907
f 1417/1092/1903 3094/1096/1902 1420/1099/1907 269/1093/1908
f 263/1073/1909 1409/1072/1910 3095/1100/1911 1419/1101/1912
f 1409/1072/1910 264/1071/1913 1421/1102/1914 3095/1100/1911
f 3095/1100/1911 1421/1102/1914 271/1103/1915 1422/1104/1916
f 1419/1101/1912 3095/1100/1911 1422/1104/1916 270/1098/1917
f 264/1079/1918 1411/1078/1919 3096/1105/1920 1421/1106/1921
f 1411/1078/1919 265/1077/1922 1423/1107/1923 3096/1105/1920
f 3096/1105/1920 1423/1107/1923 272/1108/1924 1424/1109/1925
f 1421/1106/1921 3096/1105/1920 1424/1109/1925 271/1110/1926
f 265/1085/1927 1413/1084/1928 3097/1111/1929 1423/1112/1930
f 1413/1084/1928 266/1083/1931 1425/1113/1932 3097/1111/1929
f 3097/1111/1929 1425/1113/1932 273/1114/1933 1426/1115/1934
f 1423/1112/1930 3097/1111/1929 1426/1115/1934 272/1108/1935
f 266/1083/1936 1415/1089/1937 3098/1116/1938 1425/1113/1939
f 1415/1089/1937 267/1088/1940 1427/1117/1941 3098/1116/1938
f 3098/1116/1938 1427/1117/1941 274/1118/1942 1428/1119/1943
f 1425/1113/1939 3098/1116/1938 1428/1119/1943 273/1114/1944
f 268/1095/1945 1418/1094/1946 3099/1120/1947 1429/1121/1948
f 1418/1094/1946 269/1093/1949 1430/1122/1950 3099/1120/1947
f 3099/1120/1947 1430/1122/1950 276/1123/1951 1431/1124/1952
f 1429/1121/1948 3099/1120/1947 1431/1124/1952 275/1125/1953
f 269/1093/1954 1420/1099/1955 3100/1126/1956 1430/1122/1957
f 1420/1099/1955 270/1098/1958 1432/1127/1959 3100/1126/1956
f 3100/1126/1956 1432/1127/1959 277/1128/1960 1433/1129/1961
f 1430/1122/1957 3100/1126/1956 1433/1129/1961 276/1123/1962
f 270/1098/1963 1422/1104/1964 3101/1130/1965 1432/1131/1966
f 1422/1104/1964 271/1103/1967 1434/1132/1968 3101/1130/1965
f 3101/1130/1965 1434/1132/1968 278/1133/1969 1435/1134/1970
f 1432/1131/1966 3101/1130/1965 1435/1134/1970 277/1135/1971
f 271/1110/1972 1424/1109/1973 3102/1136/1974 1434/1137/1975
f 1424/1109/1973 272/1108/1976 1436/1138/1977 3102/1136/1974
f 3102/1136/1974 1436/1138/1977 279/1139/1978 1437/1140/1979
f 1434/1137/1975 3102/1136/1974 1437/1140/1979 278/1141/1980
f 272/1108/1981 1426/1115/1982 3103/1142/1983 1436/1143/1984
f 1426/1115/1982 273/1114/1985 1438/1144/1986 3103/1142/1983
f 3103/1142/1983 1438/1144/1986 280/1145/1987 1439/1146/1988
f 1436/1143/1984 3103/1142/1983 1439/1146/1988 279/1139/1989
f 273/1114/1990 1428/1119/1991 3104/1147/1992 1438/1144/1993
f 1428/1119/1991 274/1118/1994 1440/1148/1995 3104/1147/1992
f 3104/1147/1992 1440/1148/1995 281/1149/1996 1441/1150/1997
f 1438/1144/1993 3104/1147/1992 1441/1150/1997 280/1145/1998
f 275/1125/1999 1431/1124/2000 3105/1151/2001 1442/1152/2002
f 1431/1124/2000 276/1123/2003 1443/1153/2004 3105/1151/2001
f 3105/1151/2001 1443/1153/2004 283/1154/2005 1444/1155/2006
f 1442/1152/2002 3105/1151/2001 1444/1155/2006 282/1156/2007
f 276/1123/2008 1433/1129/2009 3106/1157/2010 1443/1153/2011
f 1433/1129/2009 277/1128/2012 1445/1158/2013 3106/1157/2010
f 3106/1157/2010 1445/1158/2013 284/1159/2014 1446/1160/2015
f 1443/1153/2011 3106/1157/2010 1446/1160/2015 283/1154/2016
f 277/1135/2017 1435/1134/2018 3107/1161/2019 1445/1162/2020
f 1435/1134/2018 278/1133/2021 1447/1163/2022 3107/1161/2019
f 3107/1161/2019 1447/1163/2022 285/1164/2023 1448/1165/2024
f 1445/1162/2020 3107/1161/2019 1448/1165/2024 284/1166/2025
f 278/1141/2026 1437/1140/2027 3108/1167/2028 1447/1168/2029
f 1437/1140/2027 279/1139/2030 1449/1169/2031 3108/1167/2028
f 3108/1167/2028 1449/1169/2031 286/1170/2032 1450/1171/2033
f 1447/1168/2029 3108/1167/2028 1450/1171/2033 285/1172/2034
f 279/1139/2035 1439/1146/2036 3109/1173/2037 1449/1174/2038
f 1439/1146/2036 280/1145/2039 1451/1175/2040 3109/1173/2037
f 3109/1173/2037 1451/1175/2040 287/1176/2041 1452/1177/2042
f 1449/1174/2038 3109/1173/2037 1452/1177/2042 286/1178/2043
f 280/1145/2044 1441/1150/2045 3110/1179/2046 1451/1175/2047
f 1441/1150/2045 281/1149/2048 1453/1180/2049 3110/1179/2046
f 3110/1179/2046 1453/1180/2049 288/1181/2050 1454/1182/2051
f 1451/1175/2047 3110/1179/2046 1454/1182/2051 287/1176/2052
f 6/955/2053 1455/1183/2054 3111/1184/2055 1357/1185/2056
f 1455/1183/2054 22/1186/2057 1456/1187/2058 3111/1184/2055
f 3111/1184/2055 1456/1187/2058 240/1188/2059 1457/1189/2060
f 1357/1185/2056 3111/1184/2055 1457/1189/2060 9/948/2061
f 22/1190/2062 1458/1191/2063 3112/1192/2064 1456/1193/2065
f 1458/1191/2063 21/1194/2066 1459/1195/2067 3112/1192/2064
f 3112/1192/2064 1459/1195/2067 241/985/2068 1372/982/2069
f 1456/1193/2065 3112/1192/2064 1372/982/2069 240/981/2070
f 21/1194/2071 1460/1196/2072 3113/1197/2073 1459/1195/2074
f 1460/1196/2072 20/1198/2075 1461/1199/2076 3113/1197/2073
f 3113/1197/2073 1461/1199/2076 242/992/2077 1375/990/2078
f 1459/1195/2074 3113/1197/2073 1375/990/2078 241/985/2079
f 20/1200/2080 1462/1201/2081 3114/1202/2082 1461/1203/2083
f 1462/1201/2081 19/1204/2084 1463/1205/2085 3114/1202/2082
f 3114/1202/2082 1463/1205/2085 243/998/2086 1378/996/2087
f 1461/1203/2083 3114/1202/2082 1378/996/2087 242/992/2088
f 19/1206/2089 1464/1207/2090 3115/1208/2091 1463/1209/2092
f 1464/1207/2090 18/1210/2093 1465/1211/2094 3115/1208/2091
f 3115/1208/2091 1465/1211/2094 244/1006/2095 1381/1003/2096
f 1463/1209/2092 3115/1208/2091 1381/1003/2096 243/1002/2097
f 18/1212/2098 1466/1213/2099 3116/1214/2100 1465/1215/2101
f 1466/1213/2099 17/1216/2102 1467/1217/2103 3116/1214/2100
f 3116/1214/2100 1467/1217/2103 245/1015/2104 1384/1012/2105
f 1465/1215/2101 3116/1214/2100 1384/1012/2105 244/1011/2106
f 17/1216/2107 1468/1218/2108 3117/1219/2109 1467/1217/2110
f 1468/1218/2108 16/1220/2111 1469/1221/2112 3117/1219/2109
f 3117/1219/2109 1469/1221/2112 246/1022/2113 1387/1020/2114
f 1467/1217/2110 3117/1219/2109 1387/1020/2114 245/1015/2115
f 16/1222/2116 1470/1223/2117 3118/1224/2118 1469/1225/2119
f 1470/1223/2117 2/1226/2120 1471/1227/2121 3118/1224/2118
f 3118/1224/2118 1471/1227/2121 92/1228/2122 1472/1229/2123
f 1469/1225/2119 3118/1224/2118 1472/1229/2123 246/1230/2124
f 246/1022/2125 1472/1231/2126 3119/1232/2127 1388/1023/2128
f 1472/1231/2126 92/1228/2129 1473/1233/2130 3119/1232/2127
f 3119/1232/2127 1473/1233/2130 91/1234/2131 1474/1235/2132
f 1388/1023/2128 3119/1232/2127 1474/1235/2132 253/1024/2133
f 253/1024/2134 1474/1235/2135 3120/1236/2136 1401/1055/2137
f 1474/1235/2135 91/1234/2138 1475/1237/2139 3120/1236/2136
f 3120/1236/2136 1475/1237/2139 90/1238/2140 1476/1239/2141
f 1401/1055/2137 3120/1236/2136 1476/1239/2141 260/1056/2142
f 260/1056/2143 1476/1239/2144 3121/1240/2145 1414/1087/2146
f 1476/1239/2144 90/1238/2147 1477/1241/2148 3121/1240/2145
f 3121/1240/2145 1477/1241/2148 89/1242/2149 1478/1243/2150
f 1414/1087/2146 3121/1240/2145 1478/1243/2150 267/1088/2151
f 267/1088/2152 1478/1243/2153 3122/1244/2154 1427/1117/2155
f 1478/1243/2153 89/1242/2156 1479/1245/2157 3122/1244/2154
f 3122/1244/2154 1479/1245/2157 88/1246/2158 1480/1247/2159
f 1427/1117/2155 3122/1244/2154 1480/1247/2159 274/1118/2160
f 274/1118/2161 1480/1247/2162 3123/1248/2163 1440/1148/2164
f 1480/1247/2162 88/1246/2165 1481/1249/2166 3123/1248/2163
f 3123/1248/2163 1481/1249/2166 87/1250/2167 1482/1251/2168
f 1440/1148/2164 3123/1248/2163 1482/1251/2168 281/1149/2169
f 281/1149/2170 1482/1251/2171 3124/1252/2172 1453/1180/2173
f 1482/1251/2171 87/1250/2174 1483/1253/2175 3124/1252/2172
f 3124/1252/2172 1483/1253/2175 86/1254/2176 1484/1255/2177
f 1453/1180/2173 3124/1252/2172 1484/1255/2177 288/1181/2178
f 288/1256/2179 1484/1257/2180 3125/1258/2181 1485/1259/2182
f 1484/1257/2180 86/1254/2183 1486/1260/2184 3125/1258/2181
f 3125/1258/2181 1486/1260/2184 4/559/2185 1191/1261/2186
f 1485/1259/2182 3125/1258/2181 1191/1261/2186 71/696/2187
f 287/1176/2188 1454/1182/2189 3126/1262/2190 1487/1263/2191
f 1454/1182/2189 288/1181/2192 1485/1264/2193 3126/1262/2190
f 3126/1262/2190 1485/1264/2193 71/1265/2194 1242/1266/2195
f 1487/1263/2191 3126/1262/2190 1242/1266/2195 70/1267/2196
f 286/1178/2197 1452/1177/2198 3127/1268/2199 1488/1269/2200
f 1452/1177/2198 287/1176/2201 1487/1263/2202 3127/1268/2199
f 3127/1268/2199 1487/1263/2202 70/1267/2203 1240/1270/2204
f 1488/1269/2200 3127/1268/2199 1240/1270/2204 69/695/2205
f 285/1172/2206 1450/1171/2207 3128/1271/2208 1489/1272/2209
f 1450/1171/2207 286/1170/2210 1488/1269/2211 3128/1271/2208
f 3128/1271/2208 1488/1269/2211 69/695/2212 1238/688/2213
f 1489/1272/2209 3128/1271/2208 1238/688/2213 68/690/2214
f 284/1166/2215 1448/1165/2216 3129/1273/2217 1490/1274/2218
f 1448/1165/2216 285/1164/2219 1489/1275/2220 3129/1273/2217
f 3129/1273/2217 1489/1275/2220 68/680/2221 1236/683/2222
f 1490/1274/2218 3129/1273/2217 1236/683/2222 67/1276/2223
f 283/1154/2224 1446/1160/2225 3130/1277/2226 1491/1278/2227
f 1446/1160/2225 284/1159/2228 1490/1274/2229 3130/1277/2226
f 3130/1277/2226 1490/1274/2229 67/1279/2230 1234/1280/2231
f 1491/1278/2227 3130/1277/2226 1234/1280/2231 66/1281/2232
f 282/1156/2233 1444/1155/2234 3131/1282/2235 1492/1283/2236
f 1444/1155/2234 283/1154/2237 1491/1278/2238 3131/1282/2235
f 3131/1282/2235 1491/1278/2238 66/1281/2239 1232/1284/2240
f 1492/1283/2236 3131/1282/2235 1232/1284/2240 65/1285/2241
f 15/1286/2242 1493/1287/2243 3132/1288/2244 1327/870/2245
f 1493/1287/2243 282/1289/2246 1492/1290/2247 3132/1288/2244
f 3132/1288/2244 1492/1290/2247 65/1291/2248 1229/1292/2249
f 1327/870/2245 3132/1288/2244 1229/1292/2249 8/669/2250
f 14/1293/2251 1494/1294/2252 3133/1295/2253 1370/1296/2254
f 1494/1294/2252 275/1125/2255 1442/1152/2256 3133/1295/2253
f 3133/1295/2253 1442/1152/2256 282/1156/2257 1493/1297/2258
f 1370/1296/2254 3133/1295/2253 1493/1297/2258 15/1286/2259
f 13/1298/2260 1495/1299/2261 3134/1300/2262 1368/1301/2263
f 1495/1299/2261 268/1095/2264 1429/1121/2265 3134/1300/2262
f 3134/1300/2262 1429/1121/2265 275/1125/2266 1494/1294/2267
f 1368/1301/2263 3134/1300/2262 1494/1294/2267 14/1293/2268
f 12/1302/2269 1496/1303/2270 3135/1304/2271 1366/973/2272
f 1496/1303/2270 261/1063/2273 1416/1091/2274 3135/1304/2271
f 3135/1304/2271 1416/1091/2274 268/1095/2275 1495/1299/2276
f 1366/973/2272 3135/1304/2271 1495/1299/2276 13/1298/2277
f 11/962/2278 1497/1305/2279 3136/1306/2280 1364/1307/2281
f 1497/1305/2279 254/1031/2282 1403/1059/2283 3136/1306/2280
f 3136/1306/2280 1403/1059/2283 261/1063/2284 1496/1303/2285
f 1364/1307/2281 3136/1306/2280 1496/1303/2285 12/1302/2286
f 10/1308/2287 1498/1309/2288 3137/1310/2289 1362/1311/2290
f 1498/1309/2288 247/989/2291 1390/1027/2292 3137/1310/2289
f 3137/1310/2289 1390/1027/2292 254/1031/2293 1497/1305/2294
f 1362/1311/2290 3137/1310/2289 1497/1305/2294 11/962/2295
f 9/1312/2296 1457/1313/2297 3138/1314/2298 1360/1315/2299
f 1457/1313/2297 240/981/2300 1371/984/2301 3138/1314/2298
f 3138/1314/2298 1371/984/2301 247/989/2302 1498/1309/2303
f 1360/1315/2299 3138/1314/2298 1498/1309/2303 10/1308/2304
f 289/1316/2305 1500/1317/2306 3139/1318/2307 1499/1319/2308
f 1500/1317/2306 290/1320/2309 1501/1321/2310 3139/1318/2307
f 3139/1318/2307 1501/1321/2310 297/1322/2311 1502/1323/2312
f 1499/1319/2308 3139/1318/2307 1502/1323/2312 296/1324/2313
f 290/1320/2314 1503/1325/2315 3140/1326/2316 1501/1321/2317
f 1503/1325/2315 291/1327/2318 1504/1328/2319 3140/1326/2316
f 3140/1326/2316 1504/1328/2319 298/1329/2320 1505/1330/2321
f 1501/1321/2317 3140/1326/2316 1505/1330/2321 297/1322/2322
f 291/1327/2323 1506/1331/2324 3141/1332/2325 1504/1328/2326
f 1506/1331/2324 292/1333/2327 1507/1334/2328 3141/1332/2325
f 3141/1332/2325 1507/1334/2328 299/1335/2329 1508/1336/2330
f 1504/1328/2326 3141/1332/2325 1508/1336/2330 298/1329/2331
f 292/1333/2332 1509/1337/2333 3142/1338/2334 1507/1334/2335
f 1509/1337/2333 293/1339/2336 1510/1340/2337 3142/1338/2334
f 3142/1338/2334 1510/1340/2337 300/1341/2338 1511/1342/2339
f 1507/1334/2335 3142/1338/2334 1511/1342/2339 299/1335/2340
f 293/1339/2341 1512/1343/2342 3143/1344/2343 1510/1340/2344
f 1512/1343/2342 294/1345/2345 1513/1346/2346 3143/1344/2343
f 3143/1344/2343 1513/1346/2346 301/1347/2347 1514/1348/2348
f 1510/1340/2344 3143/1344/2343 1514/1348/2348 300/1341/2349
f 294/1345/2350 1515/1349/2351 3144/1350/2352 1513/1346/2353
f 1515/1349/2351 295/1351/2354 1516/1352/2355 3144/1350/2352
f 3144/1350/2352 1516/1352/2355 302/1353/2356 1517/1354/2357
f 1513/1346/2353 3144/1350/2352 1517/1354/2357 301/1347/2358
f 296/1324/2359 1502/1323/2360 3145/1355/2361 1518/1356/2362
f 1502/1323/2360 297/1322/2363 1519/1357/2364 3145/1355/2361
f 3145/1355/2361 1519/1357/2364 304/1358/2365 1520/1359/2366
f 1518/1356/2362 3145/1355/2361 1520/1359/2366 303/1360/2367
f 297/1322/2368 1505/1330/2369 3146/1361/2370 1519/1357/2371
f 1505/1330/2369 298/1329/2372 1521/1362/2373 3146/1361/2370
f 3146/1361/2370 1521/1362/2373 305/1363/2374 1522/1364/2375
f 1519/1357/2371 3146/1361/2370 1522/1364/2375 304/1358/2376
f 298/1329/2377 1508/1336/2378 3147/1365/2379 1521/1362/2380
f 1508/1336/2378 299/1335/2381 1523/1366/2382 3147/1365/2379
f 3147/1365/2379 1523/1366/2382 306/1367/2383 1524/1368/2384
f 1521/1362/2380 3147/1365/2379 1524/1368/2384 305/1363/2385
f 299/1335/2386 1511/1342/2387 3148/1369/2388 1523/1366/2389
f 1511/1342/2387 300/1341/2390 1525/1370/2391 3148/1369/2388
f 3148/1369/2388 1525/1370/2391 307/1371/2392 1526/1372/2393
f 1523/1366/2389 3148/1369/2388 1526/1372/2393 306/1367/2394
f 300/1341/2395 1514/1348/2396 3149/1373/2397 1525/1370/2398
f 1514/1348/2396 301/1347/2399 1527/1374/2400 3149/1373/2397
f 3149/1373/2397 1527/1374/2400 308/1375/2401 1528/1376/2402
f 1525/1370/2398 3149/1373/2397 1528/1376/2402 307/1371/2403
f 301/1347/2404 1517/1354/2405 3150/1377/2406 1527/1374/2407
f 1517/1354/2405 302/1353/2408 1529/1378/2409 3150/1377/2406
f 3150/1377/2406 1529/1378/2409 309/1379/2410 1530/1380/2411
f 1527/1374/2407 3150/1377/2406 1530/1380/2411 308/1375/2412
f 303/1360/2413 1520/1359/2414 3151/1381/2415 1531/1382/2416
f 1520/1359/2414 304/1358/2417 1532/1383/2418 3151/1381/2415
f 3151/1381/2415 1532/1383/2418 311/1384/2419 1533/1385/2420
f 1531/1382/2416 3151/1381/2415 1533/1385/2420 310/1386/2421
f 304/1358/2422 1522/1364/2423 3152/1387/2424 1532/1383/2425
f 1522/1364/2423 305/1363/2426 1534/1388/2427 3152/1387/2424
f 3152/1387/2424 1534/1388/2427 312/1389/2428 1535/1390/2429
f 1532/1383/2425 3152/1387/2424 1535/1390/2429 311/1384/2430
f 305/1363/2431 1524/1368/2432 3153/1391/2433 1534/1388/2434
f 1524/1368/2432 306/1367/2435 1536/1392/2436 3153/1391/2433
f 3153/1391/2433 1536/1392/2436 313/1393/2437 1537/1394/2438
f 1534/1388/2434 3153/1391/2433 1537/1394/2438 312/1389/2439
f 306/1367/2440 1526/1372/2441 3154/1395/2442 1536/1392/2443
f 1526/1372/2441 307/1371/2444 1538/1396/2445 3154/1395/2442
f 3154/1395/2442 1538/1396/2445 314/1397/2446 1539/1398/2447
f 1536/1392/2443 3154/1395/2442 1539/1398/2447 313/1393/2448
f 307/1371/2449 1528/1376/2450 3155/1399/2451 1538/1396/2452
f 1528/1376/2450 308/1375/2453 1540/1400/2454 3155/1399/2451
f 3155/1399/2451 1540/1400/2454 315/1401/2455 1541/1402/2456
f 1538/1396/2452 3155/1399/2451 1541/1402/2456 314/1397/2457
f 308/1375/2458 1530/1380/2459 3156/1403/2460 1540/1400/2461
f 1530/1380/2459 309/1379/2462 1542/1404/2463 3156/1403/2460
f 3156/1403/2460 1542/1404/2463 316/1405/2464 1543/1406/2465
f 1540/1400/2461 3156/1403/2460 1543/1406/2465 315/1401/2466
f 310/1386/2467 1533/1385/2468 3157/1407/2469 1544/1408/2470
f 1533/1385/2468 311/1384/2471 1545/1409/2472 3157/1407/2469
f 3157/1407/2469 1545/1409/2472 318/1410/2473 1546/1411/2474
f 1544/1408/2470 3157/1407/2469 1546/1411/2474 317/1412/2475
f 311/1384/2476 1535/1390/2477 3158/1413/2478 1545/1409/2479
f 1535/1390/2477 312/1389/2480 1547/1414/2481 3158/1413/2478
f 3158/1413/2478 1547/1414/2481 319/1415/2482 1548/1416/2483
f 1545/1409/2479 3158/1413/2478 1548/1416/2483 318/1410/2484
f 312/1389/2485 1537/1394/2486 3159/1417/2487 1547/1414/2488
f 1537/1394/2486 313/1393/2489 1549/1418/2490 3159/1417/2487
f 3159/1417/2487 1549/1418/2490 320/1419/2491 1550/1420/2492
f 1547/1414/2488 3159/1417/2487 1550/1420/2492 319/1415/2493
f 313/1393/2494 1539/1398/2495 3160/1421/2496 1549/1418/2497
f 1539/1398/2495 314/1397/2498 1551/1422/2499 3160/1421/2496
f 3160/1421/2496 1551/1422/2499 321/1423/2500 1552/1424/2501
f 1549/1418/2497 3160/1421/2496 1552/1424/2501 320/1419/2502
f 314/1397/2503 1541/1402/2504 3161/1425/2505 1551/1422/2506
f 1541/1402/2504 315/1401/2507 1553/1426/2508 3161/1425/2505
f 3161/1425/2505 1553/1426/2508 322/1427/2509 1554/1428/2510
f 1551/1422/2506 3161/1425/2505 1554/1428/2510 321/1423/2511
f 315/1401/2512 1543/1406/2513 3162/1429/2514 1553/1426/2515
f 1543/1406/2513 316/1405/2516 1555/1430/2517 3162/1429/2514
f 3162/1429/2514 1555/1430/2517 323/1431/2518 1556/1432/2519
f 1553/1426/2515 3162/1429/2514 1556/1432/2519 322/1427/2520
f 317/1412/2521 1546/1411/2522 3163/1433/2523 1557/1434/2524
f 1546/1411/2522 318/1410/2525 1558/1435/2526 3163/1433/2523
f 3163/1433/2523 1558/1435/2526 325/1436/2527 1559/1437/2528
f 1557/1434/2524 3163/1433/2523 1559/1437/2528 324/1438/2529
f 318/1410/2530 1548/1416/2531 3164/1439/2532 1558/1435/2533
f 1548/1416/2531 319/1415/2534 1560/1440/2535 3164/1439/2532
f 3164/1439/2532 1560/1440/2535 326/1441/2536 1561/1442/2537
f 1558/1435/2533 3164/1439/2532 1561/1442/2537 325/1436/2538
f 319/1415/2539 1550/1420/2540 3165/1443/2541 1560/1440/2542
f 1550/1420/2540 320/1419/2543 1562/1444/2544 3165/1443/2541
f 3165/1443/2541 1562/1444/2544 327/1445/2545 1563/1446/2546
f 1560/1440/2542 3165/1443/2541 1563/1446/2546 326/1441/2547
f 320/1419/2548 1552/1424/2549 3166/1447/2550 1562/1444/2551
f 1552/1424/2549 321/1423/2552 1564/1448/2553 3166/1447/2550
f 3166/1447/2550 1564/1448/2553 328/1449/2554 1565/1450/2555
f 1562/1444/2551 3166/1447/2550 1565/1450/2555 327/1445/2556
f 321/1423/2557 1554/1428/2558 3167/1451/2559 1564/1448/2560
f 1554/1428/2558 322/1427/2561 1566/1452/2562 3167/1451/2559
f 3167/1451/2559 1566/1452/2562 329/1453/2563 1567/1454/2564
f 1564/1448/2560 3167/1451/2559 1567/1454/2564 328/1449/2565
f 322/1427/2566 1556/1432/2567 3168/1455/2568 1566/1452/2569
f 1556/1432/2567 323/1431/2570 1568/1456/2571 3168/1455/2568
f 3168/1455/2568 1568/1456/2571 330/1457/2572 1569/1458/2573
f 1566/1452/2569 3168/1455/2568 1569/1458/2573 329/1453/2574
f 324/1438/2575 1559/1437/2576 3169/1459/2577 1570/1460/2578
f 1559/1437/2576 325/1436/2579 1571/1461/2580 3169/1459/2577
f 3169/1459/2577 1571/1461/2580 332/1462/2581 1572/1463/2582
f 1570/1460/2578 3169/1459/2577 1572/1463/2582 331/1464/2583
f 325/1436/2584 1561/1442/2585 3170/1465/2586 1571/1461/2587
f 1561/1442/2585 326/1441/2588 1573/1466/2589 3170/1465/2586
f 3170/1465/2586 1573/1466/2589 333/1467/2590 1574/1468/2591
f 1571/1461/2587 3170/1465/2586 1574/1468/2591 332/1462/2592
f 326/1441/2593 1563/1446/2594 3171/1469/2595 1573/1466/2596
f 1563/1446/2594 327/1445/2597 1575/1470/2598 3171/1469/2595
f 3171/1469/2595 1575/1470/2598 334/1471/2599 1576/1472/2600
f 1573/1466/2596 3171/1469/2595 1576/1472/2600 333/1467/2601
f 327/1445/2602 1565/1450/2603 3172/1473/2604 1575/1470/2605
f 1565/1450/2603 328/1449/2606 1577/1474/2607 3172/1473/2604
f 3172/1473/2604 1577/1474/2607 335/1475/2608 1578/1476/2609
f 1575/1470/2605 3172/1473/2604 1578/1476/2609 334/1471/2610
f 328/1449/2611 1567/1454/2612 3173/1477/2613 1577/1474/2614
f 1567/1454/2612 329/1453/2615 1579/1478/2616 3173/1477/2613
f 3173/1477/2613 1579/1478/2616 336/1479/2617 1580/1480/2618
f 1577/1474/2614 3173/1477/2613 1580/1480/2618 335/1475/2619
f 329/1453/2620 1569/1458/2621 3174/1481/2622 1579/1478/2623
f 1569/1458/2621 330/1457/2624 1581/1482/2625 3174/1481/2622
f 3174/1481/2622 1581/1482/2625 337/1483/2626 1582/1484/2627
f 1579/1478/2623 3174/1481/2622 1582/1484/2627 336/1479/2628
f 2/1226/2629 1583/1485/2630 3175/1486/2631 1471/1227/2632
f 1583/1485/2630 29/1487/2633 1584/1488/2634 3175/1486/2631
f 3175/1486/2631 1584/1488/2634 289/1316/2635 1585/1489/2636
f 1471/1227/2632 3175/1486/2631 1585/1489/2636 92/1228/2637
f 29/1490/2638 1586/1491/2639 3176/1492/2640 1584/1493/2641
f 1586/1491/2639 28/1494/2642 1587/1495/2643 3176/1492/2640
f 3176/1492/2640 1587/1495/2643 290/1320/2644 1500/1317/2645
f 1584/1493/2641 3176/1492/2640 1500/1317/2645 289/1316/2646
f 28/1494/2647 1588/1496/2648 3177/1497/2649 1587/1495/2650
f 1588/1496/2648 27/1498/2651 1589/1499/2652 3177/1497/2649
f 3177/1497/2649 1589/1499/2652 291/1327/2653 1503/1325/2654
f 1587/1495/2650 3177/1497/2649 1503/1325/2654 290/1320/2655
f 27/1498/2656 1590/1500/2657 3178/1501/2658 1589/1499/2659
f 1590/1500/2657 26/1502/2660 1591/1503/2661 3178/1501/2658
f 3178/1501/2658 1591/1503/2661 292/1333/2662 1506/1331/2663
f 1589/1499/2659 3178/1501/2658 1506/1331/2663 291/1327/2664
f 26/1502/2665 1592/1504/2666 3179/1505/2667 1591/1503/2668
f 1592/1504/2666 25/1506/2669 1593/1507/2670 3179/1505/2667
f 3179/1505/2667 1593/1507/2670 293/1339/2671 1509/1337/2672
f 1591/1503/2668 3179/1505/2667 1509/1337/2672 292/1333/2673
f 25/1506/2674 1594/1508/2675 3180/1509/2676 1593/1507/2677
f 1594/1508/2675 24/1510/2678 1595/1511/2679 3180/1509/2676
f 3180/1509/2676 1595/1511/2679 294/1345/2680 1512/1343/2681
f 1593/1507/2677 3180/1509/2676 1512/1343/2681 293/1339/2682
f 24/1510/2683 1596/1512/2684 3181/1513/2685 1595/1511/2686
f 1596/1512/2684 23/1514/2687 1597/1515/2688 3181/1513/2685
f 3181/1513/2685 1597/1515/2688 295/1351/2689 1515/1349/2690
f 1595/1511/2686 3181/1513/2685 1515/1349/2690 294/1345/2691
f 23/1516/2692 1598/1517/2693 3182/1518/2694 1597/1519/2695
f 1598/1517/2693 1/209/2696 1047/212/2697 3182/1518/2694
f 3182/1518/2694 1047/212/2697 58/217/2698 1599/1520/2699
f 1597/1519/2695 3182/1518/2694 1599/1520/2699 295/1521/2700
f 295/1351/2701 1599/1522/2702 3183/1523/2703 1516/1352/2704
f 1599/1522/2702 58/353/2705 1106/355/2706 3183/1523/2703
f 3183/1523/2703 1106/355/2706 59/349/2707 1600/1524/2708
f 1516/1352/2704 3183/1523/2703 1600/1524/2708 302/1353/2709
f 302/1353/2710 1600/1524/2711 3184/1525/2712 1529/1378/2713
f 1600/1524/2711 59/349/2714 1104/352/2715 3184/1525/2712
f 3184/1525/2712 1104/352/2715 60/345/2716 1601/1526/2717
f 1529/1378/2713 3184/1525/2712 1601/1526/2717 309/1379/2718
f 309/1379/2719 1601/1526/2720 3185/1527/2721 1542/1404/2722
f 1601/1526/2720 60/345/2723 1102/348/2724 3185/1527/2721
f 3185/1527/2721 1102/348/2724 61/341/2725 1602/1528/2726
f 1542/1404/2722 3185/1527/2721 1602/1528/2726 316/1405/2727
f 316/1405/2728 1602/1528/2729 3186/1529/2730 1555/1430/2731
f 1602/1528/2729 61/341/2732 1100/344/2733 3186/1529/2730
f 3186/1529/2730 1100/344/2733 62/337/2734 1603/1530/2735
f 1555/1430/2731 3186/1529/2730 1603/1530/2735 323/1431/2736
f 323/1431/2737 1603/1530/2738 3187/1531/2739 1568/1456/2740
f 1603/1530/2738 62/337/2741 1098/340/2742 3187/1531/2739
f 3187/1531/2739 1098/340/2742 63/331/2743 1604/1532/2744
f 1568/1456/2740 3187/1531/2739 1604/1532/2744 330/1457/2745
f 330/1457/2746 1604/1532/2747 3188/1533/2748 1581/1482/2749
f 1604/1532/2747 63/331/2750 1096/334/2751 3188/1533/2748
f 3188/1533/2748 1096/334/2751 64/336/2752 1605/1534/2753
f 1581/1482/2749 3188/1533/2748 1605/1534/2753 337/1483/2754
f 337/1535/2755 1605/1536/2756 3189/1537/2757 1606/1538/2758
f 1605/1536/2756 64/323/2759 1093/326/2760 3189/1537/2757
f 3189/1537/2757 1093/326/2760 3/330/2761 1207/595/2762
f 1606/1538/2758 3189/1537/2757 1207/595/2762 37/594/2763
f 336/1479/2764 1582/1484/2765 3190/1539/2766 1607/1540/2767
f 1582/1484/2765 337/1483/2768 1606/1541/2769 3190/1539/2766
f 3190/1539/2766 1606/1541/2769 37/592/2770 1205/590/2771
f 1607/1540/2767 3190/1539/2766 1205/590/2771 38/588/2772
f 335/1475/2773 1580/1480/2774 3191/1542/2775 1608/1543/2776
f 1580/1480/2774 336/1479/2777 1607/1540/2778 3191/1542/2775
f 3191/1542/2775 1607/1540/2778 38/588/2779 1203/586/2780
f 1608/1543/2776 3191/1542/2775 1203/586/2780 39/584/2781
f 334/1471/2782 1578/1476/2783 3192/1544/2784 1609/1545/2785
f 1578/1476/2783 335/1475/2786 1608/1543/2787 3192/1544/2784
f 3192/1544/2784 1608/1543/2787 39/584/2788 1201/582/2789
f 1609/1545/2785 3192/1544/2784 1201/582/2789 40/580/2790
f 333/1467/2791 1576/1472/2792 3193/1546/2793 1610/1547/2794
f 1576/1472/2792 334/1471/2795 1609/1545/2796 3193/1546/2793
f 3193/1546/2793 1609/1545/2796 40/580/2797 1199/578/2798
f 1610/1547/2794 3193/1546/2793 1199/578/2798 41/576/2799
f 332/1462/2800 1574/1468/2801 3194/1548/2802 1611/1549/2803
f 1574/1468/2801 333/1467/2804 1610/1547/2805 3194/1548/2802
f 3194/1548/2802 1610/1547/2805 41/576/2806 1197/574/2807
f 1611/1549/2803 3194/1548/2802 1197/574/2807 42/572/2808
f 331/1464/2809 1572/1463/2810 3195/1550/2811 1612/1551/2812
f 1572/1463/2810 332/1462/2813 1611/1549/2814 3195/1550/2811
f 3195/1550/2811 1611/1549/2814 42/572/2815 1195/569/2816
f 1612/1551/2812 3195/1550/2811 1195/569/2816 43/568/2817
f 86/1254/2818 1613/1552/2819 3196/1553/2820 1486/1260/2821
f 1613/1552/2819 331/1554/2822 1612/1555/2823 3196/1553/2820
f 3196/1553/2820 1612/1555/2823 43/563/2824 1192/560/2825
f 1486/1260/2821 3196/1553/2820 1192/560/2825 4/559/2826
f 87/1250/2827 1614/1556/2828 3197/1557/2829 1483/1253/2830
f 1614/1556/2828 324/1438/2831 1570/1460/2832 3197/1557/2829
f 3197/1557/2829 1570/1460/2832 331/1464/2833 1613/1558/2834
f 1483/1253/2830 3197/1557/2829 1613/1558/2834 86/1254/2835
f 88/1246/2836 1615/1559/2837 3198/1560/2838 1481/1249/2839
f 1615/1559/2837 317/1412/2840 1557/1434/2841 3198/1560/2838
f 3198/1560/2838 1557/1434/2841 324/1438/2842 1614/1556/2843
f 1481/1249/2839 3198/1560/2838 1614/1556/2843 87/1250/2844
f 89/1242/2845 1616/1561/2846 3199/1562/2847 1479/1245/2848
f 1616/1561/2846 310/1386/2849 1544/1408/2850 3199/1562/2847
f 3199/1562/2847 1544/1408/2850 317/1412/2851 1615/1559/2852
f 1479/1245/2848 3199/1562/2847 1615/1559/2852 88/1246/2853
f 90/1238/2854 1617/1563/2855 3200/1564/2856 1477/1241/2857
f 1617/1563/2855 303/1360/2858 1531/1382/2859 3200/1564/2856
f 3200/1564/2856 1531/1382/2859 310/1386/2860 1616/1561/2861
f 1477/1241/2857 3200/1564/2856 1616/1561/2861 89/1242/2862
f 91/1234/2863 1618/1565/2864 3201/1566/2865 1475/1237/2866
f 1618/1565/2864 296/1324/2867 1518/1356/2868 3201/1566/2865
f 3201/1566/2865 1518/1356/2868 303/1360/2869 1617/1563/2870
f 1475/1237/2866 3201/1566/2865 1617/1563/2870 90/1238/2871
f 92/1228/2872 1585/1567/2873 3202/1568/2874 1473/1233/2875
f 1585/1567/2873 289/1316/2876 1499/1319/2877 3202/1568/2874
f 3202/1568/2874 1499/1319/2877 296/1324/2878 1618/1565/2879
f 1473/1233/2875 3202/1568/2874 1618/1565/2879 91/1234/2880
f 338/1569/2881 1620/1570/2882 3203/1571/2883 1619/1572/2884
f 1620/1570/2882 339/1573/2885 1621/1574/2886 3203/1571/2883
f 3203/1571/2883 1621/1574/2886 346/1575/2887 1622/1576/2888
f 1619/1572/2884 3203/1571/2883 1622/1576/2888 345/1577/2889
f 339/1573/2890 1623/1578/2891 3204/1579/2892 1621/1574/2893
f 1623/1578/2891 340/1580/2894 1624/1581/2895 3204/1579/2892
f 3204/1579/2892 1624/1581/2895 347/1582/2896 1625/1583/2897
f 1621/1574/2893 3204/1579/2892 1625/1583/2897 346/1575/2898
f 340/1580/2899 1626/1584/2900 3205/1585/2901 1624/1581/2902
f 1626/1584/2900 341/1586/2903 1627/1587/2904 3205/1585/2901
f 3205/1585/2901 1627/1587/2904 348/1588/2905 1628/1589/2906
f 1624/1581/2902 3205/1585/2901 1628/1589/2906 347/1582/2907
f 341/1586/2908 1629/1590/2909 3206/1591/2910 1627/1587/2911
f 1629/1590/2909 342/1592/2912 1630/1593/2913 3206/1591/2910
f 3206/1591/2910 1630/1593/2913 349/1594/2914 1631/1595/2915
f 1627/1587/2911 3206/1591/2910 1631/1595/2915 348/1588/2916
f 342/1592/2917 1632/1596/2918 3207/1597/2919 1630/1593/2920
f 1632/1596/2918 343/1598/2921 1633/1599/2922 3207/1597/2919
f 3207/1597/2919 1633/1599/2922 350/1600/2923 1634/1601/2924
f 1630/1593/2920 3207/1597/2919 1634/1601/2924 349/1594/2925
f 343/1598/2926 1635/1602/2927 3208/1603/2928 1633/1599/2929
f 1635/1602/2927 344/1604/2930 1636/1605/2931 3208/1603/2928
f 3208/1603/2928 1636/1605/2931 351/1606/2932 1637/1607/2933
f 1633/1599/2929 3208/1603/2928 1637/1607/2933 350/1600/2934
f 345/1577/2935 1622/1576/2936 3209/1608/2937 1638/1609/2938
f 1622/1576/2936 346/1575/2939 1639/1610/2940 3209/1608/2937
f 3209/1608/2937 1639/1610/2940 353/1611/2941 1640/1612/2942
f 1638/1609/2938 3209/1608/2937 1640/1612/2942 352/1613/2943
f 346/1614/2944 1625/1615/2945 3210/1616/2946 1639/1617/2947
f 1625/1615/2945 347/1618/2948 1641/1619/2949 3210/1616/2946
f 3210/1616/2946 1641/1619/2949 354/1620/2950 1642/1621/2951
f 1639/1617/2947 3210/1616/2946 1642/1621/2951 353/1622/2952
f 347/1618/2953 1628/1623/2954 3211/1624/2955 1641/1619/2956
f 1628/1623/2954 348/1625/2957 1643/1626/2958 3211/1624/2955
f 3211/1624/2955 1643/1626/2958 355/1627/2959 1644/1628/2960
f 1641/1619/2956 3211/1624/2955 1644/1628/2960 354/1620/2961
f 348/1625/2962 1631/1629/2963 3212/1630/2964 1643/1626/2965
f 1631/1629/2963 349/1631/2966 1645/1632/2967 3212/1630/2964
f 3212/1630/2964 1645/1632/2967 356/1633/2968 1646/1634/2969
f 1643/1626/2965 3212/1630/2964 1646/1634/2969 355/1627/2970
f 349/1631/2971 1634/1635/2972 3213/1636/2973 1645/1632/2974
f 1634/1635/2972 350/1637/2975 1647/1638/2976 3213/1636/2973
f 3213/1636/2973 1647/1638/2976 357/1639/2977 1648/1640/2978
f 1645/1632/2974 3213/1636/2973 1648/1640/2978 356/1633/2979
f 350/1637/2980 1637/1641/2981 3214/1642/2982 1647/1638/2983
f 1637/1641/2981 351/1643/2984 1649/1644/2985 3214/1642/2982
f 3214/1642/2982 1649/1644/2985 358/1645/2986 1650/1646/2987
f 1647/1638/2983 3214/1642/2982 1650/1646/2987 357/1639/2988
f 352/1613/2989 1640/1612/2990 3215/1647/2991 1651/1648/2992
f 1640/1612/2990 353/1611/2993 1652/1649/2994 3215/1647/2991
f 3215/1647/2991 1652/1649/2994 360/1650/2995 1653/1651/2996
f 1651/1648/2992 3215/1647/2991 1653/1651/2996 359/1652/2997
f 353/1622/2998 1642/1621/2999 3216/1653/3000 1652/1654/3001
f 1642/1621/2999 354/1620/3002 1654/1655/3003 3216/1653/3000
f 3216/1653/3000 1654/1655/3003 361/1656/3004 1655/1657/3005
f 1652/1654/3001 3216/1653/3000 1655/1657/3005 360/1658/3006
f 354/1659/3007 1644/1660/3008 3217/1661/3009 1654/1662/3010
f 1644/1660/3008 355/1663/3011 1656/1664/3012 3217/1661/3009
f 3217/1661/3009 1656/1664/3012 362/1665/3013 1657/1666/3014
f 1654/1662/3010 3217/1661/3009 1657/1666/3014 361/1667/3015
f 355/1663/3016 1646/1668/3017 3218/1669/3018 1656/1664/3019
f 1646/1668/3017 356/1670/3020 1658/1671/3021 3218/1669/3018
f 3218/1669/3018 1658/1671/3021 363/1672/3022 1659/1673/3023
f 1656/1664/3019 3218/1669/3018 1659/1673/3023 362/1665/3024
f 356/1670/3025 1648/1674/3026 3219/1675/3027 1658/1671/3028
f 1648/1674/3026 357/1639/3029 1660/1676/3030 3219/1675/3027
f 3219/1675/3027 1660/1676/3030 364/1677/3031 1661/1678/3032
f 1658/1671/3028 3219/1675/3027 1661/1678/3032 363/1672/3033
f 357/1639/3034 1650/1646/3035 3220/1679/3036 1660/1680/3037
f 1650/1646/3035 358/1645/3038 1662/1681/3039 3220/1679/3036
f 3220/1679/3036 1662/1681/3039 365/1682/3040 1663/1683/3041
f 1660/1680/3037 3220/1679/3036 1663/1683/3041 364/1684/3042
f 359/1685/3043 1653/1686/3044 3221/1687/3045 1664/1688/3046
f 1653/1686/3044 360/1689/3047 1665/1690/3048 3221/1687/3045
f 3221/1687/3045 1665/1690/3048 367/1691/3049 1666/1692/3050
f 1664/1688/3046 3221/1687/3045 1666/1692/3050 366/1693/3051
f 360/1658/3052 1655/1657/3053 3222/1694/3054 1665/1695/3055
f 1655/1657/3053 361/1656/3056 1667/1696/3057 3222/1694/3054
f 3222/1694/3054 1667/1696/3057 368/1697/3058 1668/1698/3059
f 1665/1695/3055 3222/1694/3054 1668/1698/3059 367/1699/3060
f 361/1667/3061 1657/1666/3062 3223/1700/3063 1667/1696/3064
f 1657/1666/3062 362/1665/3065 1669/1701/3066 3223/1700/3063
f 3223/1700/3063 1669/1701/3066 369/1702/3067 1670/1703/3068
f 1667/1696/3064 3223/1700/3063 1670/1703/3068 368/1704/3069
f 362/1665/3070 1659/1673/3071 3224/1705/3072 1669/1701/3073
f 1659/1673/3071 363/1672/3074 1671/1706/3075 3224/1705/3072
f 3224/1705/3072 1671/1706/3075 370/1707/3076 1672/1708/3077
f 1669/1701/3073 3224/1705/3072 1672/1708/3077 369/1702/3078
f 363/1672/3079 1661/1678/3080 3225/1709/3081 1671/1706/3082
f 1661/1678/3080 364/1677/3083 1673/1710/3084 3225/1709/3081
f 3225/1709/3081 1673/1710/3084 371/1711/3085 1674/1712/3086
f 1671/1706/3082 3225/1709/3081 1674/1712/3086 370/1707/3087
f 364/1684/3088 1663/1683/3089 3226/1713/3090 1673/1714/3091
f 1663/1683/3089 365/1682/3092 1675/1715/3093 3226/1713/3090
f 3226/1713/3090 1675/1715/3093 372/1716/3094 1676/1717/3095
f 1673/1714/3091 3226/1713/3090 1676/1717/3095 371/1711/3096
f 366/1693/3097 1666/1692/3098 3227/1718/3099 1677/1719/3100
f 1666/1692/3098 367/1691/3101 1678/1720/3102 3227/1718/3099
f 3227/1718/3099 1678/1720/3102 374/1721/3103 1679/1722/3104
f 1677/1719/3100 3227/1718/3099 1679/1722/3104 373/1723/3105
f 367/1699/3106 1668/1698/3107 3228/1724/3108 1678/1725/3109
f 1668/1698/3107 368/1697/3110 1680/1726/3111 3228/1724/3108
f 3228/1724/3108 1680/1726/3111 375/1727/3112 1681/1728/3113
f 1678/1725/3109 3228/1724/3108 1681/1728/3113 374/1729/3114
f 368/1697/3115 1670/1730/3116 3229/1731/3117 1680/1726/3118
f 1670/1730/3116 369/1732/3119 1682/1733/3120 3229/1731/3117
f 3229/1731/3117 1682/1733/3120 376/1734/3121 1683/1735/3122
f 1680/1726/3118 3229/1731/3117 1683/1735/3122 375/1727/3123
f 369/1732/3124 1672/1736/3125 3230/1737/3126 1682/1733/3127
f 1672/1736/3125 370/1707/3128 1684/1738/3129 3230/1737/3126
f 3230/1737/3126 1684/1738/3129 377/1739/3130 1685/1740/3131
f 1682/1733/3127 3230/1737/3126 1685/1740/3131 376/1734/3132
f 370/1707/3133 1674/1741/3134 3231/1742/3135 1684/1738/3136
f 1674/1741/3134 371/1711/3137 1686/1743/3138 3231/1742/3135
f 3231/1742/3135 1686/1743/3138 378/1744/3139 1687/1745/3140
f 1684/1738/3136 3231/1742/3135 1687/1745/3140 377/1739/3141
f 371/1711/3142 1676/1717/3143 3232/1746/3144 1686/1743/3145
f 1676/1717/3143 372/1716/3146 1688/1747/3147 3232/1746/3144
f 3232/1746/3144 1688/1747/3147 379/1748/3148 1689/1749/3149
f 1686/1743/3145 3232/1746/3144 1689/1749/3149 378/1744/3150
f 373/1723/3151 1679/1722/3152 3233/1750/3153 1690/1751/3154
f 1679/1722/3152 374/1721/3155 1691/1752/3156 3233/1750/3153
f 3233/1750/3153 1691/1752/3156 381/1753/3157 1692/1754/3158
f 1690/1751/3154 3233/1750/3153 1692/1754/3158 380/1755/3159
f 374/1721/3160 1681/1756/3161 3234/1757/3162 1691/1752/3163
f 1681/1756/3161 375/1758/3164 1693/1759/3165 3234/1757/3162
f 3234/1757/3162 1693/1759/3165 382/1760/3166 1694/1761/3167
f 1691/1752/3163 3234/1757/3162 1694/1761/3167 381/1753/3168
f 375/1758/3169 1683/1762/3170 3235/1763/3171 1693/1759/3172
f 1683/1762/3170 376/1764/3173 1695/1765/3174 3235/1763/3171
f 3235/1763/3171 1695/1765/3174 383/1766/3175 1696/1767/3176
f 1693/1759/3172 3235/1763/3171 1696/1767/3176 382/1760/3177
f 376/1764/3178 1685/1768/3179 3236/1769/3180 1695/1765/3181
f 1685/1768/3179 377/1770/3182 1697/1771/3183 3236/1769/3180
f 3236/1769/3180 1697/1771/3183 384/1772/3184 1698/1773/3185
f 1695/1765/3181 3236/1769/3180 1698/1773/3185 383/1766/3186
f 377/1770/3187 1687/1774/3188 3237/1775/3189 1697/1771/3190
f 1687/1774/3188 378/1776/3191 1699/1777/3192 3237/1775/3189
f 3237/1775/3189 1699/1777/3192 385/1778/3193 1700/1779/3194
f 1697/1771/3190 3237/1775/3189 1700/1779/3194 384/1772/3195
f 378/1776/3196 1689/1780/3197 3238/1781/3198 1699/1777/3199
f 1689/1780/3197 379/1782/3200 1701/1783/3201 3238/1781/3198
f 3238/1781/3198 1701/1783/3201 386/1784/3202 1702/1785/3203
f 1699/1777/3199 3238/1781/3198 1702/1785/3203 385/1778/3204
f 6/955/3205 1359/954/3206 3239/1786/3207 1455/1787/3208
f 1359/954/3206 50/947/3209 1703/1788/3210 3239/1786/3207
f 3239/1786/3207 1703/1788/3210 338/1569/3211 1704/1789/3212
f 1455/1787/3208 3239/1786/3207 1704/1789/3212 22/1790/3213
f 50/947/3214 1356/946/3215 3240/1791/3216 1703/1792/3217
f 1356/946/3215 49/943/3218 1705/1793/3219 3240/1791/3216
f 3240/1791/3216 1705/1793/3219 339/1794/3220 1620/1795/3221
f 1703/1792/3217 3240/1791/3216 1620/1795/3221 338/1796/3222
f 49/943/3223 1354/942/3224 3241/1797/3225 1705/1793/3226
f 1354/942/3224 48/939/3227 1706/1798/3228 3241/1797/3225
f 3241/1797/3225 1706/1798/3228 340/1799/3229 1623/1800/3230
f 1705/1793/3226 3241/1797/3225 1623/1800/3230 339/1794/3231
f 48/939/3232 1352/938/3233 3242/1801/3234 1706/1798/3235
f 1352/938/3233 47/935/3236 1707/1802/3237 3242/1801/3234
f 3242/1801/3234 1707/1802/3237 341/1803/3238 1626/1804/3239
f 1706/1798/3235 3242/1801/3234 1626/1804/3239 340/1799/3240
f 47/935/3241 1350/934/3242 3243/1805/3243 1707/1802/3244
f 1350/934/3242 46/931/3245 1708/1806/3246 3243/1805/3243
f 3243/1805/3243 1708/1806/3246 342/1807/3247 1629/1590/3248
f 1707/1802/3244 3243/1805/3243 1629/1590/3248 341/1803/3249
f 46/931/3250 1348/930/3251 3244/1808/3252 1708/1806/3253
f 1348/930/3251 45/927/3254 1709/1809/3255 3244/1808/3252
f 3244/1808/3252 1709/1809/3255 343/1810/3256 1632/1811/3257
f 1708/1806/3253 3244/1808/3252 1632/1811/3257 342/1807/3258
f 45/927/3259 1346/926/3260 3245/1812/3261 1709/1809/3262
f 1346/926/3260 44/922/3263 1710/1813/3264 3245/1812/3261
f 3245/1812/3261 1710/1813/3264 344/1814/3265 1635/1815/3266
f 1709/1809/3262 3245/1812/3261 1635/1815/3266 343/1810/3267
f 44/922/3268 1344/921/3269 3246/1816/3270 1710/1817/3271
f 1344/921/3269 5/252/3272 1063/1818/3273 3246/1816/3270
f 3246/1816/3270 1063/1818/3273 79/1819/3274 1711/1820/3275
f 1710/1817/3271 3246/1816/3270 1711/1820/3275 344/1604/3276
f 344/1604/3277 1711/1820/3278 3247/1821/3279 1636/1605/3280
f 1711/1820/3278 79/1819/3281 1061/1822/3282 3247/1821/3279
f 3247/1821/3279 1061/1822/3282 80/1823/3283 1712/1824/3284
f 1636/1605/3280 3247/1821/3279 1712/1824/3284 351/1606/3285
f 351/1606/3286 1712/1824/3287 3248/1825/3288 1649/1826/3289
f 1712/1824/3287 80/1823/3290 1059/1827/3291 3248/1825/3288
f 3248/1825/3288 1059/1827/3291 81/1828/3292 1713/1829/3293
f 1649/1826/3289 3248/1825/3288 1713/1829/3293 358/1830/3294
f 358/1830/3295 1713/1829/3296 3249/1831/3297 1662/1832/3298
f 1713/1829/3296 81/1828/3299 1057/1833/3300 3249/1831/3297
f 3249/1831/3297 1057/1833/3300 82/234/3301 1714/1834/3302
f 1662/1832/3298 3249/1831/3297 1714/1834/3302 365/1835/3303
f 365/1836/3304 1714/1837/3305 3250/1838/3306 1675/1839/3307
f 1714/1837/3305 82/232/3308 1055/1840/3309 3250/1838/3306
f 3250/1838/3306 1055/1840/3309 83/1841/3310 1715/1842/3311
f 1675/1839/3307 3250/1838/3306 1715/1842/3311 372/1843/3312
f 372/1843/3313 1715/1842/3314 3251/1844/3315 1688/1845/3316
f 1715/1842/3314 83/1841/3317 1053/1846/3318 3251/1844/3315
f 3251/1844/3315 1053/1846/3318 84/222/3319 1716/1847/3320
f 1688/1845/3316 3251/1844/3315 1716/1847/3320 379/1782/3321
f 379/1782/3322 1716/1847/3323 3252/1848/3324 1701/1783/3325
f 1716/1847/3323 84/222/3326 1051/1849/3327 3252/1848/3324
f 3252/1848/3324 1051/1849/3327 85/213/3328 1717/1850/3329
f 1701/1783/3325 3252/1848/3324 1717/1850/3329 386/1784/3330
f 386/1784/3331 1717/1850/3332 3253/1851/3333 1718/1852/3334
f 1717/1850/3332 85/213/3335 1048/1853/3336 3253/1851/3333
f 3253/1851/3333 1048/1853/3336 1/209/3337 1598/1517/3338
f 1718/1852/3334 3253/1851/3333 1598/1517/3338 23/1516/3339
f 385/1854/3340 1702/1855/3341 3254/1856/3342 1719/1857/3343
f 1702/1855/3341 386/1858/3344 1718/1859/3345 3254/1856/3342
f 3254/1856/3342 1718/1859/3345 23/1514/3346 1596/1512/3347
f 1719/1857/3343 3254/1856/3342 1596/1512/3347 24/1510/3348
f 384/1772/3349 1700/1860/3350 3255/1861/3351 1720/1862/3352
f 1700/1860/3350 385/1854/3353 1719/1857/3354 3255/1861/3351
f 3255/1861/3351 1719/1857/3354 24/1510/3355 1594/1508/3356
f 1720/1862/3352 3255/1861/3351 1594/1508/3356 25/1506/3357
f 383/1863/3358 1698/1864/3359 3256/1865/3360 1721/1866/3361
f 1698/1864/3359 384/1772/3362 1720/1862/3363 3256/1865/3360
f 3256/1865/3360 1720/1862/3363 25/1506/3364 1592/1504/3365
f 1721/1866/3361 3256/1865/3360 1592/1504/3365 26/1502/3366
f 382/1867/3367 1696/1868/3368 3257/1869/3369 1722/1870/3370
f 1696/1868/3368 383/1863/3371 1721/1866/3372 3257/1869/3369
f 3257/1869/3369 1721/1866/3372 26/1502/3373 1590/1500/3374
f 1722/1870/3370 3257/1869/3369 1590/1500/3374 27/1498/3375
f 381/1871/3376 1694/1761/3377 3258/1872/3378 1723/1873/3379
f 1694/1761/3377 382/1867/3380 1722/1870/3381 3258/1872/3378
f 3258/1872/3378 1722/1870/3381 27/1498/3382 1588/1496/3383
f 1723/1873/3379 3258/1872/3378 1588/1496/3383 28/1494/3384
f 380/1874/3385 1692/1875/3386 3259/1876/3387 1724/1877/3388
f 1692/1875/3386 381/1871/3389 1723/1873/3390 3259/1876/3387
f 3259/1876/3387 1723/1873/3390 28/1494/3391 1586/1491/3392
f 1724/1877/3388 3259/1876/3387 1586/1491/3392 29/1490/3393
f 16/1220/3394 1725/1878/3395 3260/1879/3396 1470/1880/3397
f 1725/1878/3395 380/1755/3398 1724/1881/3399 3260/1879/3396
f 3260/1879/3396 1724/1881/3399 29/1487/3400 1583/1485/3401
f 1470/1880/3397 3260/1879/3396 1583/1485/3401 2/1226/3402
f 17/1882/3403 1726/1883/3404 3261/1884/3405 1468/1885/3406
f 1726/1883/3404 373/1886/3407 1690/1887/3408 3261/1884/3405
f 3261/1884/3405 1690/1887/3408 380/1874/3409 1725/1888/3410
f 1468/1885/3406 3261/1884/3405 1725/1888/3410 16/1220/3411
f 18/1212/3412 1727/1889/3413 3262/1890/3414 1466/1891/3415
f 1727/1889/3413 366/1892/3416 1677/1893/3417 3262/1890/3414
f 3262/1890/3414 1677/1893/3417 373/1886/3418 1726/1883/3419
f 1466/1891/3415 3262/1890/3414 1726/1883/3419 17/1882/3420
f 19/1206/3421 1728/1894/3422 3263/1895/3423 1464/1896/3424
f 1728/1894/3422 359/1685/3425 1664/1688/3426 3263/1895/3423
f 3263/1895/3423 1664/1688/3426 366/1693/3427 1727/1897/3428
f 1464/1896/3424 3263/1895/3423 1727/1897/3428 18/1898/3429
f 20/1198/3430 1729/1899/3431 3264/1900/3432 1462/1201/3433
f 1729/1899/3431 352/1613/3434 1651/1648/3435 3264/1900/3432
f 3264/1900/3432 1651/1648/3435 359/1652/3436 1728/1901/3437
f 1462/1201/3433 3264/1900/3432 1728/1901/3437 19/1204/3438
f 21/1902/3439 1730/1903/3440 3265/1904/3441 1460/1905/3442
f 1730/1903/3440 345/1906/3443 1638/1907/3444 3265/1904/3441
f 3265/1904/3441 1638/1907/3444 352/1908/3445 1729/1909/3446
f 1460/1905/3442 3265/1904/3441 1729/1909/3446 20/1198/3447
f 22/1910/3448 1704/1911/3449 3266/1912/3450 1458/1913/3451
f 1704/1911/3449 338/1796/3452 1619/1914/3453 3266/1912/3450
f 3266/1912/3450 1619/1914/3453 345/1906/3454 1730/1903/3455
f 1458/1913/3451 3266/1912/3450 1730/1903/3455 21/1902/3456
usemtl マテリアル
f 387/1915/3457 1732/1916/3458 3267/1917/3459 1731/1918/3460
f 1732/1916/3458 399/1919/3461 1733/1920/3462 3267/1917/3459
f 3267/1917/3459 1733/1920/3462 400/1921/3463 1734/1922/3464
f 1731/1918/3460 3267/1917/3459 1734/1922/3464 388/1923/3465
f 388/1923/3466 1734/1922/3467 3268/1924/3468 1735/1925/3469
f 1734/1922/3467 400/1921/3470 1736/1926/3471 3268/1924/3468
f 3268/1924/3468 1736/1926/3471 401/1927/3472 1737/1928/3473
f 1735/1925/3469 3268/1924/3468 1737/1928/3473 389/1929/3474
f 389/1929/3475 1737/1928/3476 3269/1930/3477 1738/1931/3478
f 1737/1928/3476 401/1927/3479 1739/1932/3480 3269/1930/3477
f 3269/1930/3477 1739/1932/3480 402/1933/3481 1740/1934/3482
f 1738/1931/3478 3269/1930/3477 1740/1934/3482 390/1935/3483
f 390/1935/3484 1740/1934/3485 3270/1936/3486 1741/1937/3487
f 1740/1934/3485 402/1933/3488 1742/1938/3489 3270/1936/3486
f 3270/1936/3486 1742/1938/3489 403/1939/3490 1743/1940/3491
f 1741/1937/3487 3270/1936/3486 1743/1940/3491 391/1941/3492
f 391/1941/3493 1743/1940/3494 3271/1942/3495 1744/1943/3496
f 1743/1940/3494 403/1939/3497 1745/1944/3498 3271/1942/3495
f 3271/1942/3495 1745/1944/3498 404/1945/3499 1746/1946/3500
f 1744/1943/3496 3271/1942/3495 1746/1946/3500 392/1947/3501
f 392/1948/3502 1746/1949/3503 3272/1950/3504 1747/1951/3505
f 1746/1949/3503 404/1952/3506 1748/1953/3507 3272/1950/3504
f 3272/1950/3504 1748/1953/3507 405/1954/3508 1749/1955/3509
f 1747/1951/3505 3272/1950/3504 1749/1955/3509 393/1956/3510
f 393/1957/3511 1749/1958/3512 3273/1959/3513 1750/1960/3514
f 1749/1958/3512 405/1961/3515 1751/1962/3516 3273/1959/3513
f 3273/1959/3513 1751/1962/3516 406/1963/3517 1752/1964/3518
f 1750/1960/3514 3273/1959/3513 1752/1964/3518 394/1965/3519
f 394/1966/3520 1752/1967/3521 3274/1968/3522 1753/1969/3523
f 1752/1967/3521 406/1963/3524 1754/1970/3525 3274/1968/3522
f 3274/1968/3522 1754/1970/3525 407/1971/3526 1755/1972/3527
f 1753/1969/3523 3274/1968/3522 1755/1972/3527 395/1973/3528
f 395/1973/3529 1755/1972/3530 3275/1974/3531 1756/1975/3532
f 1755/1972/3530 407/1971/3533 1757/1976/3534 3275/1974/3531
f 3275/1974/3531 1757/1976/3534 408/1977/3535 1758/1978/3536
f 1756/1975/3532 3275/1974/3531 1758/1978/3536 396/1979/3537
f 396/1979/3538 1758/1978/3539 3276/1980/3540 1759/1981/3541
f 1758/1978/3539 408/1977/3542 1760/1982/3543 3276/1980/3540
f 3276/1980/3540 1760/1982/3543 409/1983/3544 1761/1984/3545
f 1759/1981/3541 3276/1980/3540 1761/1984/3545 397/1985/3546
f 397/1985/3547 1761/1984/3548 3277/1986/3549 1762/1987/3550
f 1761/1984/3548 409/1983/3551 1763/1988/3552 3277/1986/3549
f 3277/1986/3549 1763/1988/3552 410/1989/3553 1764/1990/3554
f 1762/1987/3550 3277/1986/3549 1764/1990/3554 398/1991/3555
f 398/1991/3556 1764/1990/3557 3278/1992/3558 1765/1993/3559
f 1764/1990/3557 410/1989/3560 1766/1994/3561 3278/1992/3558
f 3278/1992/3558 1766/1994/3561 399/1919/3562 1732/1916/3563
f 1765/1993/3559 3278/1992/3558 1732/1916/3563 387/1915/3564
f 399/1919/3565 1767/1995/3566 3279/1996/3567 1733/1920/3568
f 1767/1995/3566 411/1997/3569 1768/1998/3570 3279/1996/3567
f 3279/1996/3567 1768/1998/3570 412/1999/3571 1769/2000/3572
f 1733/1920/3568 3279/1996/3567 1769/2000/3572 400/1921/3573
f 400/1921/3574 1769/2000/3575 3280/2001/3576 1736/1926/3577
f 1769/2000/3575 412/1999/3578 1770/2002/3579 3280/2001/3576
f 3280/2001/3576 1770/2002/3579 413/2003/3580 1771/2004/3581
f 1736/1926/3577 3280/2001/3576 1771/2004/3581 401/1927/3582
f 401/1927/3583 1771/2004/3584 3281/2005/3585 1739/1932/3586
f 1771/2004/3584 413/2003/3587 1772/2006/3588 3281/2005/3585
f 3281/2005/3585 1772/2006/3588 414/2007/3589 1773/2008/3590
f 1739/1932/3586 3281/2005/3585 1773/2008/3590 402/1933/3591
f 402/1933/3592 1773/2008/3593 3282/2009/3594 1742/1938/3595
f 1773/2008/3593 414/2007/3596 1774/2010/3597 3282/2009/3594
f 3282/2009/3594 1774/2010/3597 415/2011/3598 1775/2012/3599
f 1742/1938/3595 3282/2009/3594 1775/2012/3599 403/1939/3600
f 403/1939/3601 1775/2012/3602 3283/2013/3603 1745/1944/3604
f 1775/2012/3602 415/2011/3605 1776/2014/3606 3283/2013/3603
f 3283/2013/3603 1776/2014/3606 416/2015/3607 1777/2016/3608
f 1745/1944/3604 3283/2013/3603 1777/2016/3608 404/1945/3609
f 404/1952/3610 1777/2017/3611 3284/2018/3612 1748/1953/3613
f 1777/2017/3611 416/2015/3614 1778/2019/3615 3284/2018/3612
f 3284/2018/3612 1778/2019/3615 417/2020/3616 1779/2021/3617
f 1748/1953/3613 3284/2018/3612 1779/2021/3617 405/1954/3618
f 405/1961/3619 1779/2022/3620 3285/2023/3621 1751/1962/3622
f 1779/2022/3620 417/2024/3623 1780/2025/3624 3285/2023/3621
f 3285/2023/3621 1780/2025/3624 418/2026/3625 1781/2027/3626
f 1751/1962/3622 3285/2023/3621 1781/2027/3626 406/1963/3627
f 406/1963/3628 1781/2028/3629 3286/2029/3630 1754/1970/3631
f 1781/2028/3629 418/2026/3632 1782/2030/3633 3286/2029/3630
f 3286/2029/3630 1782/2030/3633 419/2031/3634 1783/2032/3635
f 1754/1970/3631 3286/2029/3630 1783/2032/3635 407/1971/3636
f 407/1971/3637 1783/2032/3638 3287/2033/3639 1757/1976/3640
f 1783/2032/3638 419/2031/3641 1784/2034/3642 3287/2033/3639
f 3287/2033/3639 1784/2034/3642 420/2035/3643 1785/2036/3644
f 1757/1976/3640 3287/2033/3639 1785/2036/3644 408/1977/3645
f 408/1977/3646 1785/2036/3647 3288/2037/3648 1760/1982/3649
f 1785/2036/3647 420/2035/3650 1786/2038/3651 3288/2037/3648
f 3288/2037/3648 1786/2038/3651 421/2039/3652 1787/2040/3653
f 1760/1982/3649 3288/2037/3648 1787/2040/3653 409/1983/3654
f 409/1983/3655 1787/2040/3656 3289/2041/3657 1763/1988/3658
f 1787/2040/3656 421/2039/3659 1788/2042/3660 3289/2041/3657
f 3289/2041/3657 1788/2042/3660 422/2043/3661 1789/2044/3662
f 1763/1988/3658 3289/2041/3657 1789/2044/3662 410/1989/3663
f 410/1989/3664 1789/2044/3665 3290/2045/3666 1766/1994/3667
f 1789/2044/3665 422/2043/3668 1790/2046/3669 3290/2045/3666
f 3290/2045/3666 1790/2046/3669 411/1997/3670 1767/1995/3671
f 1766/1994/3667 3290/2045/3666 1767/1995/3671 399/1919/3672
f 411/1997/3673 1791/2047/3674 3291/2048/3675 1768/1998/3676
f 1791/2047/3674 423/2049/3677 1792/2050/3678 3291/2048/3675
f 3291/2048/3675 1792/2050/3678 424/2051/3679 1793/2052/3680
f 1768/1998/3676 3291/2048/3675 1793/2052/3680 412/1999/3681
f 412/1999/3682 1793/2052/3683 3292/2053/3684 1770/2002/3685
f 1793/2052/3683 424/2051/3686 1794/2054/3687 3292/2053/3684
f 3292/2053/3684 1794/2054/3687 425/2055/3688 1795/2056/3689
f 1770/2002/3685 3292/2053/3684 1795/2056/3689 413/2003/3690
f 413/2003/3691 1795/2056/3692 3293/2057/3693 1772/2006/3694
f 1795/2056/3692 425/2055/3695 1796/2058/3696 3293/2057/3693
f 3293/2057/3693 1796/2058/3696 426/2059/3697 1797/2060/3698
f 1772/2006/3694 3293/2057/3693 1797/2060/3698 414/2007/3699
f 414/2007/3700 1797/2060/3701 3294/2061/3702 1774/2010/3703
f 1797/2060/3701 426/2059/3704 1798/2062/3705 3294/2061/3702
f 3294/2061/3702 1798/2062/3705 427/2063/3706 1799/2064/3707
f 1774/2010/3703 3294/2061/3702 1799/2064/3707 415/2011/3708
f 415/2011/3709 1799/2064/3710 3295/2065/3711 1776/2014/3712
f 1799/2064/3710 427/2063/3713 1800/2066/3714 3295/2065/3711
f 3295/2065/3711 1800/2066/3714 428/2067/3715 1801/2068/3716
f 1776/2014/3712 3295/2065/3711 1801/2068/3716 416/2015/3717
f 416/2015/3718 1801/2069/3719 3296/2070/3720 1778/2019/3721
f 1801/2069/3719 428/2071/3722 1802/2072/3723 3296/2070/3720
f 3296/2070/3720 1802/2072/3723 429/2073/3724 1803/2074/3725
f 1778/2019/3721 3296/2070/3720 1803/2074/3725 417/2020/3726
f 417/2024/3727 1803/2075/3728 3297/2076/3729 1780/2025/3730
f 1803/2075/3728 429/2077/3731 1804/2078/3732 3297/2076/3729
f 3297/2076/3729 1804/2078/3732 430/2079/3733 1805/2080/3734
f 1780/2025/3730 3297/2076/3729 1805/2080/3734 418/2026/3735
f 418/2026/3736 1805/2080/3737 3298/2081/3738 1782/2030/3739
f 1805/2080/3737 430/2079/3740 1806/2082/3741 3298/2081/3738
f 3298/2081/3738 1806/2082/3741 431/2083/3742 1807/2084/3743
f 1782/2030/3739 3298/2081/3738 1807/2084/3743 419/2031/3744
f 419/2031/3745 1807/2084/3746 3299/2085/3747 1784/2034/3748
f 1807/2084/3746 431/2083/3749 1808/2086/3750 3299/2085/3747
f 3299/2085/3747 1808/2086/3750 432/2087/3751 1809/2088/3752
f 1784/2034/3748 3299/2085/3747 1809/2088/3752 420/2035/3753
f 420/2035/3754 1809/2088/3755 3300/2089/3756 1786/2038/3757
f 1809/2088/3755 432/2087/3758 1810/2090/3759 3300/2089/3756
f 3300/2089/3756 1810/2090/3759 433/2091/3760 1811/2092/3761
f 1786/2038/3757 3300/2089/3756 1811/2092/3761 421/2039/3762
f 421/2039/3763 1811/2092/3764 3301/2093/3765 1788/2042/3766
f 1811/2092/3764 433/2091/3767 1812/2094/3768 3301/2093/3765
f 3301/2093/3765 1812/2094/3768 434/2095/3769 1813/2096/3770
f 1788/2042/3766 3301/2093/3765 1813/2096/3770 422/2043/3771
f 422/2043/3772 1813/2096/3773 3302/2097/3774 1790/2046/3775
f 1813/2096/3773 434/2095/3776 1814/2098/3777 3302/2097/3774
f 3302/2097/3774 1814/2098/3777 423/2049/3778 1791/2047/3779
f 1790/2046/3775 3302/2097/3774 1791/2047/3779 411/1997/3780
f 423/2049/3781 1815/2099/3782 3303/2100/3783 1792/2050/3784
f 1815/2099/3782 435/2101/3785 1816/2102/3786 3303/2100/3783
f 3303/2100/3783 1816/2102/3786 436/2103/3787 1817/2104/3788
f 1792/2050/3784 3303/2100/3783 1817/2104/3788 424/2051/3789
f 424/2051/3790 1817/2104/3791 3304/2105/3792 1794/2054/3793
f 1817/2104/3791 436/2103/3794 1818/2106/3795 3304/2105/3792
f 3304/2105/3792 1818/2106/3795 437/2107/3796 1819/2108/3797
f 1794/2054/3793 3304/2105/3792 1819/2108/3797 425/2055/3798
f 425/2055/3799 1819/2108/3800 3305/2109/3801 1796/2058/3802
f 1819/2108/3800 437/2107/3803 1820/2110/3804 3305/2109/3801
f 3305/2109/3801 1820/2110/3804 438/2111/3805 1821/2112/3806
f 1796/2058/3802 3305/2109/3801 1821/2112/3806 426/2059/3807
f 426/2059/3808 1821/2112/3809 3306/2113/3810 1798/2062/3811
f 1821/2112/3809 438/2111/3812 1822/2114/3813 3306/2113/3810
f 3306/2113/3810 1822/2114/3813 439/2115/3814 1823/2116/3815
f 1798/2062/3811 3306/2113/3810 1823/2116/3815 427/2063/3816
f 427/2063/3817 1823/2116/3818 3307/2117/3819 1800/2066/3820
f 1823/2116/3818 439/2115/3821 1824/2118/3822 3307/2117/3819
f 3307/2117/3819 1824/2118/3822 440/2119/3823 1825/2120/3824
f 1800/2066/3820 3307/2117/3819 1825/2120/3824 428/2067/3825
f 428/2071/3826 1825/2121/3827 3308/2122/3828 1802/2072/3829
f 1825/2121/3827 440/2123/3830 1826/2124/3831 3308/2122/3828
f 3308/2122/3828 1826/2124/3831 441/2125/3832 1827/2126/3833
f 1802/2072/3829 3308/2122/3828 1827/2126/3833 429/2073/3834
f 429/2077/3835 1827/2127/3836 3309/2128/3837 1804/2078/3838
f 1827/2127/3836 441/2129/3839 1828/2130/3840 3309/2128/3837
f 3309/2128/3837 1828/2130/3840 442/2131/3841 1829/2132/3842
f 1804/2078/3838 3309/2128/3837 1829/2132/3842 430/2079/3843
f 430/2079/3844 1829/2133/3845 3310/2134/3846 1806/2082/3847
f 1829/2133/3845 442/2131/3848 1830/2135/3849 3310/2134/3846
f 3310/2134/3846 1830/2135/3849 443/2136/3850 1831/2137/3851
f 1806/2082/3847 3310/2134/3846 1831/2137/3851 431/2083/3852
f 431/2083/3853 1831/2137/3854 3311/2138/3855 1808/2086/3856
f 1831/2137/3854 443/2136/3857 1832/2139/3858 3311/2138/3855
f 3311/2138/3855 1832/2139/3858 444/2140/3859 1833/2141/3860
f 1808/2086/3856 3311/2138/3855 1833/2141/3860 432/2087/3861
f 432/2087/3862 1833/2141/3863 3312/2142/3864 1810/2090/3865
f 1833/2141/3863 444/2140/3866 1834/2143/3867 3312/2142/3864
f 3312/2142/3864 1834/2143/3867 445/2144/3868 1835/2145/3869
f 1810/2090/3865 3312/2142/3864 1835/2145/3869 433/2091/3870
f 433/2091/3871 1835/2145/3872 3313/2146/3873 1812/2094/3874
f 1835/2145/3872 445/2144/3875 1836/2147/3876 3313/2146/3873
f 3313/2146/3873 1836/2147/3876 446/2148/3877 1837/2149/3878
f 1812/2094/3874 3313/2146/3873 1837/2149/3878 434/2095/3879
f 434/2095/3880 1837/2149/3881 3314/2150/3882 1814/2098/3883
f 1837/2149/3881 446/2148/3884 1838/2151/3885 3314/2150/3882
f 3314/2150/3882 1838/2151/3885 435/2101/3886 1815/2099/3887
f 1814/2098/3883 3314/2150/3882 1815/2099/3887 423/2049/3888
f 435/2101/3889 1839/2152/3890 3315/2153/3891 1816/2102/3892
f 1839/2152/3890 447/2154/3893 1840/2155/3894 3315/2153/3891
f 3315/2153/3891 1840/2155/3894 448/2156/3895 1841/2157/3896
f 1816/2102/3892 3315/2153/3891 1841/2157/3896 436/2103/3897
f 436/2103/3898 1841/2157/3899 3316/2158/3900 1818/2106/3901
f 1841/2157/3899 448/2156/3902 1842/2159/3903 3316/2158/3900
f 3316/2158/3900 1842/2159/3903 449/2160/3904 1843/2161/3905
f 1818/2106/3901 3316/2158/3900 1843/2161/3905 437/2107/3906
f 437/2107/3907 1843/2161/3908 3317/2162/3909 1820/2110/3910
f 1843/2161/3908 449/2160/3911 1844/2163/3912 3317/2162/3909
f 3317/2162/3909 1844/2163/3912 450/2164/3913 1845/2165/3914
f 1820/2110/3910 3317/2162/3909 1845/2165/3914 438/2111/3915
f 438/2111/3916 1845/2165/3917 3318/2166/3918 1822/2114/3919
f 1845/2165/3917 450/2164/3920 1846/2167/3921 3318/2166/3918
f 3318/2166/3918 1846/2167/3921 451/2168/3922 1847/2169/3923
f 1822/2114/3919 3318/2166/3918 1847/2169/3923 439/2115/3924
f 439/2115/3925 1847/2169/3926 3319/2170/3927 1824/2118/3928
f 1847/2169/3926 451/2168/3929 1848/2171/3930 3319/2170/3927
f 3319/2170/3927 1848/2171/3930 452/2172/3931 1849/2173/3932
f 1824/2118/3928 3319/2170/3927 1849/2173/3932 440/2119/3933
f 440/2123/3934 1849/2174/3935 3320/2175/3936 1826/2124/3937
f 1849/2174/3935 452/2176/3938 1850/2177/3939 3320/2175/3936
f 3320/2175/3936 1850/2177/3939 453/2178/3940 1851/2179/3941
f 1826/2124/3937 3320/2175/3936 1851/2179/3941 441/2125/3942
f 441/2129/3943 1851/2180/3944 3321/2181/3945 1828/2130/3946
f 1851/2180/3944 453/2182/3947 1852/2183/3948 3321/2181/3945
f 3321/2181/3945 1852/2183/3948 454/2184/3949 1853/2185/3950
f 1828/2130/3946 3321/2181/3945 1853/2185/3950 442/2131/3951
f 442/2131/3952 1853/2186/3953 3322/2187/3954 1830/2135/3955
f 1853/2186/3953 454/2188/3956 1854/2189/3957 3322/2187/3954
f 3322/2187/3954 1854/2189/3957 455/2190/3958 1855/2191/3959
f 1830/2135/3955 3322/2187/3954 1855/2191/3959 443/2136/3960
f 443/2136/3961 1855/2191/3962 3323/2192/3963 1832/2139/3964
f 1855/2191/3962 455/2190/3965 1856/2193/3966 3323/2192/3963
f 3323/2192/3963 1856/2193/3966 456/2194/3967 1857/2195/3968
f 1832/2139/3964 3323/2192/3963 1857/2195/3968 444/2140/3969
f 444/2140/3970 1857/2195/3971 3324/2196/3972 1834/2143/3973
f 1857/2195/3971 456/2194/3974 1858/2197/3975 3324/2196/3972
f 3324/2196/3972 1858/2197/3975 457/2198/3976 1859/2199/3977
f 1834/2143/3973 3324/2196/3972 1859/2199/3977 445/2144/3978
f 445/2144/3979 1859/2199/3980 3325/2200/3981 1836/2147/3982
f 1859/2199/3980 457/2198/3983 1860/2201/3984 3325/2200/3981
f 3325/2200/3981 1860/2201/3984 458/2202/3985 1861/2203/3986
f 1836/2147/3982 3325/2200/3981 1861/2203/3986 446/2148/3987
f 446/2148/3988 1861/2203/3989 3326/2204/3990 1838/2151/3991
f 1861/2203/3989 458/2202/3992 1862/2205/3993 3326/2204/3990
f 3326/2204/3990 1862/2205/3993 447/2154/3994 1839/2152/3995
f 1838/2151/3991 3326/2204/3990 1839/2152/3995 435/2101/3996
f 447/2154/3997 1863/2206/3998 3327/2207/3999 1840/2155/4000
f 1863/2206/3998 459/2208/4001 1864/2209/4002 3327/2207/3999
f 3327/2207/3999 1864/2209/4002 460/2210/4003 1865/2211/4004
f 1840/2155/4000 3327/2207/3999 1865/2211/4004 448/2156/4005
f 448/2156/4006 1865/2211/4007 3328/2212/4008 1842/2159/4009
f 1865/2211/4007 460/2210/4010 1866/2213/4011 3328/2212/4008
f 3328/2212/4008 1866/2213/4011 461/2214/4012 1867/2215/4013
f 1842/2159/4009 3328/2212/4008 1867/2215/4013 449/2160/4014
f 449/2160/4015 1867/2215/4016 3329/2216/4017 1844/2163/4018
f 1867/2215/4016 461/2214/4019 1868/2217/4020 3329/2216/4017
f 3329/2216/4017 1868/2217/4020 462/2218/4021 1869/2219/4022
f 1844/2163/4018 3329/2216/4017 1869/2219/4022 450/2164/4023
f 450/2164/4024 1869/2219/4025 3330/2220/4026 1846/2167/4027
f 1869/2219/4025 462/2218/4028 1870/2221/4029 3330/2220/4026
f 3330/2220/4026 1870/2221/4029 463/2222/4030 1871/2223/4031
f 1846/2167/4027 3330/2220/4026 1871/2223/4031 451/2168/4032
f 451/2168/4033 1871/2223/4034 3331/2224/4035 1848/2171/4036
f 1871/2223/4034 463/2222/4037 1872/2225/4038 3331/2224/4035
f 3331/2224/4035 1872/2225/4038 464/2226/4039 1873/2227/4040
f 1848/2171/4036 3331/2224/4035 1873/2227/4040 452/2172/4041
f 452/2176/4042 1873/2228/4043 3332/2229/4044 1850/2177/4045
f 1873/2228/4043 464/2230/4046 1874/2231/4047 3332/2229/4044
f 3332/2229/4044 1874/2231/4047 465/2232/4048 1875/2233/4049
f 1850/2177/4045 3332/2229/4044 1875/2233/4049 453/2178/4050
f 453/2182/4051 1875/2234/4052 3333/2235/4053 1852/2183/4054
f 1875/2234/4052 465/2236/4055 1876/2237/4056 3333/2235/4053
f 3333/2235/4053 1876/2237/4056 466/2238/4057 1877/2239/4058
f 1852/2183/4054 3333/2235/4053 1877/2239/4058 454/2184/4059
f 454/2188/4060 1877/2240/4061 3334/2241/4062 1854/2189/4063
f 1877/2240/4061 466/2242/4064 1878/2243/4065 3334/2241/4062
f 3334/2241/4062 1878/2243/4065 467/2244/4066 1879/2245/4067
f 1854/2189/4063 3334/2241/4062 1879/2245/4067 455/2190/4068
f 455/2190/4069 1879/2245/4070 3335/2246/4071 1856/2193/4072
f 1879/2245/4070 467/2244/4073 1880/2247/4074 3335/2246/4071
f 3335/2246/4071 1880/2247/4074 468/2248/4075 1881/2249/4076
f 1856/2193/4072 3335/2246/4071 1881/2249/4076 456/2194/4077
f 456/2194/4078 1881/2249/4079 3336/2250/4080 1858/2197/4081
f 1881/2249/4079 468/2248/4082 1882/2251/4083 3336/2250/4080
f 3336/2250/4080 1882/2251/4083 469/2252/4084 1883/2253/4085
f 1858/2197/4081 3336/2250/4080 1883/2253/4085 457/2198/4086
f 457/2198/4087 1883/2253/4088 3337/2254/4089 1860/2201/4090
f 1883/2253/4088 469/2252/4091 1884/2255/4092 3337/2254/4089
f 3337/2254/4089 1884/2255/4092 470/2256/4093 1885/2257/4094
f 1860/2201/4090 3337/2254/4089 1885/2257/4094 458/2202/4095
f 458/2202/4096 1885/2257/4097 3338/2258/4098 1862/2205/4099
f 1885/2257/4097 470/2256/4100 1886/2259/4101 3338/2258/4098
f 3338/2258/4098 1886/2259/4101 459/2208/4102 1863/2206/4103
f 1862/2205/4099 3338/2258/4098 1863/2206/4103 447/2154/4104
f 459/2208/4105 1887/2260/4106 3339/2261/4107 1864/2209/4108
f 1887/2260/4106 471/2262/4109 1888/2263/4110 3339/2261/4107
f 3339/2261/4107 1888/2263/4110 472/2264/4111 1889/2265/4112
f 1864/2209/4108 3339/2261/4107 1889/2265/4112 460/2210/4113
f 460/2210/4114 1889/2265/4115 3340/2266/4116 1866/2213/4117
f 1889/2265/4115 472/2264/4118 1890/2267/4119 3340/2266/4116
f 3340/2266/4116 1890/2267/4119 473/2268/4120 1891/2269/4121
f 1866/2213/4117 3340/2266/4116 1891/2269/4121 461/2214/4122
f 461/2214/4123 1891/2269/4124 3341/2270/4125 1868/2217/4126
f 1891/2269/4124 473/2268/4127 1892/2271/4128 3341/2270/4125
f 3341/2270/4125 1892/2271/4128 474/2272/4129 1893/2273/4130
f 1868/2217/4126 3341/2270/4125 1893/2273/4130 462/2218/4131
f 462/2218/4132 1893/2273/4133 3342/2274/4134 1870/2221/4135
f 1893/2273/4133 474/2272/4136 1894/2275/4137 3342/2274/4134
f 3342/2274/4134 1894/2275/4137 475/2276/4138 1895/2277/4139
f 1870/2221/4135 3342/2274/4134 1895/2277/4139 463/2222/4140
f 463/2222/4141 1895/2277/4142 3343/2278/4143 1872/2225/4144
f 1895/2277/4142 475/2276/4145 1896/2279/4146 3343/2278/4143
f 3343/2278/4143 1896/2279/4146 476/2280/4147 1897/2281/4148
f 1872/2225/4144 3343/2278/4143 1897/2281/4148 464/2226/4149
f 464/2230/4150 1897/2282/4151 3344/2283/4152 1874/2231/4153
f 1897/2282/4151 476/2284/4154 1898/2285/4155 3344/2283/4152
f 3344/2283/4152 1898/2285/4155 477/2286/4156 1899/2287/4157
f 1874/2231/4153 3344/2283/4152 1899/2287/4157 465/2232/4158
f 465/2236/4159 1899/2288/4160 3345/2289/4161 1876/2237/4162
f 1899/2288/4160 477/2290/4163 1900/2291/4164 3345/2289/4161
f 3345/2289/4161 1900/2291/4164 478/2292/4165 1901/2293/4166
f 1876/2237/4162 3345/2289/4161 1901/2293/4166 466/2238/4167
f 466/2242/4168 1901/2294/4169 3346/2295/4170 1878/2243/4171
f 1901/2294/4169 478/2296/4172 1902/2297/4173 3346/2295/4170
f 3346/2295/4170 1902/2297/4173 479/2298/4174 1903/2299/4175
f 1878/2243/4171 3346/2295/4170 1903/2299/4175 467/2244/4176
f 467/2244/4177 1903/2299/4178 3347/2300/4179 1880/2247/4180
f 1903/2299/4178 479/2298/4181 1904/2301/4182 3347/2300/4179
f 3347/2300/4179 1904/2301/4182 480/2302/4183 1905/2303/4184
f 1880/2247/4180 3347/2300/4179 1905/2303/4184 468/2248/4185
f 468/2248/4186 1905/2303/4187 3348/2304/4188 1882/2251/4189
f 1905/2303/4187 480/2302/4190 1906/2305/4191 3348/2304/4188
f 3348/2304/4188 1906/2305/4191 481/2306/4192 1907/2307/4193
f 1882/2251/4189 3348/2304/4188 1907/2307/4193 469/2252/4194
f 469/2252/4195 1907/2307/4196 3349/2308/4197 1884/2255/4198
f 1907/2307/4196 481/2306/4199 1908/2309/4200 3349/2308/4197
f 3349/2308/4197 1908/2309/4200 482/2310/4201 1909/2311/4202
f 1884/2255/4198 3349/2308/4197 1909/2311/4202 470/2256/4203
f 470/2256/4204 1909/2311/4205 3350/2312/4206 1886/2259/4207
f 1909/2311/4205 482/2310/4208 1910/2313/4209 3350/2312/4206
f 3350/2312/4206 1910/2313/4209 471/2262/4210 1887/2260/4211
f 1886/2259/4207 3350/2312/4206 1887/2260/4211 459/2208/4212
f 471/2262/4213 1911/2314/4214 3351/2315/4215 1888/2263/4216
f 1911/2314/4214 483/2316/4217 1912/2317/4218 3351/2315/4215
f 3351/2315/4215 1912/2317/4218 484/2318/4219 1913/2319/4220
f 1888/2263/4216 3351/2315/4215 1913/2319/4220 472/2264/4221
f 472/2264/4222 1913/2319/4223 3352/2320/4224 1890/2267/4225
f 1913/2319/4223 484/2318/4226 1914/2321/4227 3352/2320/4224
f 3352/2320/4224 1914/2321/4227 485/2322/4228 1915/2323/4229
f 1890/2267/4225 3352/2320/4224 1915/2323/4229 473/2268/4230
f 473/2268/4231 1915/2323/4232 3353/2324/4233 1892/2271/4234
f 1915/2323/4232 485/2322/4235 1916/2325/4236 3353/2324/4233
f 3353/2324/4233 1916/2325/4236 486/2326/4237 1917/2327/4238
f 1892/2271/4234 3353/2324/4233 1917/2327/4238 474/2272/4239
f 474/2272/4240 1917/2327/4241 3354/2328/4242 1894/2275/4243
f 1917/2327/4241 486/2326/4244 1918/2329/4245 3354/2328/4242
f 3354/2328/4242 1918/2329/4245 487/2330/4246 1919/2331/4247
f 1894/2275/4243 3354/2328/4242 1919/2331/4247 475/2276/4248
f 475/2276/4249 1919/2331/4250 3355/2332/4251 1896/2279/4252
f 1919/2331/4250 487/2330/4253 1920/2333/4254 3355/2332/4251
f 3355/2332/4251 1920/2333/4254 488/2334/4255 1921/2335/4256
f 1896/2279/4252 3355/2332/4251 1921/2335/4256 476/2280/4257
f 476/2284/4258 1921/2336/4259 3356/2337/4260 1898/2285/4261
f 1921/2336/4259 488/2338/4262 1922/2339/4263 3356/2337/4260
f 3356/2337/4260 1922/2339/4263 489/2340/4264 1923/2341/4265
f 1898/2285/4261 3356/2337/4260 1923/2341/4265 477/2286/4266
f 477/2290/4267 1923/2342/4268 3357/2343/4269 1900/2291/4270
f 1923/2342/4268 489/2344/4271 1924/2345/4272 3357/2343/4269
f 3357/2343/4269 1924/2345/4272 490/2346/4273 1925/2347/4274
f 1900/2291/4270 3357/2343/4269 1925/2347/4274 478/2292/4275
f 478/2296/4276 1925/2348/4277 3358/2349/4278 1902/2297/4279
f 1925/2348/4277 490/2350/4280 1926/2351/4281 3358/2349/4278
f 3358/2349/4278 1926/2351/4281 491/2352/4282 1927/2353/4283
f 1902/2297/4279 3358/2349/4278 1927/2353/4283 479/2298/4284
f 479/2298/4285 1927/2353/4286 3359/2354/4287 1904/2301/4288
f 1927/2353/4286 491/2352/4289 1928/2355/4290 3359/2354/4287
f 3359/2354/4287 1928/2355/4290 492/2356/4291 1929/2357/4292
f 1904/2301/4288 3359/2354/4287 1929/2357/4292 480/2302/4293
f 480/2302/4294 1929/2357/4295 3360/2358/4296 1906/2305/4297
f 1929/2357/4295 492/2356/4298 1930/2359/4299 3360/2358/4296
f 3360/2358/4296 1930/2359/4299 493/2360/4300 1931/2361/4301
f 1906/2305/4297 3360/2358/4296 1931/2361/4301 481/2306/4302
f 481/2306/4303 1931/2361/4304 3361/2362/4305 1908/2309/4306
f 1931/2361/4304 493/2360/4307 1932/2363/4308 3361/2362/4305
f 3361/2362/4305 1932/2363/4308 494/2364/4309 1933/2365/4310
f 1908/2309/4306 3361/2362/4305 1933/2365/4310 482/2310/4311
f 482/2310/4312 1933/2365/4313 3362/2366/4314 1910/2313/4315
f 1933/2365/4313 494/2364/4316 1934/2367/4317 3362/2366/4314
f 3362/2366/4314 1934/2367/4317 483/2316/4318 1911/2314/4319
f 1910/2313/4315 3362/2366/4314 1911/2314/4319 471/2262/4320
f 483/2316/4321 1935/2368/4322 3363/2369/4323 1912/2317/4324
f 1935/2368/4322 495/2370/4325 1936/2371/4326 3363/2369/4323
f 3363/2369/4323 1936/2371/4326 496/2372/4327 1937/2373/4328
f 1912/2317/4324 3363/2369/4323 1937/2373/4328 484/2318/4329
f 484/2318/4330 1937/2373/4331 3364/2374/4332 1914/2321/4333
f 1937/2373/4331 496/2372/4334 1938/2375/4335 3364/2374/4332
f 3364/2374/4332 1938/2375/4335 497/2376/4336 1939/2377/4337
f 1914/2321/4333 3364/2374/4332 1939/2377/4337 485/2322/4338
f 485/2322/4339 1939/2377/4340 3365/2378/4341 1916/2325/4342
f 1939/2377/4340 497/2376/4343 1940/2379/4344 3365/2378/4341
f 3365/2378/4341 1940/2379/4344 498/2380/4345 1941/2381/4346
f 1916/2325/4342 3365/2378/4341 1941/2381/4346 486/2326/4347
f 486/2326/4348 1941/2381/4349 3366/2382/4350 1918/2329/4351
f 1941/2381/4349 498/2380/4352 1942/2383/4353 3366/2382/4350
f 3366/2382/4350 1942/2383/4353 499/2384/4354 1943/2385/4355
f 1918/2329/4351 3366/2382/4350 1943/2385/4355 487/2330/4356
f 487/2330/4357 1943/2385/4358 3367/2386/4359 1920/2333/4360
f 1943/2385/4358 499/2384/4361 1944/2387/4362 3367/2386/4359
f 3367/2386/4359 1944/2387/4362 500/2388/4363 1945/2389/4364
f 1920/2333/4360 3367/2386/4359 1945/2389/4364 488/2334/4365
f 488/2338/4366 1945/2389/4367 3368/2390/4368 1922/2339/4369
f 1945/2389/4367 500/2391/4370 1946/2392/4371 3368/2390/4368
f 3368/2390/4368 1946/2392/4371 501/2393/4372 1947/2394/4373
f 1922/2339/4369 3368/2390/4368 1947/2394/4373 489/2340/4374
f 489/2344/4375 1947/2395/4376 3369/2396/4377 1924/2345/4378
f 1947/2395/4376 501/2397/4379 1948/2398/4380 3369/2396/4377
f 3369/2396/4377 1948/2398/4380 502/2399/4381 1949/2400/4382
f 1924/2345/4378 3369/2396/4377 1949/2400/4382 490/2346/4383
f 490/2350/4384 1949/2401/4385 3370/2402/4386 1926/2351/4387
f 1949/2401/4385 502/2399/4388 1950/2403/4389 3370/2402/4386
f 3370/2402/4386 1950/2403/4389 503/2404/4390 1951/2405/4391
f 1926/2351/4387 3370/2402/4386 1951/2405/4391 491/2352/4392
f 491/2352/4393 1951/2405/4394 3371/2406/4395 1928/2355/4396
f 1951/2405/4394 503/2404/4397 1952/2407/4398 3371/2406/4395
f 3371/2406/4395 1952/2407/4398 504/2408/4399 1953/2409/4400
f 1928/2355/4396 3371/2406/4395 1953/2409/4400 492/2356/4401
f 492/2356/4402 1953/2409/4403 3372/2410/4404 1930/2359/4405
f 1953/2409/4403 504/2408/4406 1954/2411/4407 3372/2410/4404
f 3372/2410/4404 1954/2411/4407 505/2412/4408 1955/2413/4409
f 1930/2359/4405 3372/2410/4404 1955/2413/4409 493/2360/4410
f 493/2360/4411 1955/2413/4412 3373/2414/4413 1932/2363/4414
f 1955/2413/4412 505/2412/4415 1956/2415/4416 3373/2414/4413
f 3373/2414/4413 1956/2415/4416 506/2416/4417 1957/2417/4418
f 1932/2363/4414 3373/2414/4413 1957/2417/4418 494/2364/4419
f 494/2364/4420 1957/2417/4421 3374/2418/4422 1934/2367/4423
f 1957/2417/4421 506/2416/4424 1958/2419/4425 3374/2418/4422
f 3374/2418/4422 1958/2419/4425 495/2370/4426 1935/2368/4427
f 1934/2367/4423 3374/2418/4422 1935/2368/4427 483/2316/4428
f 495/2370/4429 1959/2420/4430 3375/2421/4431 1936/2371/4432
f 1959/2420/4430 507/2422/4433 1960/2423/4434 3375/2421/4431
f 3375/2421/4431 1960/2423/4434 508/2424/4435 1961/2425/4436
f 1936/2371/4432 3375/2421/4431 1961/2425/4436 496/2372/4437
f 496/2372/4438 1961/2425/4439 3376/2426/4440 1938/2375/4441
f 1961/2425/4439 508/2424/4442 1962/2427/4443 3376/2426/4440
f 3376/2426/4440 1962/2427/4443 509/2428/4444 1963/2429/4445
f 1938/2375/4441 3376/2426/4440 1963/2429/4445 497/2376/4446
f 497/2376/4447 1963/2429/4448 3377/2430/4449 1940/2379/4450
f 1963/2429/4448 509/2428/4451 1964/2431/4452 3377/2430/4449
f 3377/2430/4449 1964/2431/4452 510/2432/4453 1965/2433/4454
f 1940/2379/4450 3377/2430/4449 1965/2433/4454 498/2380/4455
f 498/2380/4456 1965/2433/4457 3378/2434/4458 1942/2383/4459
f 1965/2433/4457 510/2432/4460 1966/2435/4461 3378/2434/4458
f 3378/2434/4458 1966/2435/4461 511/2436/4462 1967/2437/4463
f 1942/2383/4459 3378/2434/4458 1967/2437/4463 499/2384/4464
f 499/2384/4465 1967/2437/4466 3379/2438/4467 1944/2387/4468
f 1967/2437/4466 511/2436/4469 1968/2439/4470 3379/2438/4467
f 3379/2438/4467 1968/2439/4470 512/2440/4471 1969/2441/4472
f 1944/2387/4468 3379/2438/4467 1969/2441/4472 500/2388/4473
f 500/2391/4474 1969/2442/4475 3380/2443/4476 1946/2392/4477
f 1969/2442/4475 512/2444/4478 1970/2445/4479 3380/2443/4476
f 3380/2443/4476 1970/2445/4479 513/2446/4480 1971/2447/4481
f 1946/2392/4477 3380/2443/4476 1971/2447/4481 501/2393/4482
f 501/2397/4483 1971/2448/4484 3381/2449/4485 1948/2398/4486
f 1971/2448/4484 513/2450/4487 1972/2451/4488 3381/2449/4485
f 3381/2449/4485 1972/2451/4488 514/2452/4489 1973/2453/4490
f 1948/2398/4486 3381/2449/4485 1973/2453/4490 502/2399/4491
f 502/2399/4492 1973/2454/4493 3382/2455/4494 1950/2403/4495
f 1973/2454/4493 514/2456/4496 1974/2457/4497 3382/2455/4494
f 3382/2455/4494 1974/2457/4497 515/2458/4498 1975/2459/4499
f 1950/2403/4495 3382/2455/4494 1975/2459/4499 503/2404/4500
f 503/2404/4501 1975/2459/4502 3383/2460/4503 1952/2407/4504
f 1975/2459/4502 515/2458/4505 1976/2461/4506 3383/2460/4503
f 3383/2460/4503 1976/2461/4506 516/2462/4507 1977/2463/4508
f 1952/2407/4504 3383/2460/4503 1977/2463/4508 504/2408/4509
f 504/2408/4510 1977/2463/4511 3384/2464/4512 1954/2411/4513
f 1977/2463/4511 516/2462/4514 1978/2465/4515 3384/2464/4512
f 3384/2464/4512 1978/2465/4515 517/2466/4516 1979/2467/4517
f 1954/2411/4513 3384/2464/4512 1979/2467/4517 505/2412/4518
f 505/2412/4519 1979/2467/4520 3385/2468/4521 1956/2415/4522
f 1979/2467/4520 517/2466/4523 1980/2469/4524 3385/2468/4521
f 3385/2468/4521 1980/2469/4524 518/2470/4525 1981/2471/4526
f 1956/2415/4522 3385/2468/4521 1981/2471/4526 506/2416/4527
f 506/2416/4528 1981/2471/4529 3386/2472/4530 1958/2419/4531
f 1981/2471/4529 518/2470/4532 1982/2473/4533 3386/2472/4530
f 3386/2472/4530 1982/2473/4533 507/2422/4534 1959/2420/4535
f 1958/2419/4531 3386/2472/4530 1959/2420/4535 495/2370/4536
f 507/2474/4537 1983/2475/4538 3387/2476/4539 1960/2477/4540
f 1983/2475/4538 519/2478/4541 1984/2479/4542 3387/2476/4539
f 3387/2476/4539 1984/2479/4542 520/2480/4543 1985/2481/4544
f 1960/2477/4540 3387/2476/4539 1985/2481/4544 508/2482/4545
f 508/2482/4546 1985/2481/4547 3388/2483/4548 1962/2427/4549
f 1985/2481/4547 520/2480/4550 1986/2484/4551 3388/2483/4548
f 3388/2483/4548 1986/2484/4551 521/2485/4552 1987/2486/4553
f 1962/2427/4549 3388/2483/4548 1987/2486/4553 509/2487/4554
f 509/2487/4555 1987/2486/4556 3389/2488/4557 1964/2489/4558
f 1987/2486/4556 521/2485/4559 1988/2490/4560 3389/2488/4557
f 3389/2488/4557 1988/2490/4560 522/2491/4561 1989/2492/4562
f 1964/2489/4558 3389/2488/4557 1989/2492/4562 510/2432/4563
f 510/2432/4564 1989/2492/4565 3390/2493/4566 1966/2435/4567
f 1989/2492/4565 522/2491/4568 1990/2494/4569 3390/2493/4566
f 3390/2493/4566 1990/2494/4569 523/2495/4570 1991/2496/4571
f 1966/2435/4567 3390/2493/4566 1991/2496/4571 511/2436/4572
f 511/2436/4573 1991/2496/4574 3391/2497/4575 1968/2498/4576
f 1991/2496/4574 523/2495/4577 1992/2499/4578 3391/2497/4575
f 3391/2497/4575 1992/2499/4578 524/2500/4579 1993/2501/4580
f 1968/2498/4576 3391/2497/4575 1993/2501/4580 512/2444/4581
f 512/2444/4582 1993/2501/4583 3392/2502/4584 1970/2445/4585
f 1993/2501/4583 524/2500/4586 1994/2503/4587 3392/2502/4584
f 3392/2502/4584 1994/2503/4587 525/2504/4588 1995/2505/4589
f 1970/2445/4585 3392/2502/4584 1995/2505/4589 513/2446/4590
f 513/2450/4591 1995/2506/4592 3393/2507/4593 1972/2451/4594
f 1995/2506/4592 525/2508/4595 1996/2509/4596 3393/2507/4593
f 3393/2507/4593 1996/2509/4596 526/2510/4597 1997/2511/4598
f 1972/2451/4594 3393/2507/4593 1997/2511/4598 514/2452/4599
f 514/2452/4600 1997/2511/4601 3394/2512/4602 1974/2513/4603
f 1997/2511/4601 526/2510/4604 1998/2514/4605 3394/2512/4602
f 3394/2512/4602 1998/2514/4605 527/2515/4606 1999/2516/4607
f 1974/2513/4603 3394/2512/4602 1999/2516/4607 515/2458/4608
f 515/2458/4609 1999/2516/4610 3395/2517/4611 1976/2518/4612
f 1999/2516/4610 527/2515/4613 2000/2519/4614 3395/2517/4611
f 3395/2517/4611 2000/2519/4614 528/2520/4615 2001/2521/4616
f 1976/2518/4612 3395/2517/4611 2001/2521/4616 516/2522/4617
f 516/2522/4618 2001/2521/4619 3396/2523/4620 1978/2524/4621
f 2001/2521/4619 528/2520/4622 2002/2525/4623 3396/2523/4620
f 3396/2523/4620 2002/2525/4623 529/2526/4624 2003/2527/4625
f 1978/2524/4621 3396/2523/4620 2003/2527/4625 517/2528/4626
f 517/2528/4627 2003/2527/4628 3397/2529/4629 1980/2530/4630
f 2003/2527/4628 529/2526/4631 2004/2531/4632 3397/2529/4629
f 3397/2529/4629 2004/2531/4632 530/2532/4633 2005/2533/4634
f 1980/2530/4630 3397/2529/4629 2005/2533/4634 518/2534/4635
f 518/2534/4636 2005/2533/4637 3398/2535/4638 1982/2536/4639
f 2005/2533/4637 530/2532/4640 2006/2537/4641 3398/2535/4638
f 3398/2535/4638 2006/2537/4641 519/2478/4642 1983/2475/4643
f 1982/2536/4639 3398/2535/4638 1983/2475/4643 507/2474/4644
f 519/2538/4645 2007/2539/4646 3399/2540/4647 1984/2541/4648
f 2007/2539/4646 531/2542/4649 2008/2543/4650 3399/2540/4647
f 3399/2540/4647 2008/2543/4650 532/2544/4651 2009/2545/4652
f 1984/2541/4648 3399/2540/4647 2009/2545/4652 520/2546/4653
f 520/2546/4654 2009/2545/4655 3400/2547/4656 1986/2548/4657
f 2009/2545/4655 532/2544/4658 2010/2549/4659 3400/2547/4656
f 3400/2547/4656 2010/2549/4659 533/2550/4660 2011/2551/4661
f 1986/2548/4657 3400/2547/4656 2011/2551/4661 521/2552/4662
f 521/2552/4663 2011/2551/4664 3401/2553/4665 1988/2554/4666
f 2011/2551/4664 533/2550/4667 2012/2555/4668 3401/2553/4665
f 3401/2553/4665 2012/2555/4668 534/2556/4669 2013/2557/4670
f 1988/2554/4666 3401/2553/4665 2013/2557/4670 522/2558/4671
f 522/2558/4672 2013/2557/4673 3402/2559/4674 1990/2560/4675
f 2013/2557/4673 534/2556/4676 2014/2561/4677 3402/2559/4674
f 3402/2559/4674 2014/2561/4677 535/2562/4678 2015/2563/4679
f 1990/2560/4675 3402/2559/4674 2015/2563/4679 523/2564/4680
f 523/2564/4681 2015/2563/4682 3403/2565/4683 1992/2566/4684
f 2015/2563/4682 535/2562/4685 2016/2567/4686 3403/2565/4683
f 3403/2565/4683 2016/2567/4686 536/2568/4687 2017/2569/4688
f 1992/2566/4684 3403/2565/4683 2017/2569/4688 524/2570/4689
f 524/2570/4690 2017/2569/4691 3404/2571/4692 1994/2572/4693
f 2017/2569/4691 536/2568/4694 2018/2573/4695 3404/2571/4692
f 3404/2571/4692 2018/2573/4695 537/2574/4696 2019/2575/4697
f 1994/2572/4693 3404/2571/4692 2019/2575/4697 525/2576/4698
f 525/2577/4699 2019/2578/4700 3405/2579/4701 1996/2580/4702
f 2019/2578/4700 537/2581/4703 2020/2582/4704 3405/2579/4701
f 3405/2579/4701 2020/2582/4704 538/2583/4705 2021/2584/4706
f 1996/2580/4702 3405/2579/4701 2021/2584/4706 526/2585/4707
f 526/2585/4708 2021/2584/4709 3406/2586/4710 1998/2587/4711
f 2021/2584/4709 538/2583/4712 2022/2588/4713 3406/2586/4710
f 3406/2586/4710 2022/2588/4713 539/2589/4714 2023/2590/4715
f 1998/2587/4711 3406/2586/4710 2023/2590/4715 527/2591/4716
f 527/2591/4717 2023/2590/4718 3407/2592/4719 2000/2593/4720
f 2023/2590/4718 539/2589/4721 2024/2594/4722 3407/2592/4719
f 3407/2592/4719 2024/2594/4722 540/2595/4723 2025/2596/4724
f 2000/2593/4720 3407/2592/4719 2025/2596/4724 528/2597/4725
f 528/2597/4726 2025/2596/4727 3408/2598/4728 2002/2599/4729
f 2025/2596/4727 540/2595/4730 2026/2600/4731 3408/2598/4728
f 3408/2598/4728 2026/2600/4731 541/2601/4732 2027/2602/4733
f 2002/2599/4729 3408/2598/4728 2027/2602/4733 529/2603/4734
f 529/2603/4735 2027/2602/4736 3409/2604/4737 2004/2605/4738
f 2027/2602/4736 541/2601/4739 2028/2606/4740 3409/2604/4737
f 3409/2604/4737 2028/2606/4740 542/2607/4741 2029/2608/4742
f 2004/2605/4738 3409/2604/4737 2029/2608/4742 530/2609/4743
f 530/2609/4744 2029/2608/4745 3410/2610/4746 2006/2611/4747
f 2029/2608/4745 542/2607/4748 2030/2612/4749 3410/2610/4746
f 3410/2610/4746 2030/2612/4749 531/2542/4750 2007/2539/4751
f 2006/2611/4747 3410/2610/4746 2007/2539/4751 519/2538/4752
f 531/2613/4753 2031/2614/4754 3411/2615/4755 2008/2616/4756
f 2031/2614/4754 543/2617/4757 2032/2618/4758 3411/2615/4755
f 3411/2615/4755 2032/2618/4758 544/2619/4759 2033/2620/4760
f 2008/2616/4756 3411/2615/4755 2033/2620/4760 532/2621/4761
f 532/2621/4762 2033/2620/4763 3412/2622/4764 2010/2623/4765
f 2033/2620/4763 544/2619/4766 2034/2624/4767 3412/2622/4764
f 3412/2622/4764 2034/2624/4767 545/2625/4768 2035/2626/4769
f 2010/2623/4765 3412/2622/4764 2035/2626/4769 533/2627/4770
f 533/2627/4771 2035/2626/4772 3413/2628/4773 2012/2629/4774
f 2035/2626/4772 545/2625/4775 2036/2630/4776 3413/2628/4773
f 3413/2628/4773 2036/2630/4776 546/2631/4777 2037/2632/4778
f 2012/2629/4774 3413/2628/4773 2037/2632/4778 534/2633/4779
f 534/2633/4780 2037/2632/4781 3414/2634/4782 2014/2561/4783
f 2037/2632/4781 546/2631/4784 2038/2635/4785 3414/2634/4782
f 3414/2634/4782 2038/2635/4785 547/2636/4786 2039/2637/4787
f 2014/2561/4783 3414/2634/4782 2039/2637/4787 535/2638/4788
f 535/2638/4789 2039/2637/4790 3415/2639/4791 2016/2640/4792
f 2039/2637/4790 547/2636/4793 2040/2641/4794 3415/2639/4791
f 3415/2639/4791 2040/2641/4794 548/2642/4795 2041/2643/4796
f 2016/2640/4792 3415/2639/4791 2041/2643/4796 536/2644/4797
f 536/2568/4798 2041/2643/4799 3416/2645/4800 2018/2573/4801
f 2041/2643/4799 548/2646/4802 2042/2647/4803 3416/2645/4800
f 3416/2645/4800 2042/2647/4803 549/2648/4804 2043/2649/4805
f 2018/2573/4801 3416/2645/4800 2043/2649/4805 537/2574/4806
f 537/2581/4807 2043/2650/4808 3417/2651/4809 2020/2582/4810
f 2043/2650/4808 549/2652/4811 2044/2653/4812 3417/2651/4809
f 3417/2651/4809 2044/2653/4812 550/2654/4813 2045/2655/4814
f 2020/2582/4810 3417/2651/4809 2045/2655/4814 538/2583/4815
f 538/2656/4816 2045/2657/4817 3418/2658/4818 2022/2588/4819
f 2045/2657/4817 550/2659/4820 2046/2660/4821 3418/2658/4818
f 3418/2658/4818 2046/2660/4821 551/2661/4822 2047/2662/4823
f 2022/2588/4819 3418/2658/4818 2047/2662/4823 539/2663/4824
f 539/2663/4825 2047/2662/4826 3419/2664/4827 2024/2665/4828
f 2047/2662/4826 551/2661/4829 2048/2666/4830 3419/2664/4827
f 3419/2664/4827 2048/2666/4830 552/2667/4831 2049/2668/4832
f 2024/2665/4828 3419/2664/4827 2049/2668/4832 540/2669/4833
f 540/2669/4834 2049/2668/4835 3420/2670/4836 2026/2671/4837
f 2049/2668/4835 552/2667/4838 2050/2672/4839 3420/2670/4836
f 3420/2670/4836 2050/2672/4839 553/2673/4840 2051/2674/4841
f 2026/2671/4837 3420/2670/4836 2051/2674/4841 541/2675/4842
f 541/2675/4843 2051/2674/4844 3421/2676/4845 2028/2677/4846
f 2051/2674/4844 553/2673/4847 2052/2678/4848 3421/2676/4845
f 3421/2676/4845 2052/2678/4848 554/2679/4849 2053/2680/4850
f 2028/2677/4846 3421/2676/4845 2053/2680/4850 542/2681/4851
f 542/2681/4852 2053/2680/4853 3422/2682/4854 2030/2683/4855
f 2053/2680/4853 554/2679/4856 2054/2684/4857 3422/2682/4854
f 3422/2682/4854 2054/2684/4857 543/2617/4858 2031/2614/4859
f 2030/2683/4855 3422/2682/4854 2031/2614/4859 531/2613/4860
f 543/2617/4861 2055/2685/4862 3423/2686/4863 2032/2618/4864
f 2055/2685/4862 555/2687/4865 2056/2688/4866 3423/2686/4863
f 3423/2686/4863 2056/2688/4866 556/2689/4867 2057/2690/4868
f 2032/2618/4864 3423/2686/4863 2057/2690/4868 544/2619/4869
f 544/2619/4870 2057/2690/4871 3424/2691/4872 2034/2624/4873
f 2057/2690/4871 556/2689/4874 2058/2692/4875 3424/2691/4872
f 3424/2691/4872 2058/2692/4875 557/2693/4876 2059/2694/4877
f 2034/2624/4873 3424/2691/4872 2059/2694/4877 545/2625/4878
f 545/2625/4879 2059/2694/4880 3425/2695/4881 2036/2630/4882
f 2059/2694/4880 557/2693/4883 2060/2696/4884 3425/2695/4881
f 3425/2695/4881 2060/2696/4884 558/2697/4885 2061/2698/4886
f 2036/2630/4882 3425/2695/4881 2061/2698/4886 546/2631/4887
f 546/2631/4888 2061/2698/4889 3426/2699/4890 2038/2635/4891
f 2061/2698/4889 558/2697/4892 2062/2700/4893 3426/2699/4890
f 3426/2699/4890 2062/2700/4893 559/2701/4894 2063/2702/4895
f 2038/2635/4891 3426/2699/4890 2063/2702/4895 547/2636/4896
f 547/2636/4897 2063/2702/4898 3427/2703/4899 2040/2641/4900
f 2063/2702/4898 559/2701/4901 2064/2704/4902 3427/2703/4899
f 3427/2703/4899 2064/2704/4902 560/2705/4903 2065/2706/4904
f 2040/2641/4900 3427/2703/4899 2065/2706/4904 548/2642/4905
f 548/2646/4906 2065/2707/4907 3428/2708/4908 2042/2647/4909
f 2065/2707/4907 560/2705/4910 2066/2709/4911 3428/2708/4908
f 3428/2708/4908 2066/2709/4911 561/2710/4912 2067/2711/4913
f 2042/2647/4909 3428/2708/4908 2067/2711/4913 549/2648/4914
f 549/2652/4915 2067/2712/4916 3429/2713/4917 2044/2653/4918
f 2067/2712/4916 561/2714/4919 2068/2715/4920 3429/2713/4917
f 3429/2713/4917 2068/2715/4920 562/2716/4921 2069/2717/4922
f 2044/2653/4918 3429/2713/4917 2069/2717/4922 550/2654/4923
f 550/2659/4924 2069/2718/4925 3430/2719/4926 2046/2660/4927
f 2069/2718/4925 562/2720/4928 2070/2721/4929 3430/2719/4926
f 3430/2719/4926 2070/2721/4929 563/2722/4930 2071/2723/4931
f 2046/2660/4927 3430/2719/4926 2071/2723/4931 551/2661/4932
f 551/2661/4933 2071/2723/4934 3431/2724/4935 2048/2666/4936
f 2071/2723/4934 563/2722/4937 2072/2725/4938 3431/2724/4935
f 3431/2724/4935 2072/2725/4938 564/2726/4939 2073/2727/4940
f 2048/2666/4936 3431/2724/4935 2073/2727/4940 552/2667/4941
f 552/2667/4942 2073/2727/4943 3432/2728/4944 2050/2672/4945
f 2073/2727/4943 564/2726/4946 2074/2729/4947 3432/2728/4944
f 3432/2728/4944 2074/2729/4947 565/2730/4948 2075/2731/4949
f 2050/2672/4945 3432/2728/4944 2075/2731/4949 553/2673/4950
f 553/2673/4951 2075/2731/4952 3433/2732/4953 2052/2678/4954
f 2075/2731/4952 565/2730/4955 2076/2733/4956 3433/2732/4953
f 3433/2732/4953 2076/2733/4956 566/2734/4957 2077/2735/4958
f 2052/2678/4954 3433/2732/4953 2077/2735/4958 554/2679/4959
f 554/2679/4960 2077/2735/4961 3434/2736/4962 2054/2684/4963
f 2077/2735/4961 566/2734/4964 2078/2737/4965 3434/2736/4962
f 3434/2736/4962 2078/2737/4965 555/2687/4966 2055/2685/4967
f 2054/2684/4963 3434/2736/4962 2055/2685/4967 543/2617/4968
f 555/2687/4969 2079/2738/4970 3435/2739/4971 2056/2688/4972
f 2079/2738/4970 567/2740/4973 2080/2741/4974 3435/2739/4971
f 3435/2739/4971 2080/2741/4974 568/2742/4975 2081/2743/4976
f 2056/2688/4972 3435/2739/4971 2081/2743/4976 556/2689/4977
f 556/2689/4978 2081/2743/4979 3436/2744/4980 2058/2692/4981
f 2081/2743/4979 568/2742/4982 2082/2745/4983 3436/2744/4980
f 3436/2744/4980 2082/2745/4983 569/2746/4984 2083/2747/4985
f 2058/2692/4981 3436/2744/4980 2083/2747/4985 557/2693/4986
f 557/2693/4987 2083/2747/4988 3437/2748/4989 2060/2696/4990
f 2083/2747/4988 569/2746/4991 2084/2749/4992 3437/2748/4989
f 3437/2748/4989 2084/2749/4992 570/2750/4993 2085/2751/4994
f 2060/2696/4990 3437/2748/4989 2085/2751/4994 558/2697/4995
f 558/2697/4996 2085/2751/4997 3438/2752/4998 2062/2700/4999
f 2085/2751/4997 570/2750/5000 2086/2753/5001 3438/2752/4998
f 3438/2752/4998 2086/2753/5001 571/2754/5002 2087/2755/5003
f 2062/2700/4999 3438/2752/4998 2087/2755/5003 559/2701/5004
f 559/2701/5005 2087/2755/5006 3439/2756/5007 2064/2704/5008
f 2087/2755/5006 571/2754/5009 2088/2757/5010 3439/2756/5007
f 3439/2756/5007 2088/2757/5010 572/2758/5011 2089/2759/5012
f 2064/2704/5008 3439/2756/5007 2089/2759/5012 560/2705/5013
f 560/2705/5014 2089/2760/5015 3440/2761/5016 2066/2709/5017
f 2089/2760/5015 572/2762/5018 2090/2763/5019 3440/2761/5016
f 3440/2761/5016 2090/2763/5019 573/2764/5020 2091/2765/5021
f 2066/2709/5017 3440/2761/5016 2091/2765/5021 561/2710/5022
f 561/2714/5023 2091/2766/5024 3441/2767/5025 2068/2715/5026
f 2091/2766/5024 573/2768/5027 2092/2769/5028 3441/2767/5025
f 3441/2767/5025 2092/2769/5028 574/2770/5029 2093/2771/5030
f 2068/2715/5026 3441/2767/5025 2093/2771/5030 562/2716/5031
f 562/2720/5032 2093/2772/5033 3442/2773/5034 2070/2721/5035
f 2093/2772/5033 574/2774/5036 2094/2775/5037 3442/2773/5034
f 3442/2773/5034 2094/2775/5037 575/2776/5038 2095/2777/5039
f 2070/2721/5035 3442/2773/5034 2095/2777/5039 563/2722/5040
f 563/2722/5041 2095/2777/5042 3443/2778/5043 2072/2725/5044
f 2095/2777/5042 575/2776/5045 2096/2779/5046 3443/2778/5043
f 3443/2778/5043 2096/2779/5046 576/2780/5047 2097/2781/5048
f 2072/2725/5044 3443/2778/5043 2097/2781/5048 564/2726/5049
f 564/2726/5050 2097/2781/5051 3444/2782/5052 2074/2729/5053
f 2097/2781/5051 576/2780/5054 2098/2783/5055 3444/2782/5052
f 3444/2782/5052 2098/2783/5055 577/2784/5056 2099/2785/5057
f 2074/2729/5053 3444/2782/5052 2099/2785/5057 565/2730/5058
f 565/2730/5059 2099/2785/5060 3445/2786/5061 2076/2733/5062
f 2099/2785/5060 577/2784/5063 2100/2787/5064 3445/2786/5061
f 3445/2786/5061 2100/2787/5064 578/2788/5065 2101/2789/5066
f 2076/2733/5062 3445/2786/5061 2101/2789/5066 566/2734/5067
f 566/2734/5068 2101/2789/5069 3446/2790/5070 2078/2737/5071
f 2101/2789/5069 578/2788/5072 2102/2791/5073 3446/2790/5070
f 3446/2790/5070 2102/2791/5073 567/2740/5074 2079/2738/5075
f 2078/2737/5071 3446/2790/5070 2079/2738/5075 555/2687/5076
f 567/2740/5077 2103/2792/5078 3447/2793/5079 2080/2741/5080
f 2103/2792/5078 579/2794/5081 2104/2795/5082 3447/2793/5079
f 3447/2793/5079 2104/2795/5082 580/2796/5083 2105/2797/5084
f 2080/2741/5080 3447/2793/5079 2105/2797/5084 568/2742/5085
f 568/2742/5086 2105/2797/5087 3448/2798/5088 2082/2745/5089
f 2105/2797/5087 580/2796/5090 2106/2799/5091 3448/2798/5088
f 3448/2798/5088 2106/2799/5091 581/2800/5092 2107/2801/5093
f 2082/2745/5089 3448/2798/5088 2107/2801/5093 569/2746/5094
f 569/2746/5095 2107/2801/5096 3449/2802/5097 2084/2749/5098
f 2107/2801/5096 581/2800/5099 2108/2803/5100 3449/2802/5097
f 3449/2802/5097 2108/2803/5100 582/2804/5101 2109/2805/5102
f 2084/2749/5098 3449/2802/5097 2109/2805/5102 570/2750/5103
f 570/2750/5104 2109/2805/5105 3450/2806/5106 2086/2753/5107
f 2109/2805/5105 582/2804/5108 2110/2807/5109 3450/2806/5106
f 3450/2806/5106 2110/2807/5109 583/2808/5110 2111/2809/5111
f 2086/2753/5107 3450/2806/5106 2111/2809/5111 571/2754/5112
f 571/2754/5113 2111/2809/5114 3451/2810/5115 2088/2757/5116
f 2111/2809/5114 583/2808/5117 2112/2811/5118 3451/2810/5115
f 3451/2810/5115 2112/2811/5118 584/2812/5119 2113/2813/5120
f 2088/2757/5116 3451/2810/5115 2113/2813/5120 572/2758/5121
f 572/2762/5122 2113/2814/5123 3452/2815/5124 2090/2763/5125
f 2113/2814/5123 584/2816/5126 2114/2817/5127 3452/2815/5124
f 3452/2815/5124 2114/2817/5127 585/2818/5128 2115/2819/5129
f 2090/2763/5125 3452/2815/5124 2115/2819/5129 573/2764/5130
f 573/2768/5131 2115/2820/5132 3453/2821/5133 2092/2769/5134
f 2115/2820/5132 585/2822/5135 2116/2823/5136 3453/2821/5133
f 3453/2821/5133 2116/2823/5136 586/2824/5137 2117/2825/5138
f 2092/2769/5134 3453/2821/5133 2117/2825/5138 574/2770/5139
f 574/2774/5140 2117/2826/5141 3454/2827/5142 2094/2775/5143
f 2117/2826/5141 586/2828/5144 2118/2829/5145 3454/2827/5142
f 3454/2827/5142 2118/2829/5145 587/2830/5146 2119/2831/5147
f 2094/2775/5143 3454/2827/5142 2119/2831/5147 575/2776/5148
f 575/2776/5149 2119/2831/5150 3455/2832/5151 2096/2779/5152
f 2119/2831/5150 587/2830/5153 2120/2833/5154 3455/2832/5151
f 3455/2832/5151 2120/2833/5154 588/2834/5155 2121/2835/5156
f 2096/2779/5152 3455/2832/5151 2121/2835/5156 576/2780/5157
f 576/2780/5158 2121/2835/5159 3456/2836/5160 2098/2783/5161
f 2121/2835/5159 588/2834/5162 2122/2837/5163 3456/2836/5160
f 3456/2836/5160 2122/2837/5163 589/2838/5164 2123/2839/5165
f 2098/2783/5161 3456/2836/5160 2123/2839/5165 577/2784/5166
f 577/2784/5167 2123/2839/5168 3457/2840/5169 2100/2787/5170
f 2123/2839/5168 589/2838/5171 2124/2841/5172 3457/2840/5169
f 3457/2840/5169 2124/2841/5172 590/2842/5173 2125/2843/5174
f 2100/2787/5170 3457/2840/5169 2125/2843/5174 578/2788/5175
f 578/2788/5176 2125/2843/5177 3458/2844/5178 2102/2791/5179
f 2125/2843/5177 590/2842/5180 2126/2845/5181 3458/2844/5178
f 3458/2844/5178 2126/2845/5181 579/2794/5182 2103/2792/5183
f 2102/2791/5179 3458/2844/5178 2103/2792/5183 567/2740/5184
f 579/2794/5185 2127/2846/5186 3459/2847/5187 2104/2795/5188
f 2127/2846/5186 591/2848/5189 2128/2849/5190 3459/2847/5187
f 3459/2847/5187 2128/2849/5190 592/2850/5191 2129/2851/5192
f 2104/2795/5188 3459/2847/5187 2129/2851/5192 580/2796/5193
f 580/2796/5194 2129/2851/5195 3460/2852/5196 2106/2799/5197
f 2129/2851/5195 592/2850/5198 2130/2853/5199 3460/2852/5196
f 3460/2852/5196 2130/2853/5199 593/2854/5200 2131/2855/5201
f 2106/2799/5197 3460/2852/5196 2131/2855/5201 581/2800/5202
f 581/2800/5203 2131/2855/5204 3461/2856/5205 2108/2803/5206
f 2131/2855/5204 593/2854/5207 2132/2857/5208 3461/2856/5205
f 3461/2856/5205 2132/2857/5208 594/2858/5209 2133/2859/5210
f 2108/2803/5206 3461/2856/5205 2133/2859/5210 582/2804/5211
f 582/2804/5212 2133/2859/5213 3462/2860/5214 2110/2807/5215
f 2133/2859/5213 594/2858/5216 2134/2861/5217 3462/2860/5214
f 3462/2860/5214 2134/2861/5217 595/2862/5218 2135/2863/5219
f 2110/2807/5215 3462/2860/5214 2135/2863/5219 583/2808/5220
f 583/2808/5221 2135/2863/5222 3463/2864/5223 2112/2811/5224
f 2135/2863/5222 595/2862/5225 2136/2865/5226 3463/2864/5223
f 3463/2864/5223 2136/2865/5226 596/2866/5227 2137/2867/5228
f 2112/2811/5224 3463/2864/5223 2137/2867/5228 584/2812/5229
f 584/2816/5230 2137/2867/5231 3464/2868/5232 2114/2817/5233
f 2137/2867/5231 596/2869/5234 2138/2870/5235 3464/2868/5232
f 3464/2868/5232 2138/2870/5235 597/2871/5236 2139/2872/5237
f 2114/2817/5233 3464/2868/5232 2139/2872/5237 585/2818/5238
f 585/2822/5239 2139/2873/5240 3465/2874/5241 2116/2823/5242
f 2139/2873/5240 597/2875/5243 2140/2876/5244 3465/2874/5241
f 3465/2874/5241 2140/2876/5244 598/2877/5245 2141/2878/5246
f 2116/2823/5242 3465/2874/5241 2141/2878/5246 586/2824/5247
f 586/2828/5248 2141/2879/5249 3466/2880/5250 2118/2829/5251
f 2141/2879/5249 598/2877/5252 2142/2881/5253 3466/2880/5250
f 3466/2880/5250 2142/2881/5253 599/2882/5254 2143/2883/5255
f 2118/2829/5251 3466/2880/5250 2143/2883/5255 587/2830/5256
f 587/2830/5257 2143/2883/5258 3467/2884/5259 2120/2833/5260
f 2143/2883/5258 599/2882/5261 2144/2885/5262 3467/2884/5259
f 3467/2884/5259 2144/2885/5262 600/2886/5263 2145/2887/5264
f 2120/2833/5260 3467/2884/5259 2145/2887/5264 588/2834/5265
f 588/2834/5266 2145/2887/5267 3468/2888/5268 2122/2837/5269
f 2145/2887/5267 600/2886/5270 2146/2889/5271 3468/2888/5268
f 3468/2888/5268 2146/2889/5271 601/2890/5272 2147/2891/5273
f 2122/2837/5269 3468/2888/5268 2147/2891/5273 589/2838/5274
f 589/2838/5275 2147/2891/5276 3469/2892/5277 2124/2841/5278
f 2147/2891/5276 601/2890/5279 2148/2893/5280 3469/2892/5277
f 3469/2892/5277 2148/2893/5280 602/2894/5281 2149/2895/5282
f 2124/2841/5278 3469/2892/5277 2149/2895/5282 590/2842/5283
f 590/2842/5284 2149/2895/5285 3470/2896/5286 2126/2845/5287
f 2149/2895/5285 602/2894/5288 2150/2897/5289 3470/2896/5286
f 3470/2896/5286 2150/2897/5289 591/2848/5290 2127/2846/5291
f 2126/2845/5287 3470/2896/5286 2127/2846/5291 579/2794/5292
f 591/2848/5293 2151/2898/5294 3471/2899/5295 2128/2849/5296
f 2151/2898/5294 603/2900/5297 2152/2901/5298 3471/2899/5295
f 3471/2899/5295 2152/2901/5298 604/2902/5299 2153/2903/5300
f 2128/2849/5296 3471/2899/5295 2153/2903/5300 592/2850/5301
f 592/2850/5302 2153/2903/5303 3472/2904/5304 2130/2853/5305
f 2153/2903/5303 604/2902/5306 2154/2905/5307 3472/2904/5304
f 3472/2904/5304 2154/2905/5307 605/2906/5308 2155/2907/5309
f 2130/2853/5305 3472/2904/5304 2155/2907/5309 593/2854/5310
f 593/2854/5311 2155/2907/5312 3473/2908/5313 2132/2857/5314
f 2155/2907/5312 605/2906/5315 2156/2909/5316 3473/2908/5313
f 3473/2908/5313 2156/2909/5316 606/2910/5317 2157/2911/5318
f 2132/2857/5314 3473/2908/5313 2157/2911/5318 594/2858/5319
f 594/2858/5320 2157/2911/5321 3474/2912/5322 2134/2861/5323
f 2157/2911/5321 606/2910/5324 2158/2913/5325 3474/2912/5322
f 3474/2912/5322 2158/2913/5325 607/2914/5326 2159/2915/5327
f 2134/2861/5323 3474/2912/5322 2159/2915/5327 595/2862/5328
f 595/2862/5329 2159/2915/5330 3475/2916/5331 2136/2865/5332
f 2159/2915/5330 607/2914/5333 2160/2917/5334 3475/2916/5331
f 3475/2916/5331 2160/2917/5334 608/2918/5335 2161/2919/5336
f 2136/2865/5332 3475/2916/5331 2161/2919/5336 596/2866/5337
f 596/2869/5338 2161/2920/5339 3476/2921/5340 2138/2870/5341
f 2161/2920/5339 608/2922/5342 2162/2923/5343 3476/2921/5340
f 3476/2921/5340 2162/2923/5343 609/2924/5344 2163/2925/5345
f 2138/2870/5341 3476/2921/5340 2163/2925/5345 597/2871/5346
f 597/2875/5347 2163/2926/5348 3477/2927/5349 2140/2876/5350
f 2163/2926/5348 609/2928/5351 2164/2929/5352 3477/2927/5349
f 3477/2927/5349 2164/2929/5352 610/2930/5353 2165/2931/5354
f 2140/2876/5350 3477/2927/5349 2165/2931/5354 598/2877/5355
f 598/2877/5356 2165/2932/5357 3478/2933/5358 2142/2881/5359
f 2165/2932/5357 610/2934/5360 2166/2935/5361 3478/2933/5358
f 3478/2933/5358 2166/2935/5361 611/2936/5362 2167/2937/5363
f 2142/2881/5359 3478/2933/5358 2167/2937/5363 599/2882/5364
f 599/2882/5365 2167/2937/5366 3479/2938/5367 2144/2885/5368
f 2167/2937/5366 611/2936/5369 2168/2939/5370 3479/2938/5367
f 3479/2938/5367 2168/2939/5370 612/2940/5371 2169/2941/5372
f 2144/2885/5368 3479/2938/5367 2169/2941/5372 600/2886/5373
f 600/2886/5374 2169/2941/5375 3480/2942/5376 2146/2889/5377
f 2169/2941/5375 612/2940/5378 2170/2943/5379 3480/2942/5376
f 3480/2942/5376 2170/2943/5379 613/2944/5380 2171/2945/5381
f 2146/2889/5377 3480/2942/5376 2171/2945/5381 601/2890/5382
f 601/2890/5383 2171/2945/5384 3481/2946/5385 2148/2893/5386
f 2171/2945/5384 613/2944/5387 2172/2947/5388 3481/2946/5385
f 3481/2946/5385 2172/2947/5388 614/2948/5389 2173/2949/5390
f 2148/2893/5386 3481/2946/5385 2173/2949/5390 602/2894/5391
f 602/2894/5392 2173/2949/5393 3482/2950/5394 2150/2897/5395
f 2173/2949/5393 614/2948/5396 2174/2951/5397 3482/2950/5394
f 3482/2950/5394 2174/2951/5397 603/2900/5398 2151/2898/5399
f 2150/2897/5395 3482/2950/5394 2151/2898/5399 591/2848/5400
f 603/2900/5401 2175/2952/5402 3483/2953/5403 2152/2901/5404
f 2175/2952/5402 615/2954/5405 2176/2955/5406 3483/2953/5403
f 3483/2953/5403 2176/2955/5406 616/2956/5407 2177/2957/5408
f 2152/2901/5404 3483/2953/5403 2177/2957/5408 604/2902/5409
f 604/2902/5410 2177/2957/5411 3484/2958/5412 2154/2905/5413
f 2177/2957/5411 616/2956/5414 2178/2959/5415 3484/2958/5412
f 3484/2958/5412 2178/2959/5415 617/2960/5416 2179/2961/5417
f 2154/2905/5413 3484/2958/5412 2179/2961/5417 605/2906/5418
f 605/2906/5419 2179/2961/5420 3485/2962/5421 2156/2909/5422
f 2179/2961/5420 617/2960/5423 2180/2963/5424 3485/2962/5421
f 3485/2962/5421 2180/2963/5424 618/2964/5425 2181/2965/5426
f 2156/2909/5422 3485/2962/5421 2181/2965/5426 606/2910/5427
f 606/2910/5428 2181/2965/5429 3486/2966/5430 2158/2913/5431
f 2181/2965/5429 618/2964/5432 2182/2967/5433 3486/2966/5430
f 3486/2966/5430 2182/2967/5433 619/2968/5434 2183/2969/5435
f 2158/2913/5431 3486/2966/5430 2183/2969/5435 607/2914/5436
f 607/2914/5437 2183/2969/5438 3487/2970/5439 2160/2917/5440
f 2183/2969/5438 619/2968/5441 2184/2971/5442 3487/2970/5439
f 3487/2970/5439 2184/2971/5442 620/2972/5443 2185/2973/5444
f 2160/2917/5440 3487/2970/5439 2185/2973/5444 608/2918/5445
f 608/2922/5446 2185/2973/5447 3488/2974/5448 2162/2923/5449
f 2185/2973/5447 620/2972/5450 2186/2975/5451 3488/2974/5448
f 3488/2974/5448 2186/2975/5451 621/2976/5452 2187/2977/5453
f 2162/2923/5449 3488/2974/5448 2187/2977/5453 609/2924/5454
f 609/2928/5455 2187/2978/5456 3489/2979/5457 2164/2929/5458
f 2187/2978/5456 621/2980/5459 2188/2981/5460 3489/2979/5457
f 3489/2979/5457 2188/2981/5460 622/2982/5461 2189/2983/5462
f 2164/2929/5458 3489/2979/5457 2189/2983/5462 610/2930/5463
f 610/2934/5464 2189/2984/5465 3490/2985/5466 2166/2935/5467
f 2189/2984/5465 622/2986/5468 2190/2987/5469 3490/2985/5466
f 3490/2985/5466 2190/2987/5469 623/2988/5470 2191/2989/5471
f 2166/2935/5467 3490/2985/5466 2191/2989/5471 611/2936/5472
f 611/2936/5473 2191/2989/5474 3491/2990/5475 2168/2939/5476
f 2191/2989/5474 623/2988/5477 2192/2991/5478 3491/2990/5475
f 3491/2990/5475 2192/2991/5478 624/2992/5479 2193/2993/5480
f 2168/2939/5476 3491/2990/5475 2193/2993/5480 612/2940/5481
f 612/2940/5482 2193/2993/5483 3492/2994/5484 2170/2943/5485
f 2193/2993/5483 624/2992/5486 2194/2995/5487 3492/2994/5484
f 3492/2994/5484 2194/2995/5487 625/2996/5488 2195/2997/5489
f 2170/2943/5485 3492/2994/5484 2195/2997/5489 613/2944/5490
f 613/2944/5491 2195/2997/5492 3493/2998/5493 2172/2947/5494
f 2195/2997/5492 625/2996/5495 2196/2999/5496 3493/2998/5493
f 3493/2998/5493 2196/2999/5496 626/3000/5497 2197/3001/5498
f 2172/2947/5494 3493/2998/5493 2197/3001/5498 614/2948/5499
f 614/2948/5500 2197/3001/5501 3494/3002/5502 2174/2951/5503
f 2197/3001/5501 626/3000/5504 2198/3003/5505 3494/3002/5502
f 3494/3002/5502 2198/3003/5505 615/2954/5506 2175/2952/5507
f 2174/2951/5503 3494/3002/5502 2175/2952/5507 603/2900/5508
f 615/2954/5509 2199/3004/5510 3495/3005/5511 2176/2955/5512
f 2199/3004/5510 627/3006/5513 2200/3007/5514 3495/3005/5511
f 3495/3005/5511 2200/3007/5514 628/3008/5515 2201/3009/5516
f 2176/2955/5512 3495/3005/5511 2201/3009/5516 616/2956/5517
f 616/2956/5518 2201/3009/5519 3496/3010/5520 2178/2959/5521
f 2201/3009/5519 628/3008/5522 2202/3011/5523 3496/3010/5520
f 3496/3010/5520 2202/3011/5523 629/3012/5524 2203/3013/5525
f 2178/2959/5521 3496/3010/5520 2203/3013/5525 617/2960/5526
f 617/2960/5527 2203/3013/5528 3497/3014/5529 2180/2963/5530
f 2203/3013/5528 629/3012/5531 2204/3015/5532 3497/3014/5529
f 3497/3014/5529 2204/3015/5532 630/3016/5533 2205/3017/5534
f 2180/2963/5530 3497/3014/5529 2205/3017/5534 618/2964/5535
f 618/2964/5536 2205/3017/5537 3498/3018/5538 2182/2967/5539
f 2205/3017/5537 630/3016/5540 2206/3019/5541 3498/3018/5538
f 3498/3018/5538 2206/3019/5541 631/3020/5542 2207/3021/5543
f 2182/2967/5539 3498/3018/5538 2207/3021/5543 619/2968/5544
f 619/2968/5545 2207/3021/5546 3499/3022/5547 2184/2971/5548
f 2207/3021/5546 631/3020/5549 2208/3023/5550 3499/3022/5547
f 3499/3022/5547 2208/3023/5550 632/3024/5551 2209/3025/5552
f 2184/2971/5548 3499/3022/5547 2209/3025/5552 620/2972/5553
f 620/2972/5554 2209/3026/5555 3500/3027/5556 2186/2975/5557
f 2209/3026/5555 632/3028/5558 2210/3029/5559 3500/3027/5556
f 3500/3027/5556 2210/3029/5559 633/3030/5560 2211/3031/5561
f 2186/2975/5557 3500/3027/5556 2211/3031/5561 621/2976/5562
f 621/2980/5563 2211/3032/5564 3501/3033/5565 2188/2981/5566
f 2211/3032/5564 633/3034/5567 2212/3035/5568 3501/3033/5565
f 3501/3033/5565 2212/3035/5568 634/3036/5569 2213/3037/5570
f 2188/2981/5566 3501/3033/5565 2213/3037/5570 622/2982/5571
f 622/2986/5572 2213/3038/5573 3502/3039/5574 2190/2987/5575
f 2213/3038/5573 634/3040/5576 2214/3041/5577 3502/3039/5574
f 3502/3039/5574 2214/3041/5577 635/3042/5578 2215/3043/5579
f 2190/2987/5575 3502/3039/5574 2215/3043/5579 623/2988/5580
f 623/2988/5581 2215/3043/5582 3503/3044/5583 2192/2991/5584
f 2215/3043/5582 635/3042/5585 2216/3045/5586 3503/3044/5583
f 3503/3044/5583 2216/3045/5586 636/3046/5587 2217/3047/5588
f 2192/2991/5584 3503/3044/5583 2217/3047/5588 624/2992/5589
f 624/2992/5590 2217/3047/5591 3504/3048/5592 2194/2995/5593
f 2217/3047/5591 636/3046/5594 2218/3049/5595 3504/3048/5592
f 3504/3048/5592 2218/3049/5595 637/3050/5596 2219/3051/5597
f 2194/2995/5593 3504/3048/5592 2219/3051/5597 625/2996/5598
f 625/2996/5599 2219/3051/5600 3505/3052/5601 2196/2999/5602
f 2219/3051/5600 637/3050/5603 2220/3053/5604 3505/3052/5601
f 3505/3052/5601 2220/3053/5604 638/3054/5605 2221/3055/5606
f 2196/2999/5602 3505/3052/5601 2221/3055/5606 626/3000/5607
f 626/3000/5608 2221/3055/5609 3506/3056/5610 2198/3003/5611
f 2221/3055/5609 638/3054/5612 2222/3057/5613 3506/3056/5610
f 3506/3056/5610 2222/3057/5613 627/3006/5614 2199/3004/5615
f 2198/3003/5611 3506/3056/5610 2199/3004/5615 615/2954/5616
f 627/3006/5617 2223/3058/5618 3507/3059/5619 2200/3007/5620
f 2223/3058/5618 639/3060/5621 2224/3061/5622 3507/3059/5619
f 3507/3059/5619 2224/3061/5622 640/3062/5623 2225/3063/5624
f 2200/3007/5620 3507/3059/5619 2225/3063/5624 628/3008/5625
f 628/3008/5626 2225/3063/5627 3508/3064/5628 2202/3011/5629
f 2225/3063/5627 640/3062/5630 2226/3065/5631 3508/3064/5628
f 3508/3064/5628 2226/3065/5631 641/3066/5632 2227/3067/5633
f 2202/3011/5629 3508/3064/5628 2227/3067/5633 629/3012/5634
f 629/3012/5635 2227/3067/5636 3509/3068/5637 2204/3015/5638
f 2227/3067/5636 641/3066/5639 2228/3069/5640 3509/3068/5637
f 3509/3068/5637 2228/3069/5640 642/3070/5641 2229/3071/5642
f 2204/3015/5638 3509/3068/5637 2229/3071/5642 630/3016/5643
f 630/3016/5644 2229/3071/5645 3510/3072/5646 2206/3019/5647
f 2229/3071/5645 642/3070/5648 2230/3073/5649 3510/3072/5646
f 3510/3072/5646 2230/3073/5649 643/3074/5650 2231/3075/5651
f 2206/3019/5647 3510/3072/5646 2231/3075/5651 631/3020/5652
f 631/3020/5653 2231/3075/5654 3511/3076/5655 2208/3023/5656
f 2231/3075/5654 643/3074/5657 2232/3077/5658 3511/3076/5655
f 3511/3076/5655 2232/3077/5658 644/3078/5659 2233/3079/5660
f 2208/3023/5656 3511/3076/5655 2233/3079/5660 632/3024/5661
f 632/3028/5662 2233/3080/5663 3512/3081/5664 2210/3029/5665
f 2233/3080/5663 644/3082/5666 2234/3083/5667 3512/3081/5664
f 3512/3081/5664 2234/3083/5667 645/3084/5668 2235/3085/5669
f 2210/3029/5665 3512/3081/5664 2235/3085/5669 633/3030/5670
f 633/3034/5671 2235/3086/5672 3513/3087/5673 2212/3035/5674
f 2235/3086/5672 645/3088/5675 2236/3089/5676 3513/3087/5673
f 3513/3087/5673 2236/3089/5676 646/3090/5677 2237/3091/5678
f 2212/3035/5674 3513/3087/5673 2237/3091/5678 634/3036/5679
f 634/3040/5680 2237/3092/5681 3514/3093/5682 2214/3041/5683
f 2237/3092/5681 646/3094/5684 2238/3095/5685 3514/3093/5682
f 3514/3093/5682 2238/3095/5685 647/3096/5686 2239/3097/5687
f 2214/3041/5683 3514/3093/5682 2239/3097/5687 635/3042/5688
f 635/3042/5689 2239/3097/5690 3515/3098/5691 2216/3045/5692
f 2239/3097/5690 647/3096/5693 2240/3099/5694 3515/3098/5691
f 3515/3098/5691 2240/3099/5694 648/3100/5695 2241/3101/5696
f 2216/3045/5692 3515/3098/5691 2241/3101/5696 636/3046/5697
f 636/3046/5698 2241/3101/5699 3516/3102/5700 2218/3049/5701
f 2241/3101/5699 648/3100/5702 2242/3103/5703 3516/3102/5700
f 3516/3102/5700 2242/3103/5703 649/3104/5704 2243/3105/5705
f 2218/3049/5701 3516/3102/5700 2243/3105/5705 637/3050/5706
f 637/3050/5707 2243/3105/5708 3517/3106/5709 2220/3053/5710
f 2243/3105/5708 649/3104/5711 2244/3107/5712 3517/3106/5709
f 3517/3106/5709 2244/3107/5712 650/3108/5713 2245/3109/5714
f 2220/3053/5710 3517/3106/5709 2245/3109/5714 638/3054/5715
f 638/3054/5716 2245/3109/5717 3518/3110/5718 2222/3057/5719
f 2245/3109/5717 650/3108/5720 2246/3111/5721 3518/3110/5718
f 3518/3110/5718 2246/3111/5721 639/3060/5722 2223/3058/5723
f 2222/3057/5719 3518/3110/5718 2223/3058/5723 627/3006/5724
f 639/3060/5725 2247/3112/5726 3519/3113/5727 2224/3061/5728
f 2247/3112/5726 651/3114/5729 2248/3115/5730 3519/3113/5727
f 3519/3113/5727 2248/3115/5730 652/3116/5731 2249/3117/5732
f 2224/3061/5728 3519/3113/5727 2249/3117/5732 640/3062/5733
f 640/3062/5734 2249/3117/5735 3520/3118/5736 2226/3065/5737
f 2249/3117/5735 652/3116/5738 2250/3119/5739 3520/3118/5736
f 3520/3118/5736 2250/3119/5739 653/3120/5740 2251/3121/5741
f 2226/3065/5737 3520/3118/5736 2251/3121/5741 641/3066/5742
f 641/3066/5743 2251/3121/5744 3521/3122/5745 2228/3069/5746
f 2251/3121/5744 653/3120/5747 2252/3123/5748 3521/3122/5745
f 3521/3122/5745 2252/3123/5748 654/3124/5749 2253/3125/5750
f 2228/3069/5746 3521/3122/5745 2253/3125/5750 642/3070/5751
f 642/3070/5752 2253/3125/5753 3522/3126/5754 2230/3073/5755
f 2253/3125/5753 654/3124/5756 2254/3127/5757 3522/3126/5754
f 3522/3126/5754 2254/3127/5757 655/3128/5758 2255/3129/5759
f 2230/3073/5755 3522/3126/5754 2255/3129/5759 643/3074/5760
f 643/3074/5761 2255/3129/5762 3523/3130/5763 2232/3077/5764
f 2255/3129/5762 655/3128/5765 2256/3131/5766 3523/3130/5763
f 3523/3130/5763 2256/3131/5766 656/3132/5767 2257/3133/5768
f 2232/3077/5764 3523/3130/5763 2257/3133/5768 644/3078/5769
f 644/3082/5770 2257/3134/5771 3524/3135/5772 2234/3083/5773
f 2257/3134/5771 656/3136/5774 2258/3137/5775 3524/3135/5772
f 3524/3135/5772 2258/3137/5775 657/3138/5776 2259/3139/5777
f 2234/3083/5773 3524/3135/5772 2259/3139/5777 645/3084/5778
f 645/3088/5779 2259/3140/5780 3525/3141/5781 2236/3089/5782
f 2259/3140/5780 657/3142/5783 2260/3143/5784 3525/3141/5781
f 3525/3141/5781 2260/3143/5784 658/3144/5785 2261/3145/5786
f 2236/3089/5782 3525/3141/5781 2261/3145/5786 646/3090/5787
f 646/3094/5788 2261/3145/5789 3526/3146/5790 2238/3095/5791
f 2261/3145/5789 658/3147/5792 2262/3148/5793 3526/3146/5790
f 3526/3146/5790 2262/3148/5793 659/3149/5794 2263/3150/5795
f 2238/3095/5791 3526/3146/5790 2263/3150/5795 647/3096/5796
f 647/3096/5797 2263/3150/5798 3527/3151/5799 2240/3099/5800
f 2263/3150/5798 659/3149/5801 2264/3152/5802 3527/3151/5799
f 3527/3151/5799 2264/3152/5802 660/3153/5803 2265/3154/5804
f 2240/3099/5800 3527/3151/5799 2265/3154/5804 648/3100/5805
f 648/3100/5806 2265/3154/5807 3528/3155/5808 2242/3103/5809
f 2265/3154/5807 660/3153/5810 2266/3156/5811 3528/3155/5808
f 3528/3155/5808 2266/3156/5811 661/3157/5812 2267/3158/5813
f 2242/3103/5809 3528/3155/5808 2267/3158/5813 649/3104/5814
f 649/3104/5815 2267/3158/5816 3529/3159/5817 2244/3107/5818
f 2267/3158/5816 661/3157/5819 2268/3160/5820 3529/3159/5817
f 3529/3159/5817 2268/3160/5820 662/3161/5821 2269/3162/5822
f 2244/3107/5818 3529/3159/5817 2269/3162/5822 650/3108/5823
f 650/3108/5824 2269/3162/5825 3530/3163/5826 2246/3111/5827
f 2269/3162/5825 662/3161/5828 2270/3164/5829 3530/3163/5826
f 3530/3163/5826 2270/3164/5829 651/3114/5830 2247/3112/5831
f 2246/3111/5827 3530/3163/5826 2247/3112/5831 639/3060/5832
f 651/3114/5833 2271/3165/5834 3531/3166/5835 2248/3115/5836
f 2271/3165/5834 663/3167/5837 2272/3168/5838 3531/3166/5835
f 3531/3166/5835 2272/3168/5838 664/3169/5839 2273/3170/5840
f 2248/3115/5836 3531/3166/5835 2273/3170/5840 652/3116/5841
f 652/3116/5842 2273/3170/5843 3532/3171/5844 2250/3119/5845
f 2273/3170/5843 664/3169/5846 2274/3172/5847 3532/3171/5844
f 3532/3171/5844 2274/3172/5847 665/3173/5848 2275/3174/5849
f 2250/3119/5845 3532/3171/5844 2275/3174/5849 653/3120/5850
f 653/3120/5851 2275/3174/5852 3533/3175/5853 2252/3123/5854
f 2275/3174/5852 665/3173/5855 2276/3176/5856 3533/3175/5853
f 3533/3175/5853 2276/3176/5856 666/3177/5857 2277/3178/5858
f 2252/3123/5854 3533/3175/5853 2277/3178/5858 654/3124/5859
f 654/3124/5860 2277/3178/5861 3534/3179/5862 2254/3127/5863
f 2277/3178/5861 666/3177/5864 2278/3180/5865 3534/3179/5862
f 3534/3179/5862 2278/3180/5865 667/3181/5866 2279/3182/5867
f 2254/3127/5863 3534/3179/5862 2279/3182/5867 655/3128/5868
f 655/3128/5869 2279/3182/5870 3535/3183/5871 2256/3131/5872
f 2279/3182/5870 667/3181/5873 2280/3184/5874 3535/3183/5871
f 3535/3183/5871 2280/3184/5874 668/3185/5875 2281/3186/5876
f 2256/3131/5872 3535/3183/5871 2281/3186/5876 656/3132/5877
f 656/3136/5878 2281/3187/5879 3536/3188/5880 2258/3137/5881
f 2281/3187/5879 668/3189/5882 2282/3190/5883 3536/3188/5880
f 3536/3188/5880 2282/3190/5883 669/3191/5884 2283/3192/5885
f 2258/3137/5881 3536/3188/5880 2283/3192/5885 657/3138/5886
f 657/3142/5887 2283/3193/5888 3537/3194/5889 2260/3143/5890
f 2283/3193/5888 669/3195/5891 2284/3196/5892 3537/3194/5889
f 3537/3194/5889 2284/3196/5892 670/3197/5893 2285/3198/5894
f 2260/3143/5890 3537/3194/5889 2285/3198/5894 658/3144/5895
f 658/3147/5896 2285/3199/5897 3538/3200/5898 2262/3148/5899
f 2285/3199/5897 670/3201/5900 2286/3202/5901 3538/3200/5898
f 3538/3200/5898 2286/3202/5901 671/3203/5902 2287/3204/5903
f 2262/3148/5899 3538/3200/5898 2287/3204/5903 659/3149/5904
f 659/3149/5905 2287/3204/5906 3539/3205/5907 2264/3152/5908
f 2287/3204/5906 671/3203/5909 2288/3206/5910 3539/3205/5907
f 3539/3205/5907 2288/3206/5910 672/3207/5911 2289/3208/5912
f 2264/3152/5908 3539/3205/5907 2289/3208/5912 660/3153/5913
f 660/3153/5914 2289/3208/5915 3540/3209/5916 2266/3156/5917
f 2289/3208/5915 672/3207/5918 2290/3210/5919 3540/3209/5916
f 3540/3209/5916 2290/3210/5919 673/3211/5920 2291/3212/5921
f 2266/3156/5917 3540/3209/5916 2291/3212/5921 661/3157/5922
f 661/3157/5923 2291/3212/5924 3541/3213/5925 2268/3160/5926
f 2291/3212/5924 673/3211/5927 2292/3214/5928 3541/3213/5925
f 3541/3213/5925 2292/3214/5928 674/3215/5929 2293/3216/5930
f 2268/3160/5926 3541/3213/5925 2293/3216/5930 662/3161/5931
f 662/3161/5932 2293/3216/5933 3542/3217/5934 2270/3164/5935
f 2293/3216/5933 674/3215/5936 2294/3218/5937 3542/3217/5934
f 3542/3217/5934 2294/3218/5937 663/3167/5938 2271/3165/5939
f 2270/3164/5935 3542/3217/5934 2271/3165/5939 651/3114/5940
f 663/3167/5941 2295/3219/5942 3543/3220/5943 2272/3168/5944
f 2295/3219/5942 675/3221/5945 2296/3222/5946 3543/3220/5943
f 3543/3220/5943 2296/3222/5946 676/3223/5947 2297/3224/5948
f 2272/3168/5944 3543/3220/5943 2297/3224/5948 664/3169/5949
f 664/3169/5950 2297/3224/5951 3544/3225/5952 2274/3172/5953
f 2297/3224/5951 676/3223/5954 2298/3226/5955 3544/3225/5952
f 3544/3225/5952 2298/3226/5955 677/3227/5956 2299/3228/5957
f 2274/3172/5953 3544/3225/5952 2299/3228/5957 665/3173/5958
f 665/3173/5959 2299/3228/5960 3545/3229/5961 2276/3176/5962
f 2299/3228/5960 677/3227/5963 2300/3230/5964 3545/3229/5961
f 3545/3229/5961 2300/3230/5964 678/3231/5965 2301/3232/5966
f 2276/3176/5962 3545/3229/5961 2301/3232/5966 666/3177/5967
f 666/3177/5968 2301/3232/5969 3546/3233/5970 2278/3180/5971
f 2301/3232/5969 678/3231/5972 2302/3234/5973 3546/3233/5970
f 3546/3233/5970 2302/3234/5973 679/3235/5974 2303/3236/5975
f 2278/3180/5971 3546/3233/5970 2303/3236/5975 667/3181/5976
f 667/3181/5977 2303/3236/5978 3547/3237/5979 2280/3184/5980
f 2303/3236/5978 679/3235/5981 2304/3238/5982 3547/3237/5979
f 3547/3237/5979 2304/3238/5982 680/3239/5983 2305/3240/5984
f 2280/3184/5980 3547/3237/5979 2305/3240/5984 668/3185/5985
f 668/3189/5986 2305/3241/5987 3548/3242/5988 2282/3190/5989
f 2305/3241/5987 680/3243/5990 2306/3244/5991 3548/3242/5988
f 3548/3242/5988 2306/3244/5991 681/3245/5992 2307/3246/5993
f 2282/3190/5989 3548/3242/5988 2307/3246/5993 669/3191/5994
f 669/3195/5995 2307/3247/5996 3549/3248/5997 2284/3196/5998
f 2307/3247/5996 681/3249/5999 2308/3250/6000 3549/3248/5997
f 3549/3248/5997 2308/3250/6000 682/3251/6001 2309/3252/6002
f 2284/3196/5998 3549/3248/5997 2309/3252/6002 670/3197/6003
f 670/3201/6004 2309/3253/6005 3550/3254/6006 2286/3202/6007
f 2309/3253/6005 682/3255/6008 2310/3256/6009 3550/3254/6006
f 3550/3254/6006 2310/3256/6009 683/3257/6010 2311/3258/6011
f 2286/3202/6007 3550/3254/6006 2311/3258/6011 671/3203/6012
f 671/3203/6013 2311/3258/6014 3551/3259/6015 2288/3206/6016
f 2311/3258/6014 683/3257/6017 2312/3260/6018 3551/3259/6015
f 3551/3259/6015 2312/3260/6018 684/3261/6019 2313/3262/6020
f 2288/3206/6016 3551/3259/6015 2313/3262/6020 672/3207/6021
f 672/3207/6022 2313/3262/6023 3552/3263/6024 2290/3210/6025
f 2313/3262/6023 684/3261/6026 2314/3264/6027 3552/3263/6024
f 3552/3263/6024 2314/3264/6027 685/3265/6028 2315/3266/6029
f 2290/3210/6025 3552/3263/6024 2315/3266/6029 673/3211/6030
f 673/3211/6031 2315/3266/6032 3553/3267/6033 2292/3214/6034
f 2315/3266/6032 685/3265/6035 2316/3268/6036 3553/3267/6033
f 3553/3267/6033 2316/3268/6036 686/3269/6037 2317/3270/6038
f 2292/3214/6034 3553/3267/6033 2317/3270/6038 674/3215/6039
f 674/3215/6040 2317/3270/6041 3554/3271/6042 2294/3218/6043
f 2317/3270/6041 686/3269/6044 2318/3272/6045 3554/3271/6042
f 3554/3271/6042 2318/3272/6045 675/3221/6046 2295/3219/6047
f 2294/3218/6043 3554/3271/6042 2295/3219/6047 663/3167/6048
f 675/3221/3510 2319/3273/6049 3555/3274/6050 2296/3222/6051
f 2319/3273/6049 687/3275/3508 2320/3276/6052 3555/3274/6050
f 3555/3274/6050 2320/3276/6052 688/3277/3506 2321/3278/3503
f 2296/3222/6051 3555/3274/6050 2321/3278/3503 676/3223/3502
f 676/3223/3501 2321/3278/3500 3556/3279/6053 2298/3226/6054
f 2321/3278/3500 688/3277/3499 2322/3280/6055 3556/3279/6053
f 3556/3279/6053 2322/3280/6055 689/3281/3497 2323/3282/6056
f 2298/3226/6054 3556/3279/6053 2323/3282/6056 677/3227/6057
f 677/3227/3492 2323/3282/3491 3557/3283/6058 2300/3230/6059
f 2323/3282/3491 689/3281/6060 2324/3284/6061 3557/3283/6058
f 3557/3283/6058 2324/3284/6061 690/3285/3488 2325/3286/3485
f 2300/3230/6059 3557/3283/6058 2325/3286/3485 678/3231/6062
f 678/3231/3483 2325/3286/3482 3558/3287/6063 2302/3234/6064
f 2325/3286/3482 690/3285/3481 2326/3288/6065 3558/3287/6063
f 3558/3287/6063 2326/3288/6065 691/3289/6066 2327/3290/3476
f 2302/3234/6064 3558/3287/6063 2327/3290/3476 679/3235/3475
f 679/3235/3474 2327/3290/3473 3559/3291/6067 2304/3238/6068
f 2327/3290/3473 691/3289/6069 2328/3292/6070 3559/3291/6067
f 3559/3291/6067 2328/3292/6070 692/3293/3470 2329/3294/3467
f 2304/3238/6068 3559/3291/6067 2329/3294/3467 680/3239/6071
f 680/3243/3465 2329/3295/3464 3560/3296/6072 2306/3244/6073
f 2329/3295/3464 692/3297/3463 2330/3298/6074 3560/3296/6072
f 3560/3296/6072 2330/3298/6074 693/3299/6075 2331/3300/3458
f 2306/3244/6073 3560/3296/6072 2331/3300/3458 681/3245/3457
f 681/3249/3564 2331/3301/6076 3561/3302/6077 2308/3250/6078
f 2331/3301/6076 693/3303/3562 2332/3304/6079 3561/3302/6077
f 3561/3302/6077 2332/3304/6079 694/3305/3560 2333/3306/3557
f 2308/3250/6078 3561/3302/6077 2333/3306/3557 682/3251/3556
f 682/3255/3555 2333/3307/3554 3562/3308/6080 2310/3256/6081
f 2333/3307/3554 694/3309/3553 2334/3310/6082 3562/3308/6080
f 3562/3308/6080 2334/3310/6082 695/3311/3551 2335/3312/3548
f 2310/3256/6081 3562/3308/6080 2335/3312/3548 683/3257/6083
f 683/3257/3546 2335/3312/3545 3563/3313/6084 2312/3260/6085
f 2335/3312/3545 695/3311/3544 2336/3314/6086 3563/3313/6084
f 3563/3313/6084 2336/3314/6086 696/3315/3542 2337/3316/3539
f 2312/3260/6085 3563/3313/6084 2337/3316/3539 684/3261/3538
f 684/3261/3537 2337/3316/6087 3564/3317/6088 2314/3264/6089
f 2337/3316/6087 696/3315/3535 2338/3318/6090 3564/3317/6088
f 3564/3317/6088 2338/3318/6090 697/3319/6091 2339/3320/3530
f 2314/3264/6089 3564/3317/6088 2339/3320/3530 685/3265/3529
f 685/3265/3528 2339/3320/3527 3565/3321/6092 2316/3268/6093
f 2339/3320/3527 697/3319/3526 2340/3322/6094 3565/3321/6092
f 3565/3321/6092 2340/3322/6094 698/3323/3524 2341/3324/3521
f 2316/3268/6093 3565/3321/6092 2341/3324/3521 686/3269/3520
f 686/3269/3519 2341/3324/3518 3566/3325/6095 2318/3272/6096
f 2341/3324/3518 698/3323/3517 2342/3326/6097 3566/3325/6095
f 3566/3325/6095 2342/3326/6097 687/3275/6098 2319/3273/3512
f 2318/3272/6096 3566/3325/6095 2319/3273/3512 675/3221/3511
f 687/3275/3618 2343/3327/3617 3567/3328/6099 2320/3276/6100
f 2343/3327/3617 699/3329/3616 2344/3330/6101 3567/3328/6099
f 3567/3328/6099 2344/3330/6101 700/3331/6102 2345/3332/3611
f 2320/3276/6100 3567/3328/6099 2345/3332/3611 688/3277/6103
f 688/3277/6104 2345/3332/6105 3568/3333/6106 2322/3280/6107
f 2345/3332/6105 700/3331/3607 2346/3334/6108 3568/3333/6106
f 3568/3333/6106 2346/3334/6108 701/3335/3605 2347/3336/3602
f 2322/3280/6107 3568/3333/6106 2347/3336/3602 689/3281/6109
f 689/3281/6110 2347/3336/3599 3569/3337/6111 2324/3284/6112
f 2347/3336/3599 701/3335/3598 2348/3338/6113 3569/3337/6111
f 3569/3337/6111 2348/3338/6113 702/3339/3596 2349/3340/6114
f 2324/3284/6112 3569/3337/6111 2349/3340/6114 690/3285/6115
f 690/3285/3591 2349/3340/3590 3570/3341/6116 2326/3288/6117
f 2349/3340/3590 702/3339/3589 2350/3342/6118 3570/3341/6116
f 3570/3341/6116 2350/3342/6118 703/3343/3587 2351/3344/3584
f 2326/3288/6117 3570/3341/6116 2351/3344/3584 691/3289/3583
f 691/3289/3582 2351/3344/3581 3571/3345/6119 2328/3292/6120
f 2351/3344/3581 703/3343/3580 2352/3346/6121 3571/3345/6119
f 3571/3345/6119 2352/3346/6121 704/3347/6122 2353/3348/3575
f 2328/3292/6120 3571/3345/6119 2353/3348/3575 692/3293/6123
f 692/3297/3573 2353/3349/3572 3572/3350/6124 2330/3298/6125
f 2353/3349/3572 704/3351/6126 2354/3352/6127 3572/3350/6124
f 3572/3350/6124 2354/3352/6127 705/3353/3569 2355/3354/6128
f 2330/3298/6125 3572/3350/6124 2355/3354/6128 693/3299/3565
f 693/3303/3672 2355/3355/6129 3573/3356/6130 2332/3304/6131
f 2355/3355/6129 705/3357/3670 2356/3358/6132 3573/3356/6130
f 3573/3356/6130 2356/3358/6132 706/3359/6133 2357/3360/3665
f 2332/3304/6131 3573/3356/6130 2357/3360/3665 694/3305/3664
f 694/3309/3663 2357/3361/3662 3574/3362/6134 2334/3310/6135
f 2357/3361/3662 706/3363/3661 2358/3364/6136 3574/3362/6134
f 3574/3362/6134 2358/3364/6136 707/3365/3659 2359/3366/3656
f 2334/3310/6135 3574/3362/6134 2359/3366/3656 695/3311/6137
f 695/3311/6138 2359/3366/3653 3575/3367/6139 2336/3314/6140
f 2359/3366/3653 707/3365/6141 2360/3368/6142 3575/3367/6139
f 3575/3367/6139 2360/3368/6142 708/3369/3650 2361/3370/3647
f 2336/3314/6140 3575/3367/6139 2361/3370/3647 696/3315/3646
f 696/3315/3645 2361/3370/3644 3576/3371/6143 2338/3318/6144
f 2361/3370/3644 708/3369/3643 2362/3372/6145 3576/3371/6143
f 3576/3371/6143 2362/3372/6145 709/3373/3641 2363/3374/3638
f 2338/3318/6144 3576/3371/6143 2363/3374/3638 697/3319/6146
f 697/3319/3636 2363/3374/3635 3577/3375/6147 2340/3322/6148
f 2363/3374/3635 709/3373/6149 2364/3376/6150 3577/3375/6147
f 3577/3375/6147 2364/3376/6150 710/3377/3632 2365/3378/3629
f 2340/3322/6148 3577/3375/6147 2365/3378/3629 698/3323/6151
f 698/3323/3627 2365/3378/3626 3578/3379/6152 2342/3326/6153
f 2365/3378/3626 710/3377/6154 2366/3380/6155 3578/3379/6152
f 3578/3379/6152 2366/3380/6155 699/3329/6156 2343/3327/6157
f 2342/3326/6153 3578/3379/6152 2343/3327/6157 687/3275/3619
f 699/3329/3726 2367/3381/6158 3579/3382/6159 2344/3330/6160
f 2367/3381/6158 711/3383/3724 2368/3384/6161 3579/3382/6159
f 3579/3382/6159 2368/3384/6161 712/3385/3722 2369/3386/6162
f 2344/3330/6160 3579/3382/6159 2369/3386/6162 700/3331/3718
f 700/3331/3717 2369/3386/6163 3580/3387/6164 2346/3334/6165
f 2369/3386/6163 712/3385/6166 2370/3388/6167 3580/3387/6164
f 3580/3387/6164 2370/3388/6167 713/3389/3713 2371/3390/3710
f 2346/3334/6165 3580/3387/6164 2371/3390/3710 701/3335/3709
f 701/3335/3708 2371/3390/3707 3581/3391/6168 2348/3338/6169
f 2371/3390/3707 713/3389/3706 2372/3392/6170 3581/3391/6168
f 3581/3391/6168 2372/3392/6170 714/3393/3704 2373/3394/3701
f 2348/3338/6169 3581/3391/6168 2373/3394/3701 702/3339/3700
f 702/3339/3699 2373/3394/3698 3582/3395/6171 2350/3342/6172
f 2373/3394/3698 714/3393/3697 2374/3396/6173 3582/3395/6171
f 3582/3395/6171 2374/3396/6173 715/3397/3695 2375/3398/3692
f 2350/3342/6172 3582/3395/6171 2375/3398/3692 703/3343/6174
f 703/3343/6175 2375/3398/3689 3583/3399/6176 2352/3346/6177
f 2375/3398/3689 715/3397/3688 2376/3400/6178 3583/3399/6176
f 3583/3399/6176 2376/3400/6178 716/3401/3686 2377/3402/6179
f 2352/3346/6177 3583/3399/6176 2377/3402/6179 704/3347/6180
f 704/3351/3681 2377/3402/3680 3584/3403/6181 2354/3352/6182
f 2377/3402/3680 716/3401/3679 2378/3404/6183 3584/3403/6181
f 3584/3403/6181 2378/3404/6183 717/3405/3677 2379/3406/6184
f 2354/3352/6182 3584/3403/6181 2379/3406/6184 705/3353/3673
f 705/3357/3780 2379/3407/6185 3585/3408/6186 2356/3358/6187
f 2379/3407/6185 717/3409/6188 2380/3410/6189 3585/3408/6186
f 3585/3408/6186 2380/3410/6189 718/3411/3776 2381/3412/3773
f 2356/3358/6187 3585/3408/6186 2381/3412/3773 706/3359/3772
f 706/3363/3771 2381/3413/3770 3586/3414/6190 2358/3364/6191
f 2381/3413/3770 718/3415/3769 2382/3416/6192 3586/3414/6190
f 3586/3414/6190 2382/3416/6192 719/3417/3767 2383/3418/3764
f 2358/3364/6191 3586/3414/6190 2383/3418/3764 707/3365/3763
f 707/3365/3762 2383/3418/6193 3587/3419/6194 2360/3368/6195
f 2383/3418/6193 719/3417/3760 2384/3420/6196 3587/3419/6194
f 3587/3419/6194 2384/3420/6196 720/3421/3758 2385/3422/3755
f 2360/3368/6195 3587/3419/6194 2385/3422/3755 708/3369/3754
f 708/3369/3753 2385/3422/3752 3588/3423/6197 2362/3372/6198
f 2385/3422/3752 720/3421/3751 2386/3424/6199 3588/3423/6197
f 3588/3423/6197 2386/3424/6199 721/3425/3749 2387/3426/3746
f 2362/3372/6198 3588/3423/6197 2387/3426/3746 709/3373/3745
f 709/3373/6200 2387/3426/3743 3589/3427/6201 2364/3376/6202
f 2387/3426/3743 721/3425/3742 2388/3428/6203 3589/3427/6201
f 3589/3427/6201 2388/3428/6203 722/3429/3740 2389/3430/3737
f 2364/3376/6202 3589/3427/6201 2389/3430/3737 710/3377/6204
f 710/3377/3735 2389/3430/6205 3590/3431/6206 2366/3380/6207
f 2389/3430/6205 722/3429/3733 2390/3432/6208 3590/3431/6206
f 3590/3431/6206 2390/3432/6208 711/3383/3731 2367/3381/3728
f 2366/3380/6207 3590/3431/6206 2367/3381/3728 699/3329/3727
f 711/3383/3834 2391/3433/3833 3591/3434/6209 2368/3384/6210
f 2391/3433/3833 723/3435/3832 2392/3436/6211 3591/3434/6209
f 3591/3434/6209 2392/3436/6211 724/3437/3830 2393/3438/3827
f 2368/3384/6210 3591/3434/6209 2393/3438/3827 712/3385/3826
f 712/3385/6212 2393/3438/6213 3592/3439/6214 2370/3388/6215
f 2393/3438/6213 724/3437/3823 2394/3440/6216 3592/3439/6214
f 3592/3439/6214 2394/3440/6216 725/3441/3821 2395/3442/3818
f 2370/3388/6215 3592/3439/6214 2395/3442/3818 713/3389/3817
f 713/3389/3816 2395/3442/3815 3593/3443/6217 2372/3392/6218
f 2395/3442/3815 725/3441/3814 2396/3444/6219 3593/3443/6217
f 3593/3443/6217 2396/3444/6219 726/3445/3812 2397/3446/3809
f 2372/3392/6218 3593/3443/6217 2397/3446/3809 714/3393/3808
f 714/3393/6220 2397/3446/3806 3594/3447/6221 2374/3396/6222
f 2397/3446/3806 726/3445/3805 2398/3448/6223 3594/3447/6221
f 3594/3447/6221 2398/3448/6223 727/3449/3803 2399/3450/3800
f 2374/3396/6222 3594/3447/6221 2399/3450/3800 715/3397/6224
f 715/3397/3798 2399/3450/3797 3595/3451/6225 2376/3400/6226
f 2399/3450/3797 727/3449/3796 2400/3452/6227 3595/3451/6225
f 3595/3451/6225 2400/3452/6227 728/3453/3794 2401/3454/6228
f 2376/3400/6226 3595/3451/6225 2401/3454/6228 716/3401/3790
f 716/3401/6229 2401/3455/6230 3596/3456/6231 2378/3404/6232
f 2401/3455/6230 728/3453/6233 2402/3457/6234 3596/3456/6231
f 3596/3456/6231 2402/3457/6234 729/3458/3785 2403/3459/6235
f 2378/3404/6232 3596/3456/6231 2403/3459/6235 717/3405/6236
f 717/3409/3888 2403/3460/3887 3597/3461/6237 2380/3410/6238
f 2403/3460/3887 729/3462/3886 2404/3463/6239 3597/3461/6237
f 3597/3461/6237 2404/3463/6239 730/3464/3884 2405/3465/6240
f 2380/3410/6238 3597/3461/6237 2405/3465/6240 718/3411/3880
f 718/3415/6241 2405/3466/6242 3598/3467/6243 2382/3416/6244
f 2405/3466/6242 730/3468/6245 2406/3469/6246 3598/3467/6243
f 3598/3467/6243 2406/3469/6246 731/3470/3875 2407/3471/3872
f 2382/3416/6244 3598/3467/6243 2407/3471/3872 719/3417/6247
f 719/3417/6248 2407/3471/3869 3599/3472/6249 2384/3420/6250
f 2407/3471/3869 731/3470/3868 2408/3473/6251 3599/3472/6249
f 3599/3472/6249 2408/3473/6251 732/3474/3866 2409/3475/3863
f 2384/3420/6250 3599/3472/6249 2409/3475/3863 720/3421/6252
f 720/3421/6253 2409/3475/3860 3600/3476/6254 2386/3424/6255
f 2409/3475/3860 732/3474/3859 2410/3477/6256 3600/3476/6254
f 3600/3476/6254 2410/3477/6256 733/3478/3857 2411/3479/3854
f 2386/3424/6255 3600/3476/6254 2411/3479/3854 721/3425/6257
f 721/3425/3852 2411/3479/3851 3601/3480/6258 2388/3428/6259
f 2411/3479/3851 733/3478/3850 2412/3481/6260 3601/3480/6258
f 3601/3480/6258 2412/3481/6260 734/3482/3848 2413/3483/6261
f 2388/3428/6259 3601/3480/6258 2413/3483/6261 722/3429/6262
f 722/3429/6263 2413/3483/6264 3602/3484/6265 2390/3432/6266
f 2413/3483/6264 734/3482/6267 2414/3485/6268 3602/3484/6265
f 3602/3484/6265 2414/3485/6268 723/3435/6269 2391/3433/6270
f 2390/3432/6266 3602/3484/6265 2391/3433/6270 711/3383/6271
f 723/3435/3942 2415/3486/6272 3603/3487/6273 2392/3436/6274
f 2415/3486/6272 735/3488/3940 2416/3489/6275 3603/3487/6273
f 3603/3487/6273 2416/3489/6275 736/3490/6276 2417/3491/3935
f 2392/3436/6274 3603/3487/6273 2417/3491/3935 724/3437/3934
f 724/3437/3933 2417/3491/3932 3604/3492/6277 2394/3440/6278
f 2417/3491/3932 736/3490/3931 2418/3493/6279 3604/3492/6277
f 3604/3492/6277 2418/3493/6279 737/3494/3929 2419/3495/3926
f 2394/3440/6278 3604/3492/6277 2419/3495/3926 725/3441/6280
f 725/3441/3924 2419/3495/3923 3605/3496/6281 2396/3444/6282
f 2419/3495/3923 737/3494/3922 2420/3497/6283 3605/3496/6281
f 3605/3496/6281 2420/3497/6283 738/3498/3920 2421/3499/3917
f 2396/3444/6282 3605/3496/6281 2421/3499/3917 726/3445/6284
f 726/3445/3915 2421/3499/3914 3606/3500/6285 2398/3448/6286
f 2421/3499/3914 738/3498/3913 2422/3501/6287 3606/3500/6285
f 3606/3500/6285 2422/3501/6287 739/3502/3911 2423/3503/3908
f 2398/3448/6286 3606/3500/6285 2423/3503/3908 727/3449/3907
f 727/3449/3906 2423/3503/3905 3607/3504/6288 2400/3452/6289
f 2423/3503/3905 739/3502/3904 2424/3505/6290 3607/3504/6288
f 3607/3504/6288 2424/3505/6290 740/3506/3902 2425/3507/3899
f 2400/3452/6289 3607/3504/6288 2425/3507/3899 728/3453/3898
f 728/3453/3897 2425/3508/3896 3608/3509/6291 2402/3457/6292
f 2425/3508/3896 740/3510/3895 2426/3511/6293 3608/3509/6291
f 3608/3509/6291 2426/3511/6293 741/3512/3893 2427/3513/3890
f 2402/3457/6292 3608/3509/6291 2427/3513/3890 729/3458/3889
f 729/3462/6294 2427/3514/6295 3609/3515/6296 2404/3463/6297
f 2427/3514/6295 741/3516/3994 2428/3517/6298 3609/3515/6296
f 3609/3515/6296 2428/3517/6298 742/3518/3992 2429/3519/3989
f 2404/3463/6297 3609/3515/6296 2429/3519/3989 730/3464/3988
f 730/3468/3987 2429/3520/3986 3610/3521/6299 2406/3469/6300
f 2429/3520/3986 742/3522/3985 2430/3523/6301 3610/3521/6299
f 3610/3521/6299 2430/3523/6301 743/3524/3983 2431/3525/3980
f 2406/3469/6300 3610/3521/6299 2431/3525/3980 731/3470/3979
f 731/3470/6302 2431/3525/3977 3611/3526/6303 2408/3473/6304
f 2431/3525/3977 743/3524/3976 2432/3527/6305 3611/3526/6303
f 3611/3526/6303 2432/3527/6305 744/3528/6306 2433/3529/6307
f 2408/3473/6304 3611/3526/6303 2433/3529/6307 732/3474/6308
f 732/3474/6309 2433/3529/3968 3612/3530/6310 2410/3477/6311
f 2433/3529/3968 744/3528/3967 2434/3531/6312 3612/3530/6310
f 3612/3530/6310 2434/3531/6312 745/3532/6313 2435/3533/3962
f 2410/3477/6311 3612/3530/6310 2435/3533/3962 733/3478/6314
f 733/3478/3960 2435/3533/3959 3613/3534/6315 2412/3481/6316
f 2435/3533/3959 745/3532/3958 2436/3535/6317 3613/3534/6315
f 3613/3534/6315 2436/3535/6317 746/3536/3956 2437/3537/3953
f 2412/3481/6316 3613/3534/6315 2437/3537/3953 734/3482/6318
f 734/3482/3951 2437/3537/3950 3614/3538/6319 2414/3485/6320
f 2437/3537/3950 746/3536/6321 2438/3539/6322 3614/3538/6319
f 3614/3538/6319 2438/3539/6322 735/3488/3947 2415/3486/3944
f 2414/3485/6320 3614/3538/6319 2415/3486/3944 723/3435/3943
f 735/3488/4050 2439/3540/6323 3615/3541/6324 2416/3489/6325
f 2439/3540/6323 747/3542/4048 2440/3543/6326 3615/3541/6324
f 3615/3541/6324 2440/3543/6326 748/3544/6327 2441/3545/6328
f 2416/3489/6325 3615/3541/6324 2441/3545/6328 736/3490/4042
f 736/3490/6329 2441/3545/4040 3616/3546/6330 2418/3493/6331
f 2441/3545/4040 748/3544/6332 2442/3547/6333 3616/3546/6330
f 3616/3546/6330 2442/3547/6333 749/3548/4037 2443/3549/6334
f 2418/3493/6331 3616/3546/6330 2443/3549/6334 737/3494/4033
f 737/3494/4032 2443/3549/4031 3617/3550/6335 2420/3497/6336
f 2443/3549/4031 749/3548/4030 2444/3551/6337 3617/3550/6335
f 3617/3550/6335 2444/3551/6337 750/3552/6338 2445/3553/4025
f 2420/3497/6336 3617/3550/6335 2445/3553/4025 738/3498/6339
f 738/3498/4023 2445/3553/4022 3618/3554/6340 2422/3501/6341
f 2445/3553/4022 750/3552/6342 2446/3555/6343 3618/3554/6340
f 3618/3554/6340 2446/3555/6343 751/3556/4019 2447/3557/4016
f 2422/3501/6341 3618/3554/6340 2447/3557/4016 739/3502/4015
f 739/3502/6344 2447/3557/4013 3619/3558/6345 2424/3505/6346
f 2447/3557/4013 751/3556/4012 2448/3559/6347 3619/3558/6345
f 3619/3558/6345 2448/3559/6347 752/3560/4010 2449/3561/6348
f 2424/3505/6346 3619/3558/6345 2449/3561/6348 740/3506/4006
f 740/3510/4005 2449/3562/4004 3620/3563/6349 2426/3511/6350
f 2449/3562/4004 752/3564/4003 2450/3565/6351 3620/3563/6349
f 3620/3563/6349 2450/3565/6351 753/3566/4001 2451/3567/6352
f 2426/3511/6350 3620/3563/6349 2451/3567/6352 741/3512/3997
f 741/3516/4104 2451/3568/6353 3621/3569/6354 2428/3517/6355
f 2451/3568/6353 753/3570/6356 2452/3571/6357 3621/3569/6354
f 3621/3569/6354 2452/3571/6357 754/3572/4100 2453/3573/4097
f 2428/3517/6355 3621/3569/6354 2453/3573/4097 742/3518/6358
f 742/3522/4095 2453/3574/4094 3622/3575/6359 2430/3523/6360
f 2453/3574/4094 754/3572/6361 2454/3576/6362 3622/3575/6359
f 3622/3575/6359 2454/3576/6362 755/3577/4091 2455/3578/6363
f 2430/3523/6360 3622/3575/6359 2455/3578/6363 743/3524/4087
f 743/3524/4086 2455/3578/4085 3623/3579/6364 2432/3527/6365
f 2455/3578/4085 755/3577/4084 2456/3580/6366 3623/3579/6364
f 3623/3579/6364 2456/3580/6366 756/3581/4082 2457/3582/4079
f 2432/3527/6365 3623/3579/6364 2457/3582/4079 744/3528/4078
f 744/3528/4077 2457/3582/4076 3624/3583/6367 2434/3531/6368
f 2457/3582/4076 756/3581/4075 2458/3584/6369 3624/3583/6367
f 3624/3583/6367 2458/3584/6369 757/3585/4073 2459/3586/4070
f 2434/3531/6368 3624/3583/6367 2459/3586/4070 745/3532/6370
f 745/3532/4068 2459/3586/4067 3625/3587/6371 2436/3535/6372
f 2459/3586/4067 757/3585/6373 2460/3588/6374 3625/3587/6371
f 3625/3587/6371 2460/3588/6374 758/3589/4064 2461/3590/4061
f 2436/3535/6372 3625/3587/6371 2461/3590/4061 746/3536/4060
f 746/3536/4059 2461/3590/4058 3626/3591/6375 2438/3539/6376
f 2461/3590/4058 758/3589/4057 2462/3592/6377 3626/3591/6375
f 3626/3591/6375 2462/3592/6377 747/3542/4055 2439/3540/6378
f 2438/3539/6376 3626/3591/6375 2439/3540/6378 735/3488/4051
f 747/3542/4158 2463/3593/4157 3627/3594/6379 2440/3543/6380
f 2463/3593/4157 759/3595/6381 2464/3596/6382 3627/3594/6379
f 3627/3594/6379 2464/3596/6382 760/3597/6383 2465/3598/4151
f 2440/3543/6380 3627/3594/6379 2465/3598/4151 748/3544/4150
f 748/3544/4149 2465/3598/4148 3628/3599/6384 2442/3547/6385
f 2465/3598/4148 760/3597/6386 2466/3600/6387 3628/3599/6384
f 3628/3599/6384 2466/3600/6387 761/3601/4145 2467/3602/4142
f 2442/3547/6385 3628/3599/6384 2467/3602/4142 749/3548/4141
f 749/3548/4140 2467/3602/4139 3629/3603/6388 2444/3551/6389
f 2467/3602/4139 761/3601/4138 2468/3604/6390 3629/3603/6388
f 3629/3603/6388 2468/3604/6390 762/3605/4136 2469/3606/4133
f 2444/3551/6389 3629/3603/6388 2469/3606/4133 750/3552/4132
f 750/3552/6391 2469/3606/4130 3630/3607/6392 2446/3555/6393
f 2469/3606/4130 762/3605/4129 2470/3608/6394 3630/3607/6392
f 3630/3607/6392 2470/3608/6394 763/3609/4127 2471/3610/4124
f 2446/3555/6393 3630/3607/6392 2471/3610/4124 751/3556/6395
f 751/3556/4122 2471/3610/4121 3631/3611/6396 2448/3559/6397
f 2471/3610/4121 763/3609/4120 2472/3612/6398 3631/3611/6396
f 3631/3611/6396 2472/3612/6398 764/3613/6399 2473/3614/4115
f 2448/3559/6397 3631/3611/6396 2473/3614/4115 752/3560/6400
f 752/3564/4113 2473/3615/6401 3632/3616/6402 2450/3565/6403
f 2473/3615/6401 764/3613/4111 2474/3617/6404 3632/3616/6402
f 3632/3616/6402 2474/3617/6404 765/3618/4109 2475/3619/4106
f 2450/3565/6403 3632/3616/6402 2475/3619/4106 753/3566/4105
f 753/3570/6405 2475/3620/4211 3633/3621/6406 2452/3571/6407
f 2475/3620/4211 765/3622/6408 2476/3623/6409 3633/3621/6406
f 3633/3621/6406 2476/3623/6409 766/3624/6410 2477/3625/4205
f 2452/3571/6407 3633/3621/6406 2477/3625/4205 754/3572/4204
f 754/3572/4203 2477/3626/4202 3634/3627/6411 2454/3576/6412
f 2477/3626/4202 766/3624/6413 2478/3628/6414 3634/3627/6411
f 3634/3627/6411 2478/3628/6414 767/3629/4199 2479/3630/4196
f 2454/3576/6412 3634/3627/6411 2479/3630/4196 755/3577/4195
f 755/3577/4194 2479/3630/4193 3635/3631/6415 2456/3580/6416
f 2479/3630/4193 767/3629/6417 2480/3632/6418 3635/3631/6415
f 3635/3631/6415 2480/3632/6418 768/3633/4190 2481/3634/4187
f 2456/3580/6416 3635/3631/6415 2481/3634/4187 756/3581/4186
f 756/3581/6419 2481/3634/4184 3636/3635/6420 2458/3584/6421
f 2481/3634/4184 768/3633/4183 2482/3636/6422 3636/3635/6420
f 3636/3635/6420 2482/3636/6422 769/3637/4181 2483/3638/4178
f 2458/3584/6421 3636/3635/6420 2483/3638/4178 757/3585/6423
f 757/3585/4176 2483/3638/4175 3637/3639/6424 2460/3588/6425
f 2483/3638/4175 769/3637/4174 2484/3640/6426 3637/3639/6424
f 3637/3639/6424 2484/3640/6426 770/3641/4172 2485/3642/4169
f 2460/3588/6425 3637/3639/6424 2485/3642/4169 758/3589/6427
f 758/3589/4167 2485/3642/6428 3638/3643/6429 2462/3592/6430
f 2485/3642/6428 770/3641/4165 2486/3644/6431 3638/3643/6429
f 3638/3643/6429 2486/3644/6431 759/3595/4163 2463/3593/4160
f 2462/3592/6430 3638/3643/6429 2463/3593/4160 747/3542/6432
f 759/3595/4266 2487/3645/4265 3639/3646/6433 2464/3596/6434
f 2487/3645/4265 771/3647/4264 2488/3648/6435 3639/3646/6433
f 3639/3646/6433 2488/3648/6435 772/3649/6436 2489/3650/6437
f 2464/3596/6434 3639/3646/6433 2489/3650/6437 760/3597/6438
f 760/3597/6439 2489/3650/6440 3640/3651/6441 2466/3600/6442
f 2489/3650/6440 772/3649/6443 2490/3652/6444 3640/3651/6441
f 3640/3651/6441 2490/3652/6444 773/3653/4253 2491/3654/4250
f 2466/3600/6442 3640/3651/6441 2491/3654/4250 761/3601/4249
f 761/3601/4248 2491/3654/4247 3641/3655/6445 2468/3604/6446
f 2491/3654/4247 773/3653/4246 2492/3656/6447 3641/3655/6445
f 3641/3655/6445 2492/3656/6447 774/3657/4244 2493/3658/4241
f 2468/3604/6446 3641/3655/6445 2493/3658/4241 762/3605/4240
f 762/3605/4239 2493/3658/4238 3642/3659/6448 2470/3608/6449
f 2493/3658/4238 774/3657/4237 2494/3660/6450 3642/3659/6448
f 3642/3659/6448 2494/3660/6450 775/3661/4235 2495/3662/4232
f 2470/3608/6449 3642/3659/6448 2495/3662/4232 763/3609/6451
f 763/3609/4230 2495/3662/4229 3643/3663/6452 2472/3612/6453
f 2495/3662/4229 775/3661/4228 2496/3664/6454 3643/3663/6452
f 3643/3663/6452 2496/3664/6454 776/3665/4226 2497/3666/4223
f 2472/3612/6453 3643/3663/6452 2497/3666/4223 764/3613/6455
f 764/3613/4221 2497/3667/4220 3644/3668/6456 2474/3617/6457
f 2497/3667/4220 776/3669/4219 2498/3670/6458 3644/3668/6456
f 3644/3668/6456 2498/3670/6458 777/3671/4217 2499/3672/6459
f 2474/3617/6457 3644/3668/6456 2499/3672/6459 765/3618/4213
f 765/3622/6460 2499/3673/6461 3645/3674/6462 2476/3623/6463
f 2499/3673/6461 777/3675/6464 2500/3676/6465 3645/3674/6462
f 3645/3674/6462 2500/3676/6465 778/3677/4316 2501/3678/4313
f 2476/3623/6463 3645/3674/6462 2501/3678/4313 766/3624/4312
f 766/3624/6466 2501/3679/4310 3646/3680/6467 2478/3628/6468
f 2501/3679/4310 778/3677/6469 2502/3681/6470 3646/3680/6467
f 3646/3680/6467 2502/3681/6470 779/3682/4307 2503/3683/4304
f 2478/3628/6468 3646/3680/6467 2503/3683/4304 767/3629/4303
f 767/3629/4302 2503/3683/4301 3647/3684/6471 2480/3632/6472
f 2503/3683/4301 779/3682/4300 2504/3685/6473 3647/3684/6471
f 3647/3684/6471 2504/3685/6473 780/3686/4298 2505/3687/4295
f 2480/3632/6472 3647/3684/6471 2505/3687/4295 768/3633/4294
f 768/3633/6474 2505/3687/4292 3648/3688/6475 2482/3636/6476
f 2505/3687/4292 780/3686/6477 2506/3689/6478 3648/3688/6475
f 3648/3688/6475 2506/3689/6478 781/3690/4289 2507/3691/4286
f 2482/3636/6476 3648/3688/6475 2507/3691/4286 769/3637/6479
f 769/3637/4284 2507/3691/4283 3649/3692/6480 2484/3640/6481
f 2507/3691/4283 781/3690/4282 2508/3693/6482 3649/3692/6480
f 3649/3692/6480 2508/3693/6482 782/3694/4280 2509/3695/4277
f 2484/3640/6481 3649/3692/6480 2509/3695/4277 770/3641/4276
f 770/3641/4275 2509/3695/4274 3650/3696/6483 2486/3644/6484
f 2509/3695/4274 782/3694/4273 2510/3697/6485 3650/3696/6483
f 3650/3696/6483 2510/3697/6485 771/3647/4271 2487/3645/6486
f 2486/3644/6484 3650/3696/6483 2487/3645/6486 759/3595/4267
f 771/3647/4374 2511/3698/4373 3651/3699/6487 2488/3648/6488
f 2511/3698/4373 783/3700/4372 2512/3701/6489 3651/3699/6487
f 3651/3699/6487 2512/3701/6489 784/3702/4370 2513/3703/4367
f 2488/3648/6488 3651/3699/6487 2513/3703/4367 772/3649/4366
f 772/3649/4365 2513/3703/6490 3652/3704/6491 2490/3652/6492
f 2513/3703/6490 784/3702/4363 2514/3705/6493 3652/3704/6491
f 3652/3704/6491 2514/3705/6493 785/3706/4361 2515/3707/4358
f 2490/3652/6492 3652/3704/6491 2515/3707/4358 773/3653/4357
f 773/3653/4356 2515/3707/4355 3653/3708/6494 2492/3656/6495
f 2515/3707/4355 785/3706/4354 2516/3709/6496 3653/3708/6494
f 3653/3708/6494 2516/3709/6496 786/3710/4352 2517/3711/4349
f 2492/3656/6495 3653/3708/6494 2517/3711/4349 774/3657/4348
f 774/3657/6497 2517/3711/4346 3654/3712/6498 2494/3660/6499
f 2517/3711/4346 786/3710/4345 2518/3713/6500 3654/3712/6498
f 3654/3712/6498 2518/3713/6500 787/3714/6501 2519/3715/4340
f 2494/3660/6499 3654/3712/6498 2519/3715/4340 775/3661/4339
f 775/3661/4338 2519/3715/4337 3655/3716/6502 2496/3664/6503
f 2519/3715/4337 787/3714/4336 2520/3717/6504 3655/3716/6502
f 3655/3716/6502 2520/3717/6504 788/3718/4334 2521/3719/4331
f 2496/3664/6503 3655/3716/6502 2521/3719/4331 776/3665/4330
f 776/3669/4329 2521/3720/4328 3656/3721/6505 2498/3670/6506
f 2521/3720/4328 788/3722/4327 2522/3723/6507 3656/3721/6505
f 3656/3721/6505 2522/3723/6507 789/3724/6508 2523/3725/4322
f 2498/3670/6506 3656/3721/6505 2523/3725/4322 777/3671/4321
f 777/3675/4428 2523/3726/4427 3657/3727/6509 2500/3676/6510
f 2523/3726/4427 789/3728/4426 2524/3729/6511 3657/3727/6509
f 3657/3727/6509 2524/3729/6511 790/3730/4424 2525/3731/4421
f 2500/3676/6510 3657/3727/6509 2525/3731/4421 778/3677/4420
f 778/3677/6512 2525/3732/6513 3658/3733/6514 2502/3681/6515
f 2525/3732/6513 790/3734/4417 2526/3735/6516 3658/3733/6514
f 3658/3733/6514 2526/3735/6516 791/3736/6517 2527/3737/4412
f 2502/3681/6515 3658/3733/6514 2527/3737/4412 779/3682/4411
f 779/3682/4410 2527/3737/4409 3659/3738/6518 2504/3685/6519
f 2527/3737/4409 791/3736/4408 2528/3739/6520 3659/3738/6518
f 3659/3738/6518 2528/3739/6520 792/3740/4406 2529/3741/4403
f 2504/3685/6519 3659/3738/6518 2529/3741/4403 780/3686/4402
f 780/3686/6521 2529/3741/4400 3660/3742/6522 2506/3689/6523
f 2529/3741/4400 792/3740/4399 2530/3743/6524 3660/3742/6522
f 3660/3742/6522 2530/3743/6524 793/3744/4397 2531/3745/4394
f 2506/3689/6523 3660/3742/6522 2531/3745/4394 781/3690/4393
f 781/3690/4392 2531/3745/4391 3661/3746/6525 2508/3693/6526
f 2531/3745/4391 793/3744/4390 2532/3747/6527 3661/3746/6525
f 3661/3746/6525 2532/3747/6527 794/3748/4388 2533/3749/4385
f 2508/3693/6526 3661/3746/6525 2533/3749/4385 782/3694/4384
f 782/3694/4383 2533/3749/4382 3662/3750/6528 2510/3697/6529
f 2533/3749/4382 794/3748/4381 2534/3751/6530 3662/3750/6528
f 3662/3750/6528 2534/3751/6530 783/3700/6531 2511/3698/4376
f 2510/3697/6529 3662/3750/6528 2511/3698/4376 771/3647/4375
f 783/3700/4482 2535/3752/4481 3663/3753/6532 2512/3701/6533
f 2535/3752/4481 795/3754/4480 2536/3755/6534 3663/3753/6532
f 3663/3753/6532 2536/3755/6534 796/3756/6535 2537/3757/4475
f 2512/3701/6533 3663/3753/6532 2537/3757/4475 784/3702/4474
f 784/3702/4473 2537/3757/4472 3664/3758/6536 2514/3705/6537
f 2537/3757/4472 796/3756/4471 2538/3759/6538 3664/3758/6536
f 3664/3758/6536 2538/3759/6538 797/3760/4469 2539/3761/4466
f 2514/3705/6537 3664/3758/6536 2539/3761/4466 785/3706/4465
f 785/3706/4464 2539/3761/6539 3665/3762/6540 2516/3709/6541
f 2539/3761/6539 797/3760/4462 2540/3763/6542 3665/3762/6540
f 3665/3762/6540 2540/3763/6542 798/3764/4460 2541/3765/4457
f 2516/3709/6541 3665/3762/6540 2541/3765/4457 786/3710/6543
f 786/3710/6544 2541/3765/6545 3666/3766/6546 2518/3713/6547
f 2541/3765/6545 798/3764/6548 2542/3767/6549 3666/3766/6546
f 3666/3766/6546 2542/3767/6549 799/3768/4451 2543/3769/4448
f 2518/3713/6547 3666/3766/6546 2543/3769/4448 787/3714/4447
f 787/3714/4446 2543/3769/6550 3667/3770/6551 2520/3717/6552
f 2543/3769/6550 799/3768/4444 2544/3771/6553 3667/3770/6551
f 3667/3770/6551 2544/3771/6553 800/3772/4442 2545/3773/4439
f 2520/3717/6552 3667/3770/6551 2545/3773/4439 788/3718/6554
f 788/3722/4437 2545/3774/4436 3668/3775/6555 2522/3723/6556
f 2545/3774/4436 800/3776/4435 2546/3777/6557 3668/3775/6555
f 3668/3775/6555 2546/3777/6557 801/3778/4433 2547/3779/4430
f 2522/3723/6556 3668/3775/6555 2547/3779/4430 789/3724/4429
f 789/3728/4536 2547/3780/4535 3669/3781/6558 2524/3729/6559
f 2547/3780/4535 801/3782/4534 2548/3783/6560 3669/3781/6558
f 3669/3781/6558 2548/3783/6560 802/3784/6561 2549/3785/4529
f 2524/3729/6559 3669/3781/6558 2549/3785/4529 790/3730/4528
f 790/3734/4527 2549/3786/4526 3670/3787/6562 2526/3735/6563
f 2549/3786/4526 802/3788/4525 2550/3789/6564 3670/3787/6562
f 3670/3787/6562 2550/3789/6564 803/3790/4523 2551/3791/4520
f 2526/3735/6563 3670/3787/6562 2551/3791/4520 791/3736/4519
f 791/3736/4518 2551/3791/6565 3671/3792/6566 2528/3739/6567
f 2551/3791/6565 803/3790/6568 2552/3793/6569 3671/3792/6566
f 3671/3792/6566 2552/3793/6569 804/3794/4514 2553/3795/4511
f 2528/3739/6567 3671/3792/6566 2553/3795/4511 792/3740/4510
f 792/3740/6570 2553/3795/6571 3672/3796/6572 2530/3743/6573
f 2553/3795/6571 804/3794/4507 2554/3797/6574 3672/3796/6572
f 3672/3796/6572 2554/3797/6574 805/3798/4505 2555/3799/4502
f 2530/3743/6573 3672/3796/6572 2555/3799/4502 793/3744/6575
f 793/3744/6576 2555/3799/4499 3673/3800/6577 2532/3747/6578
f 2555/3799/4499 805/3798/6579 2556/3801/6580 3673/3800/6577
f 3673/3800/6577 2556/3801/6580 806/3802/4496 2557/3803/6581
f 2532/3747/6578 3673/3800/6577 2557/3803/6581 794/3748/6582
f 794/3748/4491 2557/3803/4490 3674/3804/6583 2534/3751/6584
f 2557/3803/4490 806/3802/4489 2558/3805/6585 3674/3804/6583
f 3674/3804/6583 2558/3805/6585 795/3754/4487 2535/3752/4484
f 2534/3751/6584 3674/3804/6583 2535/3752/4484 783/3700/4483
f 795/3806/4590 2559/3807/6586 3675/3808/6587 2536/3809/6588
f 2559/3807/6586 807/3810/4588 2560/3811/6589 3675/3808/6587
f 3675/3808/6587 2560/3811/6589 808/3812/4586 2561/3813/4583
f 2536/3809/6588 3675/3808/6587 2561/3813/4583 796/3814/6590
f 796/3814/4581 2561/3813/4580 3676/3815/6591 2538/3816/6592
f 2561/3813/4580 808/3812/4579 2562/3817/6593 3676/3815/6591
f 3676/3815/6591 2562/3817/6593 809/3818/4577 2563/3819/4574
f 2538/3816/6592 3676/3815/6591 2563/3819/4574 797/3820/4573
f 797/3820/4572 2563/3819/4571 3677/3821/6594 2540/3822/6595
f 2563/3819/4571 809/3818/4570 2564/3823/6596 3677/3821/6594
f 3677/3821/6594 2564/3823/6596 810/3824/4568 2565/3825/4565
f 2540/3822/6595 3677/3821/6594 2565/3825/4565 798/3826/6597
f 798/3826/4563 2565/3825/4562 3678/3827/6598 2542/3767/6599
f 2565/3825/4562 810/3824/4561 2566/3828/6600 3678/3827/6598
f 3678/3827/6598 2566/3828/6600 811/3829/4559 2567/3830/4556
f 2542/3767/6599 3678/3827/6598 2567/3830/4556 799/3831/4555
f 799/3831/6601 2567/3830/4553 3679/3832/6602 2544/3833/6603
f 2567/3830/4553 811/3829/4552 2568/3834/6604 3679/3832/6602
f 3679/3832/6602 2568/3834/6604 812/3835/4550 2569/3836/4547
f 2544/3833/6603 3679/3832/6602 2569/3836/4547 800/3776/4546
f 800/3776/4545 2569/3836/6605 3680/3837/6606 2546/3777/6607
f 2569/3836/6605 812/3835/4543 2570/3838/6608 3680/3837/6606
f 3680/3837/6606 2570/3838/6608 813/3839/4541 2571/3840/6609
f 2546/3777/6607 3680/3837/6606 2571/3840/6609 801/3778/4537
f 801/3782/4644 2571/3841/6610 3681/3842/6611 2548/3783/6612
f 2571/3841/6610 813/3843/4642 2572/3844/6613 3681/3842/6611
f 3681/3842/6611 2572/3844/6613 814/3845/4640 2573/3846/4637
f 2548/3783/6612 3681/3842/6611 2573/3846/4637 802/3784/6614
f 802/3784/4635 2573/3846/4634 3682/3847/6615 2550/3848/6616
f 2573/3846/4634 814/3845/4633 2574/3849/6617 3682/3847/6615
f 3682/3847/6615 2574/3849/6617 815/3850/6618 2575/3851/4628
f 2550/3848/6616 3682/3847/6615 2575/3851/4628 803/3790/4627
f 803/3790/4626 2575/3851/4625 3683/3852/6619 2552/3853/6620
f 2575/3851/4625 815/3850/4624 2576/3854/6621 3683/3852/6619
f 3683/3852/6619 2576/3854/6621 816/3855/4622 2577/3856/4619
f 2552/3853/6620 3683/3852/6619 2577/3856/4619 804/3857/6622
f 804/3857/4617 2577/3856/4616 3684/3858/6623 2554/3859/6624
f 2577/3856/4616 816/3855/4615 2578/3860/6625 3684/3858/6623
f 3684/3858/6623 2578/3860/6625 817/3861/6626 2579/3862/4610
f 2554/3859/6624 3684/3858/6623 2579/3862/4610 805/3863/4609
f 805/3863/6627 2579/3862/4607 3685/3864/6628 2556/3865/6629
f 2579/3862/4607 817/3861/6630 2580/3866/6631 3685/3864/6628
f 3685/3864/6628 2580/3866/6631 818/3867/4604 2581/3868/4601
f 2556/3865/6629 3685/3864/6628 2581/3868/4601 806/3869/4600
f 806/3869/6632 2581/3868/6633 3686/3870/6634 2558/3871/6635
f 2581/3868/6633 818/3867/4597 2582/3872/6636 3686/3870/6634
f 3686/3870/6634 2582/3872/6636 807/3810/4595 2559/3807/6637
f 2558/3871/6635 3686/3870/6634 2559/3807/6637 795/3806/4591
f 807/3873/4698 2583/3874/4697 3687/3875/6638 2560/3876/6639
f 2583/3874/4697 819/3877/4696 2584/3878/6640 3687/3875/6638
f 3687/3875/6638 2584/3878/6640 820/3879/4694 2585/3880/4691
f 2560/3876/6639 3687/3875/6638 2585/3880/4691 808/3881/4690
f 808/3881/4689 2585/3880/4688 3688/3882/6641 2562/3883/6642
f 2585/3880/4688 820/3879/4687 2586/3884/6643 3688/3882/6641
f 3688/3882/6641 2586/3884/6643 821/3885/4685 2587/3886/6644
f 2562/3883/6642 3688/3882/6641 2587/3886/6644 809/3887/4681
f 809/3887/4680 2587/3886/4679 3689/3888/6645 2564/3889/6646
f 2587/3886/4679 821/3885/4678 2588/3890/6647 3689/3888/6645
f 3689/3888/6645 2588/3890/6647 822/3891/4676 2589/3892/4673
f 2564/3889/6646 3689/3888/6645 2589/3892/4673 810/3893/4672
f 810/3893/4671 2589/3892/4670 3690/3894/6648 2566/3895/6649
f 2589/3892/4670 822/3891/4669 2590/3896/6650 3690/3894/6648
f 3690/3894/6648 2590/3896/6650 823/3897/4667 2591/3898/4664
f 2566/3895/6649 3690/3894/6648 2591/3898/4664 811/3899/6651
f 811/3899/6652 2591/3898/4661 3691/3900/6653 2568/3901/6654
f 2591/3898/4661 823/3897/4660 2592/3902/6655 3691/3900/6653
f 3691/3900/6653 2592/3902/6655 824/3903/4658 2593/3904/4655
f 2568/3901/6654 3691/3900/6653 2593/3904/4655 812/3905/4654
f 812/3905/4653 2593/3904/4652 3692/3906/6656 2570/3907/6657
f 2593/3904/4652 824/3903/4651 2594/3908/6658 3692/3906/6656
f 3692/3906/6656 2594/3908/6658 825/3909/4649 2595/3910/4646
f 2570/3907/6657 3692/3906/6656 2595/3910/4646 813/3911/4645
f 813/3912/4752 2595/3913/4751 3693/3914/6659 2572/3915/6660
f 2595/3913/4751 825/3916/4750 2596/3917/6661 3693/3914/6659
f 3693/3914/6659 2596/3917/6661 826/3918/4748 2597/3919/4745
f 2572/3915/6660 3693/3914/6659 2597/3919/4745 814/3920/4744
f 814/3920/4743 2597/3919/4742 3694/3921/6662 2574/3922/6663
f 2597/3919/4742 826/3918/4741 2598/3923/6664 3694/3921/6662
f 3694/3921/6662 2598/3923/6664 827/3924/4739 2599/3925/4736
f 2574/3922/6663 3694/3921/6662 2599/3925/4736 815/3926/6665
f 815/3926/4734 2599/3925/4733 3695/3927/6666 2576/3928/6667
f 2599/3925/4733 827/3924/4732 2600/3929/6668 3695/3927/6666
f 3695/3927/6666 2600/3929/6668 828/3930/4730 2601/3931/4727
f 2576/3928/6667 3695/3927/6666 2601/3931/4727 816/3932/4726
f 816/3932/4725 2601/3931/4724 3696/3933/6669 2578/3934/6670
f 2601/3931/4724 828/3930/4723 2602/3935/6671 3696/3933/6669
f 3696/3933/6669 2602/3935/6671 829/3936/4721 2603/3937/4718
f 2578/3934/6670 3696/3933/6669 2603/3937/4718 817/3938/4717
f 817/3938/6672 2603/3937/4715 3697/3939/6673 2580/3940/6674
f 2603/3937/4715 829/3936/4714 2604/3941/6675 3697/3939/6673
f 3697/3939/6673 2604/3941/6675 830/3942/4712 2605/3943/4709
f 2580/3940/6674 3697/3939/6673 2605/3943/4709 818/3944/6676
f 818/3944/4707 2605/3943/4706 3698/3945/6677 2582/3946/6678
f 2605/3943/4706 830/3942/4705 2606/3947/6679 3698/3945/6677
f 3698/3945/6677 2606/3947/6679 819/3877/4703 2583/3874/4700
f 2582/3946/6678 3698/3945/6677 2583/3874/4700 807/3873/4699
f 819/3948/4806 2607/3949/4805 3699/3950/6680 2584/3951/6681
f 2607/3949/4805 831/3952/4804 2608/3953/6682 3699/3950/6680
f 3699/3950/6680 2608/3953/6682 832/3954/4802 2609/3955/4799
f 2584/3951/6681 3699/3950/6680 2609/3955/4799 820/3879/6683
f 820/3879/6684 2609/3955/4796 3700/3956/6685 2586/3957/6686
f 2609/3955/4796 832/3954/6687 2610/3958/6688 3700/3956/6685
f 3700/3956/6685 2610/3958/6688 833/3959/6689 2611/3960/4790
f 2586/3957/6686 3700/3956/6685 2611/3960/4790 821/3961/4789
f 821/3961/4788 2611/3960/4787 3701/3962/6690 2588/3963/6691
f 2611/3960/4787 833/3959/4786 2612/3964/6692 3701/3962/6690
f 3701/3962/6690 2612/3964/6692 834/3965/4784 2613/3966/4781
f 2588/3963/6691 3701/3962/6690 2613/3966/4781 822/3967/6693
f 822/3967/4779 2613/3966/4778 3702/3968/6694 2590/3969/6695
f 2613/3966/4778 834/3965/4777 2614/3970/6696 3702/3968/6694
f 3702/3968/6694 2614/3970/6696 835/3971/4775 2615/3972/4772
f 2590/3969/6695 3702/3968/6694 2615/3972/4772 823/3973/4771
f 823/3973/4770 2615/3972/4769 3703/3974/6697 2592/3975/6698
f 2615/3972/4769 835/3971/4768 2616/3976/6699 3703/3974/6697
f 3703/3974/6697 2616/3976/6699 836/3977/4766 2617/3978/4763
f 2592/3975/6698 3703/3974/6697 2617/3978/4763 824/3979/6700
f 824/3903/6701 2617/3980/4760 3704/3981/6702 2594/3908/6703
f 2617/3980/4760 836/3977/4759 2618/3982/6704 3704/3981/6702
f 3704/3981/6702 2618/3982/6704 837/3983/6705 2619/3984/4754
f 2594/3908/6703 3704/3981/6702 2619/3984/4754 825/3909/4753
f 825/3916/4860 2619/3985/4859 3705/3986/6706 2596/3917/6707
f 2619/3985/4859 837/3987/4858 2620/3988/6708 3705/3986/6706
f 3705/3986/6706 2620/3988/6708 838/3989/4856 2621/3990/4853
f 2596/3917/6707 3705/3986/6706 2621/3990/4853 826/3918/4852
f 826/3991/4851 2621/3992/4850 3706/3993/6709 2598/3994/6710
f 2621/3992/4850 838/3995/6711 2622/3996/6712 3706/3993/6709
f 3706/3993/6709 2622/3996/6712 839/3997/6713 2623/3998/4844
f 2598/3994/6710 3706/3993/6709 2623/3998/4844 827/3999/4843
f 827/3999/4842 2623/3998/4841 3707/4000/6714 2600/4001/6715
f 2623/3998/4841 839/3997/6716 2624/4002/6717 3707/4000/6714
f 3707/4000/6714 2624/4002/6717 840/4003/4838 2625/4004/4835
f 2600/4001/6715 3707/4000/6714 2625/4004/4835 828/4005/6718
f 828/4005/4833 2625/4004/4832 3708/4006/6719 2602/4007/6720
f 2625/4004/4832 840/4003/4831 2626/4008/6721 3708/4006/6719
f 3708/4006/6719 2626/4008/6721 841/4009/4829 2627/4010/4826
f 2602/4007/6720 3708/4006/6719 2627/4010/4826 829/4011/4825
f 829/4011/4824 2627/4010/4823 3709/4012/6722 2604/4013/6723
f 2627/4010/4823 841/4009/4822 2628/4014/6724 3709/4012/6722
f 3709/4012/6722 2628/4014/6724 842/4015/4820 2629/4016/6725
f 2604/4013/6723 3709/4012/6722 2629/4016/6725 830/4017/6726
f 830/4017/4815 2629/4016/4814 3710/4018/6727 2606/3947/6728
f 2629/4016/4814 842/4015/4813 2630/4019/6729 3710/4018/6727
f 3710/4018/6727 2630/4019/6729 831/3952/4811 2607/3949/4808
f 2606/3947/6728 3710/4018/6727 2607/3949/4808 819/3948/4807
f 831/3952/4914 2631/4020/4913 3711/4021/6730 2608/3953/6731
f 2631/4020/4913 843/4022/4912 2632/4023/6732 3711/4021/6730
f 3711/4021/6730 2632/4023/6732 844/4024/4910 2633/4025/6733
f 2608/3953/6731 3711/4021/6730 2633/4025/6733 832/3954/4906
f 832/3954/4905 2633/4025/4904 3712/4026/6734 2610/3958/6735
f 2633/4025/4904 844/4024/4903 2634/4027/6736 3712/4026/6734
f 3712/4026/6734 2634/4027/6736 845/4028/4901 2635/4029/6737
f 2610/3958/6735 3712/4026/6734 2635/4029/6737 833/3959/4897
f 833/3959/6738 2635/4029/6739 3713/4030/6740 2612/3964/6741
f 2635/4029/6739 845/4028/4894 2636/4031/6742 3713/4030/6740
f 3713/4030/6740 2636/4031/6742 846/4032/4892 2637/4033/6743
f 2612/3964/6741 3713/4030/6740 2637/4033/6743 834/3965/4888
f 834/3965/4887 2637/4033/4886 3714/4034/6744 2614/3970/6745
f 2637/4033/4886 846/4032/4885 2638/4035/6746 3714/4034/6744
f 3714/4034/6744 2638/4035/6746 847/4036/6747 2639/4037/4880
f 2614/3970/6745 3714/4034/6744 2639/4037/4880 835/3971/6748
f 835/3971/4878 2639/4037/4877 3715/4038/6749 2616/3976/6750
f 2639/4037/4877 847/4036/4876 2640/4039/6751 3715/4038/6749
f 3715/4038/6749 2640/4039/6751 848/4040/6752 2641/4041/4871
f 2616/3976/6750 3715/4038/6749 2641/4041/4871 836/3977/4870
f 836/3977/4869 2641/4042/6753 3716/4043/6754 2618/3982/6755
f 2641/4042/6753 848/4044/4867 2642/4045/6756 3716/4043/6754
f 3716/4043/6754 2642/4045/6756 849/4046/4865 2643/4047/4862
f 2618/3982/6755 3716/4043/6754 2643/4047/4862 837/3983/6757
f 837/3987/4968 2643/4048/4967 3717/4049/6758 2620/3988/6759
f 2643/4048/4967 849/4050/4966 2644/4051/6760 3717/4049/6758
f 3717/4049/6758 2644/4051/6760 850/4052/4964 2645/4053/4961
f 2620/3988/6759 3717/4049/6758 2645/4053/4961 838/3989/6761
f 838/3995/4959 2645/4054/4958 3718/4055/6762 2622/3996/6763
f 2645/4054/4958 850/4056/4957 2646/4057/6764 3718/4055/6762
f 3718/4055/6762 2646/4057/6764 851/4058/4955 2647/4059/4952
f 2622/3996/6763 3718/4055/6762 2647/4059/4952 839/3997/4951
f 839/3997/4950 2647/4059/6765 3719/4060/6766 2624/4002/6767
f 2647/4059/6765 851/4058/6768 2648/4061/6769 3719/4060/6766
f 3719/4060/6766 2648/4061/6769 852/4062/4946 2649/4063/6770
f 2624/4002/6767 3719/4060/6766 2649/4063/6770 840/4003/4942
f 840/4003/6771 2649/4063/4940 3720/4064/6772 2626/4008/6773
f 2649/4063/4940 852/4062/4939 2650/4065/6774 3720/4064/6772
f 3720/4064/6772 2650/4065/6774 853/4066/4937 2651/4067/4934
f 2626/4008/6773 3720/4064/6772 2651/4067/4934 841/4009/4933
f 841/4009/4932 2651/4067/4931 3721/4068/6775 2628/4014/6776
f 2651/4067/4931 853/4066/4930 2652/4069/6777 3721/4068/6775
f 3721/4068/6775 2652/4069/6777 854/4070/4928 2653/4071/4925
f 2628/4014/6776 3721/4068/6775 2653/4071/4925 842/4015/4924
f 842/4015/4923 2653/4071/4922 3722/4072/6778 2630/4019/6779
f 2653/4071/4922 854/4070/6780 2654/4073/6781 3722/4072/6778
f 3722/4072/6778 2654/4073/6781 843/4022/4919 2631/4020/4916
f 2630/4019/6779 3722/4072/6778 2631/4020/4916 831/3952/4915
f 843/4022/5022 2655/4074/5021 3723/4075/6782 2632/4023/6783
f 2655/4074/5021 855/4076/5020 2656/4077/6784 3723/4075/6782
f 3723/4075/6782 2656/4077/6784 856/4078/6785 2657/4079/5015
f 2632/4023/6783 3723/4075/6782 2657/4079/5015 844/4024/5014
f 844/4024/5013 2657/4079/5012 3724/4080/6786 2634/4027/6787
f 2657/4079/5012 856/4078/5011 2658/4081/6788 3724/4080/6786
f 3724/4080/6786 2658/4081/6788 857/4082/5009 2659/4083/5006
f 2634/4027/6787 3724/4080/6786 2659/4083/5006 845/4028/5005
f 845/4028/5004 2659/4083/5003 3725/4084/6789 2636/4031/6790
f 2659/4083/5003 857/4082/6791 2660/4085/6792 3725/4084/6789
f 3725/4084/6789 2660/4085/6792 858/4086/5000 2661/4087/4997
f 2636/4031/6790 3725/4084/6789 2661/4087/4997 846/4032/4996
f 846/4032/4995 2661/4087/4994 3726/4088/6793 2638/4035/6794
f 2661/4087/4994 858/4086/4993 2662/4089/6795 3726/4088/6793
f 3726/4088/6793 2662/4089/6795 859/4090/4991 2663/4091/4988
f 2638/4035/6794 3726/4088/6793 2663/4091/4988 847/4036/4987
f 847/4036/4986 2663/4091/4985 3727/4092/6796 2640/4039/6797
f 2663/4091/4985 859/4090/4984 2664/4093/6798 3727/4092/6796
f 3727/4092/6796 2664/4093/6798 860/4094/4982 2665/4095/6799
f 2640/4039/6797 3727/4092/6796 2665/4095/6799 848/4040/6800
f 848/4044/4977 2665/4096/4976 3728/4097/6801 2642/4045/6802
f 2665/4096/4976 860/4094/4975 2666/4098/6803 3728/4097/6801
f 3728/4097/6801 2666/4098/6803 861/4099/4973 2667/4100/4970
f 2642/4045/6802 3728/4097/6801 2667/4100/4970 849/4046/4969
f 849/4050/5076 2667/4101/5075 3729/4102/6804 2644/4051/6805
f 2667/4101/5075 861/4103/5074 2668/4104/6806 3729/4102/6804
f 3729/4102/6804 2668/4104/6806 862/4105/5072 2669/4106/5069
f 2644/4051/6805 3729/4102/6804 2669/4106/5069 850/4052/5068
f 850/4056/5067 2669/4106/5066 3730/4107/6807 2646/4057/6808
f 2669/4106/5066 862/4108/5065 2670/4109/6809 3730/4107/6807
f 3730/4107/6807 2670/4109/6809 863/4110/5063 2671/4111/5060
f 2646/4057/6808 3730/4107/6807 2671/4111/5060 851/4058/6810
f 851/4058/5058 2671/4111/6811 3731/4112/6812 2648/4061/6813
f 2671/4111/6811 863/4110/6814 2672/4113/6815 3731/4112/6812
f 3731/4112/6812 2672/4113/6815 864/4114/5054 2673/4115/5051
f 2648/4061/6813 3731/4112/6812 2673/4115/5051 852/4062/5050
f 852/4062/5049 2673/4115/5048 3732/4116/6816 2650/4065/6817
f 2673/4115/5048 864/4114/5047 2674/4117/6818 3732/4116/6816
f 3732/4116/6816 2674/4117/6818 865/4118/5045 2675/4119/5042
f 2650/4065/6817 3732/4116/6816 2675/4119/5042 853/4066/5041
f 853/4066/5040 2675/4119/5039 3733/4120/6819 2652/4069/6820
f 2675/4119/5039 865/4118/5038 2676/4121/6821 3733/4120/6819
f 3733/4120/6819 2676/4121/6821 866/4122/5036 2677/4123/6822
f 2652/4069/6820 3733/4120/6819 2677/4123/6822 854/4070/5032
f 854/4070/5031 2677/4123/5030 3734/4124/6823 2654/4073/6824
f 2677/4123/5030 866/4122/5029 2678/4125/6825 3734/4124/6823
f 3734/4124/6823 2678/4125/6825 855/4076/5027 2655/4074/5024
f 2654/4073/6824 3734/4124/6823 2655/4074/5024 843/4022/5023
f 855/4076/6826 2679/4126/6827 3735/4127/6828 2656/4077/6829
f 2679/4126/6827 867/4128/6830 2680/4129/6831 3735/4127/6828
f 3735/4127/6828 2680/4129/6831 868/4130/5126 2681/4131/5123
f 2656/4077/6829 3735/4127/6828 2681/4131/5123 856/4078/5122
f 856/4078/5121 2681/4131/5120 3736/4132/6832 2658/4081/6833
f 2681/4131/5120 868/4130/5119 2682/4133/6834 3736/4132/6832
f 3736/4132/6832 2682/4133/6834 869/4134/6835 2683/4135/5114
f 2658/4081/6833 3736/4132/6832 2683/4135/5114 857/4082/5113
f 857/4082/5112 2683/4135/5111 3737/4136/6836 2660/4085/6837
f 2683/4135/5111 869/4134/5110 2684/4137/6838 3737/4136/6836
f 3737/4136/6836 2684/4137/6838 870/4138/5108 2685/4139/5105
f 2660/4085/6837 3737/4136/6836 2685/4139/5105 858/4086/5104
f 858/4086/5103 2685/4139/5102 3738/4140/6839 2662/4089/6840
f 2685/4139/5102 870/4138/5101 2686/4141/6841 3738/4140/6839
f 3738/4140/6839 2686/4141/6841 871/4142/5099 2687/4143/5096
f 2662/4089/6840 3738/4140/6839 2687/4143/5096 859/4090/6842
f 859/4090/5094 2687/4143/5093 3739/4144/6843 2664/4093/6844
f 2687/4143/5093 871/4142/5092 2688/4145/6845 3739/4144/6843
f 3739/4144/6843 2688/4145/6845 872/4146/5090 2689/4147/5087
f 2664/4093/6844 3739/4144/6843 2689/4147/5087 860/4094/5086
f 860/4094/5085 2689/4148/6846 3740/4149/6847 2666/4098/6848
f 2689/4148/6846 872/4146/5083 2690/4150/6849 3740/4149/6847
f 3740/4149/6847 2690/4150/6849 873/4151/5081 2691/4152/5078
f 2666/4098/6848 3740/4149/6847 2691/4152/5078 861/4099/5077
f 861/4103/6850 2691/4153/6851 3741/4154/6852 2668/4104/6853
f 2691/4153/6851 873/4155/6854 2692/4156/6855 3741/4154/6852
f 3741/4154/6852 2692/4156/6855 874/4157/6856 2693/4158/5177
f 2668/4104/6853 3741/4154/6852 2693/4158/5177 862/4105/6857
f 862/4108/5175 2693/4159/5174 3742/4160/6858 2670/4109/6859
f 2693/4159/5174 874/4157/5173 2694/4161/6860 3742/4160/6858
f 3742/4160/6858 2694/4161/6860 875/4162/5171 2695/4163/5168
f 2670/4109/6859 3742/4160/6858 2695/4163/5168 863/4110/5167
f 863/4110/6861 2695/4163/5165 3743/4164/6862 2672/4113/6863
f 2695/4163/5165 875/4162/6864 2696/4165/6865 3743/4164/6862
f 3743/4164/6862 2696/4165/6865 876/4166/5162 2697/4167/5159
f 2672/4113/6863 3743/4164/6862 2697/4167/5159 864/4114/6866
f 864/4114/5157 2697/4167/5156 3744/4168/6867 2674/4117/6868
f 2697/4167/5156 876/4166/5155 2698/4169/6869 3744/4168/6867
f 3744/4168/6867 2698/4169/6869 877/4170/5153 2699/4171/5150
f 2674/4117/6868 3744/4168/6867 2699/4171/5150 865/4118/6870
f 865/4118/5148 2699/4171/5147 3745/4172/6871 2676/4121/6872
f 2699/4171/5147 877/4170/5146 2700/4173/6873 3745/4172/6871
f 3745/4172/6871 2700/4173/6873 878/4174/5144 2701/4175/5141
f 2676/4121/6872 3745/4172/6871 2701/4175/5141 866/4122/5140
f 866/4122/5139 2701/4175/5138 3746/4176/6874 2678/4125/6875
f 2701/4175/5138 878/4174/5137 2702/4177/6876 3746/4176/6874
f 3746/4176/6874 2702/4177/6876 867/4128/5135 2679/4126/5132
f 2678/4125/6875 3746/4176/6874 2679/4126/5132 855/4076/5131
f 867/4128/5238 2703/4178/5237 3747/4179/6877 2680/4129/6878
f 2703/4178/5237 879/4180/5236 2704/4181/6879 3747/4179/6877
f 3747/4179/6877 2704/4181/6879 880/4182/5234 2705/4183/6880
f 2680/4129/6878 3747/4179/6877 2705/4183/6880 868/4130/5230
f 868/4130/5229 2705/4183/5228 3748/4184/6881 2682/4133/6882
f 2705/4183/5228 880/4182/5227 2706/4185/6883 3748/4184/6881
f 3748/4184/6881 2706/4185/6883 881/4186/5225 2707/4187/5222
f 2682/4133/6882 3748/4184/6881 2707/4187/5222 869/4134/5221
f 869/4134/6884 2707/4187/5219 3749/4188/6885 2684/4137/6886
f 2707/4187/5219 881/4186/5218 2708/4189/6887 3749/4188/6885
f 3749/4188/6885 2708/4189/6887 882/4190/5216 2709/4191/5213
f 2684/4137/6886 3749/4188/6885 2709/4191/5213 870/4138/5212
f 870/4138/5211 2709/4191/6888 3750/4192/6889 2686/4141/6890
f 2709/4191/6888 882/4190/5209 2710/4193/6891 3750/4192/6889
f 3750/4192/6889 2710/4193/6891 883/4194/5207 2711/4195/5204
f 2686/4141/6890 3750/4192/6889 2711/4195/5204 871/4142/5203
f 871/4142/5202 2711/4195/5201 3751/4196/6892 2688/4145/6893
f 2711/4195/5201 883/4194/5200 2712/4197/6894 3751/4196/6892
f 3751/4196/6892 2712/4197/6894 884/4198/5198 2713/4199/5195
f 2688/4145/6893 3751/4196/6892 2713/4199/5195 872/4146/6895
f 872/4146/6896 2713/4199/6897 3752/4200/6898 2690/4150/6899
f 2713/4199/6897 884/4201/6900 2714/4202/6901 3752/4200/6898
f 3752/4200/6898 2714/4202/6901 885/4203/5189 2715/4204/6902
f 2690/4150/6899 3752/4200/6898 2715/4204/6902 873/4151/5185
f 873/4155/5292 2715/4205/5291 3753/4206/6903 2692/4156/6904
f 2715/4205/5291 885/4207/5290 2716/4208/6905 3753/4206/6903
f 3753/4206/6903 2716/4208/6905 886/4209/5288 2717/4210/5285
f 2692/4156/6904 3753/4206/6903 2717/4210/5285 874/4157/6906
f 874/4157/5283 2717/4210/6907 3754/4211/6908 2694/4161/6909
f 2717/4210/6907 886/4212/5281 2718/4213/6910 3754/4211/6908
f 3754/4211/6908 2718/4213/6910 887/4214/5279 2719/4215/5276
f 2694/4161/6909 3754/4211/6908 2719/4215/5276 875/4162/5275
f 875/4162/6911 2719/4215/5273 3755/4216/6912 2696/4165/6913
f 2719/4215/5273 887/4214/5272 2720/4217/6914 3755/4216/6912
f 3755/4216/6912 2720/4217/6914 888/4218/6915 2721/4219/5267
f 2696/4165/6913 3755/4216/6912 2721/4219/5267 876/4166/5266
f 876/4166/5265 2721/4219/5264 3756/4220/6916 2698/4169/6917
f 2721/4219/5264 888/4218/5263 2722/4221/6918 3756/4220/6916
f 3756/4220/6916 2722/4221/6918 889/4222/5261 2723/4223/5258
f 2698/4169/6917 3756/4220/6916 2723/4223/5258 877/4170/5257
f 877/4170/5256 2723/4223/5255 3757/4224/6919 2700/4173/6920
f 2723/4223/5255 889/4222/5254 2724/4225/6921 3757/4224/6919
f 3757/4224/6919 2724/4225/6921 890/4226/5252 2725/4227/5249
f 2700/4173/6920 3757/4224/6919 2725/4227/5249 878/4174/5248
f 878/4174/5247 2725/4227/5246 3758/4228/6922 2702/4177/6923
f 2725/4227/5246 890/4226/6924 2726/4229/6925 3758/4228/6922
f 3758/4228/6922 2726/4229/6925 879/4180/5243 2703/4178/6926
f 2702/4177/6923 3758/4228/6922 2703/4178/6926 867/4128/5239
f 879/4180/5346 2727/4230/6927 3759/4231/6928 2704/4181/6929
f 2727/4230/6927 891/4232/6930 2728/4233/6931 3759/4231/6928
f 3759/4231/6928 2728/4233/6931 892/4234/6932 2729/4235/5339
f 2704/4181/6929 3759/4231/6928 2729/4235/5339 880/4182/5338
f 880/4182/5337 2729/4235/5336 3760/4236/6933 2706/4185/6934
f 2729/4235/5336 892/4234/5335 2730/4237/6935 3760/4236/6933
f 3760/4236/6933 2730/4237/6935 893/4238/5333 2731/4239/5330
f 2706/4185/6934 3760/4236/6933 2731/4239/5330 881/4186/6936
f 881/4186/5328 2731/4239/5327 3761/4240/6937 2708/4189/6938
f 2731/4239/5327 893/4238/5326 2732/4241/6939 3761/4240/6937
f 3761/4240/6937 2732/4241/6939 894/4242/5324 2733/4243/5321
f 2708/4189/6938 3761/4240/6937 2733/4243/5321 882/4190/5320
f 882/4190/6940 2733/4243/5318 3762/4244/6941 2710/4193/6942
f 2733/4243/5318 894/4242/5317 2734/4245/6943 3762/4244/6941
f 3762/4244/6941 2734/4245/6943 895/4246/5315 2735/4247/5312
f 2710/4193/6942 3762/4244/6941 2735/4247/5312 883/4194/5311
f 883/4194/6944 2735/4247/5309 3763/4248/6945 2712/4197/6946
f 2735/4247/5309 895/4246/5308 2736/4249/6947 3763/4248/6945
f 3763/4248/6945 2736/4249/6947 896/4250/6948 2737/4251/5303
f 2712/4197/6946 3763/4248/6945 2737/4251/5303 884/4198/5302
f 884/4201/5301 2737/4252/6949 3764/4253/6950 2714/4202/6951
f 2737/4252/6949 896/4254/5299 2738/4255/6952 3764/4253/6950
f 3764/4253/6950 2738/4255/6952 897/4256/5297 2739/4257/6953
f 2714/4202/6951 3764/4253/6950 2739/4257/6953 885/4203/5293
f 885/4207/5400 2739/4258/5399 3765/4259/6954 2716/4208/6955
f 2739/4258/5399 897/4260/5398 2740/4261/6956 3765/4259/6954
f 3765/4259/6954 2740/4261/6956 898/4262/5396 2741/4263/5393
f 2716/4208/6955 3765/4259/6954 2741/4263/5393 886/4209/5392
f 886/4212/6957 2741/4264/5390 3766/4265/6958 2718/4213/6959
f 2741/4264/5390 898/4266/5389 2742/4267/6960 3766/4265/6958
f 3766/4265/6958 2742/4267/6960 899/4268/5387 2743/4269/5384
f 2718/4213/6959 3766/4265/6958 2743/4269/5384 887/4214/5383
f 887/4214/5382 2743/4269/5381 3767/4270/6961 2720/4217/6962
f 2743/4269/5381 899/4268/5380 2744/4271/6963 3767/4270/6961
f 3767/4270/6961 2744/4271/6963 900/4272/5378 2745/4273/5375
f 2720/4217/6962 3767/4270/6961 2745/4273/5375 888/4218/5374
f 888/4218/5373 2745/4273/5372 3768/4274/6964 2722/4221/6965
f 2745/4273/5372 900/4272/5371 2746/4275/6966 3768/4274/6964
f 3768/4274/6964 2746/4275/6966 901/4276/5369 2747/4277/5366
f 2722/4221/6965 3768/4274/6964 2747/4277/5366 889/4222/5365
f 889/4222/5364 2747/4277/5363 3769/4278/6967 2724/4225/6968
f 2747/4277/5363 901/4276/5362 2748/4279/6969 3769/4278/6967
f 3769/4278/6967 2748/4279/6969 902/4280/6970 2749/4281/5357
f 2724/4225/6968 3769/4278/6967 2749/4281/5357 890/4226/5356
f 890/4226/5355 2749/4281/6971 3770/4282/6972 2726/4229/6973
f 2749/4281/6971 902/4280/5353 2750/4283/6974 3770/4282/6972
f 3770/4282/6972 2750/4283/6974 891/4232/5351 2727/4230/6975
f 2726/4229/6973 3770/4282/6972 2727/4230/6975 879/4180/5347
f 891/4232/5454 2751/4284/6976 3771/4285/6977 2728/4233/6978
f 2751/4284/6976 903/4286/5452 2752/4287/6979 3771/4285/6977
f 3771/4285/6977 2752/4287/6979 904/4288/5450 2753/4289/5447
f 2728/4233/6978 3771/4285/6977 2753/4289/5447 892/4234/5446
f 892/4234/5445 2753/4289/5444 3772/4290/6980 2730/4237/6981
f 2753/4289/5444 904/4288/5443 2754/4291/6982 3772/4290/6980
f 3772/4290/6980 2754/4291/6982 905/4292/5441 2755/4293/5438
f 2730/4237/6981 3772/4290/6980 2755/4293/5438 893/4238/5437
f 893/4238/5436 2755/4293/5435 3773/4294/6983 2732/4241/6984
f 2755/4293/5435 905/4292/5434 2756/4295/6985 3773/4294/6983
f 3773/4294/6983 2756/4295/6985 906/4296/5432 2757/4297/5429
f 2732/4241/6984 3773/4294/6983 2757/4297/5429 894/4242/5428
f 894/4242/6986 2757/4297/5426 3774/4298/6987 2734/4245/6988
f 2757/4297/5426 906/4296/5425 2758/4299/6989 3774/4298/6987
f 3774/4298/6987 2758/4299/6989 907/4300/5423 2759/4301/5420
f 2734/4245/6988 3774/4298/6987 2759/4301/5420 895/4246/5419
f 895/4246/5418 2759/4301/5417 3775/4302/6990 2736/4249/6991
f 2759/4301/5417 907/4300/5416 2760/4303/6992 3775/4302/6990
f 3775/4302/6990 2760/4303/6992 908/4304/6993 2761/4305/6994
f 2736/4249/6991 3775/4302/6990 2761/4305/6994 896/4250/5410
f 896/4254/5409 2761/4306/5408 3776/4307/6995 2738/4255/6996
f 2761/4306/5408 908/4308/5407 2762/4309/6997 3776/4307/6995
f 3776/4307/6995 2762/4309/6997 909/4310/5405 2763/4311/5402
f 2738/4255/6996 3776/4307/6995 2763/4311/5402 897/4256/5401
f 897/4260/5508 2763/4312/6998 3777/4313/6999 2740/4261/7000
f 2763/4312/6998 909/4314/5506 2764/4315/7001 3777/4313/6999
f 3777/4313/6999 2764/4315/7001 910/4316/5504 2765/4317/5501
f 2740/4261/7000 3777/4313/6999 2765/4317/5501 898/4262/5500
f 898/4266/5499 2765/4318/5498 3778/4319/7002 2742/4267/7003
f 2765/4318/5498 910/4320/5497 2766/4321/7004 3778/4319/7002
f 3778/4319/7002 2766/4321/7004 911/4322/5495 2767/4323/5492
f 2742/4267/7003 3778/4319/7002 2767/4323/5492 899/4268/5491
f 899/4268/5490 2767/4323/5489 3779/4324/7005 2744/4271/7006
f 2767/4323/5489 911/4322/5488 2768/4325/7007 3779/4324/7005
f 3779/4324/7005 2768/4325/7007 912/4326/5486 2769/4327/5483
f 2744/4271/7006 3779/4324/7005 2769/4327/5483 900/4272/5482
f 900/4272/5481 2769/4327/5480 3780/4328/7008 2746/4275/7009
f 2769/4327/5480 912/4326/5479 2770/4329/7010 3780/4328/7008
f 3780/4328/7008 2770/4329/7010 913/4330/5477 2771/4331/5474
f 2746/4275/7009 3780/4328/7008 2771/4331/5474 901/4276/5473
f 901/4276/5472 2771/4331/5471 3781/4332/7011 2748/4279/7012
f 2771/4331/5471 913/4330/5470 2772/4333/7013 3781/4332/7011
f 3781/4332/7011 2772/4333/7013 914/4334/5468 2773/4335/5465
f 2748/4279/7012 3781/4332/7011 2773/4335/5465 902/4280/5464
f 902/4280/5463 2773/4335/5462 3782/4336/7014 2750/4283/7015
f 2773/4335/5462 914/4334/5461 2774/4337/7016 3782/4336/7014
f 3782/4336/7014 2774/4337/7016 903/4286/5459 2751/4284/5456
f 2750/4283/7015 3782/4336/7014 2751/4284/5456 891/4232/5455
f 903/4286/7017 2775/4338/7018 3783/4339/7019 2752/4287/7020
f 2775/4338/7018 915/4340/5560 2776/4341/7021 3783/4339/7019
f 3783/4339/7019 2776/4341/7021 916/4342/5558 2777/4343/5555
f 2752/4287/7020 3783/4339/7019 2777/4343/5555 904/4288/5554
f 904/4288/5553 2777/4343/5552 3784/4344/7022 2754/4291/7023
f 2777/4343/5552 916/4342/5551 2778/4345/7024 3784/4344/7022
f 3784/4344/7022 2778/4345/7024 917/4346/7025 2779/4347/7026
f 2754/4291/7023 3784/4344/7022 2779/4347/7026 905/4292/7027
f 905/4292/7028 2779/4347/7029 3785/4348/7030 2756/4295/7031
f 2779/4347/7029 917/4346/5542 2780/4349/7032 3785/4348/7030
f 3785/4348/7030 2780/4349/7032 918/4350/5540 2781/4351/5537
f 2756/4295/7031 3785/4348/7030 2781/4351/5537 906/4296/5536
f 906/4296/5535 2781/4351/5534 3786/4352/7033 2758/4299/7034
f 2781/4351/5534 918/4350/5533 2782/4353/7035 3786/4352/7033
f 3786/4352/7033 2782/4353/7035 919/4354/7036 2783/4355/7037
f 2758/4299/7034 3786/4352/7033 2783/4355/7037 907/4300/7038
f 907/4300/7039 2783/4355/5525 3787/4356/7040 2760/4303/7041
f 2783/4355/5525 919/4354/5524 2784/4357/7042 3787/4356/7040
f 3787/4356/7040 2784/4357/7042 920/4358/5522 2785/4359/7043
f 2760/4303/7041 3787/4356/7040 2785/4359/7043 908/4304/5518
f 908/4308/7044 2785/4360/5516 3788/4361/7045 2762/4309/7046
f 2785/4360/5516 920/4362/5515 2786/4363/7047 3788/4361/7045
f 3788/4361/7045 2786/4363/7047 921/4364/7048 2787/4365/7049
f 2762/4309/7046 3788/4361/7045 2787/4365/7049 909/4310/5509
f 909/4314/5616 2787/4366/5615 3789/4367/7050 2764/4315/7051
f 2787/4366/5615 921/4368/5614 2788/4369/7052 3789/4367/7050
f 3789/4367/7050 2788/4369/7052 922/4370/5612 2789/4371/7053
f 2764/4315/7051 3789/4367/7050 2789/4371/7053 910/4316/5608
f 910/4320/5607 2789/4372/5606 3790/4373/7054 2766/4321/7055
f 2789/4372/5606 922/4374/5605 2790/4375/7056 3790/4373/7054
f 3790/4373/7054 2790/4375/7056 923/4376/5603 2791/4377/5600
f 2766/4321/7055 3790/4373/7054 2791/4377/5600 911/4322/5599
f 911/4322/5598 2791/4377/7057 3791/4378/7058 2768/4325/7059
f 2791/4377/7057 923/4376/5596 2792/4379/7060 3791/4378/7058
f 3791/4378/7058 2792/4379/7060 924/4380/5594 2793/4381/5591
f 2768/4325/7059 3791/4378/7058 2793/4381/5591 912/4326/5590
f 912/4326/5589 2793/4381/5588 3792/4382/7061 2770/4329/7062
f 2793/4381/5588 924/4380/5587 2794/4383/7063 3792/4382/7061
f 3792/4382/7061 2794/4383/7063 925/4384/5585 2795/4385/7064
f 2770/4329/7062 3792/4382/7061 2795/4385/7064 913/4330/5581
f 913/4330/5580 2795/4385/5579 3793/4386/7065 2772/4333/7066
f 2795/4385/5579 925/4384/7067 2796/4387/7068 3793/4386/7065
f 3793/4386/7065 2796/4387/7068 926/4388/5576 2797/4389/7069
f 2772/4333/7066 3793/4386/7065 2797/4389/7069 914/4334/5572
f 914/4334/5571 2797/4389/5570 3794/4390/7070 2774/4337/7071
f 2797/4389/5570 926/4388/5569 2798/4391/7072 3794/4390/7070
f 3794/4390/7070 2798/4391/7072 915/4340/5567 2775/4338/7073
f 2774/4337/7071 3794/4390/7070 2775/4338/7073 903/4286/5563
f 915/4340/5670 2799/4392/5669 3795/4393/7074 2776/4341/7075
f 2799/4392/5669 927/4394/5668 2800/4395/7076 3795/4393/7074
f 3795/4393/7074 2800/4395/7076 928/4396/5666 2801/4397/7077
f 2776/4341/7075 3795/4393/7074 2801/4397/7077 916/4342/5662
f 916/4342/5661 2801/4397/5660 3796/4398/7078 2778/4345/7079
f 2801/4397/5660 928/4396/5659 2802/4399/7080 3796/4398/7078
f 3796/4398/7078 2802/4399/7080 929/4400/5657 2803/4401/5654
f 2778/4345/7079 3796/4398/7078 2803/4401/5654 917/4346/5653
f 917/4346/5652 2803/4401/7081 3797/4402/7082 2780/4349/7083
f 2803/4401/7081 929/4400/5650 2804/4403/7084 3797/4402/7082
f 3797/4402/7082 2804/4403/7084 930/4404/5648 2805/4405/7085
f 2780/4349/7083 3797/4402/7082 2805/4405/7085 918/4350/7086
f 918/4350/5643 2805/4405/5642 3798/4406/7087 2782/4353/7088
f 2805/4405/5642 930/4404/5641 2806/4407/7089 3798/4406/7087
f 3798/4406/7087 2806/4407/7089 931/4408/5639 2807/4409/5636
f 2782/4353/7088 3798/4406/7087 2807/4409/5636 919/4354/5635
f 919/4354/5634 2807/4409/5633 3799/4410/7090 2784/4357/7091
f 2807/4409/5633 931/4408/5632 2808/4411/7092 3799/4410/7090
f 3799/4410/7090 2808/4411/7092 932/4412/7093 2809/4413/5627
f 2784/4357/7091 3799/4410/7090 2809/4413/5627 920/4358/5626
f 920/4362/5625 2809/4414/7094 3800/4415/7095 2786/4363/7096
f 2809/4414/7094 932/4416/5623 2810/4417/7097 3800/4415/7095
f 3800/4415/7095 2810/4417/7097 933/4418/5621 2811/4419/7098
f 2786/4363/7096 3800/4415/7095 2811/4419/7098 921/4364/5617
f 921/4368/5724 2811/4420/5723 3801/4421/7099 2788/4369/7100
f 2811/4420/5723 933/4422/5722 2812/4423/7101 3801/4421/7099
f 3801/4421/7099 2812/4423/7101 934/4424/5720 2813/4425/7102
f 2788/4369/7100 3801/4421/7099 2813/4425/7102 922/4370/5716
f 922/4374/5715 2813/4426/5714 3802/4427/7103 2790/4375/7104
f 2813/4426/5714 934/4428/5713 2814/4429/7105 3802/4427/7103
f 3802/4427/7103 2814/4429/7105 935/4430/5711 2815/4431/5708
f 2790/4375/7104 3802/4427/7103 2815/4431/5708 923/4376/5707
f 923/4376/5706 2815/4431/7106 3803/4432/7107 2792/4379/7108
f 2815/4431/7106 935/4430/5704 2816/4433/7109 3803/4432/7107
f 3803/4432/7107 2816/4433/7109 936/4434/7110 2817/4435/7111
f 2792/4379/7108 3803/4432/7107 2817/4435/7111 924/4380/7112
f 924/4380/5697 2817/4435/5696 3804/4436/7113 2794/4383/7114
f 2817/4435/5696 936/4434/5695 2818/4437/7115 3804/4436/7113
f 3804/4436/7113 2818/4437/7115 937/4438/5693 2819/4439/5690
f 2794/4383/7114 3804/4436/7113 2819/4439/5690 925/4384/5689
f 925/4384/5688 2819/4439/5687 3805/4440/7116 2796/4387/7117
f 2819/4439/5687 937/4438/5686 2820/4441/7118 3805/4440/7116
f 3805/4440/7116 2820/4441/7118 938/4442/5684 2821/4443/5681
f 2796/4387/7117 3805/4440/7116 2821/4443/5681 926/4388/5680
f 926/4388/5679 2821/4443/5678 3806/4444/7119 2798/4391/7120
f 2821/4443/5678 938/4442/7121 2822/4445/7122 3806/4444/7119
f 3806/4444/7119 2822/4445/7122 927/4394/5675 2799/4392/7123
f 2798/4391/7120 3806/4444/7119 2799/4392/7123 915/4340/5671
f 927/4394/5778 2823/4446/7124 3807/4447/7125 2800/4395/7126
f 2823/4446/7124 939/4448/7127 2824/4449/7128 3807/4447/7125
f 3807/4447/7125 2824/4449/7128 940/4450/5774 2825/4451/5771
f 2800/4395/7126 3807/4447/7125 2825/4451/5771 928/4396/5770
f 928/4396/5769 2825/4451/5768 3808/4452/7129 2802/4399/7130
f 2825/4451/5768 940/4450/5767 2826/4453/7131 3808/4452/7129
f 3808/4452/7129 2826/4453/7131 941/4454/5765 2827/4455/5762
f 2802/4399/7130 3808/4452/7129 2827/4455/5762 929/4400/5761
f 929/4400/5760 2827/4455/5759 3809/4456/7132 2804/4403/7133
f 2827/4455/5759 941/4454/5758 2828/4457/7134 3809/4456/7132
f 3809/4456/7132 2828/4457/7134 942/4458/5756 2829/4459/5753
f 2804/4403/7133 3809/4456/7132 2829/4459/5753 930/4404/7135
f 930/4404/5751 2829/4459/5750 3810/4460/7136 2806/4407/7137
f 2829/4459/5750 942/4458/5749 2830/4461/7138 3810/4460/7136
f 3810/4460/7136 2830/4461/7138 943/4462/5747 2831/4463/7139
f 2806/4407/7137 3810/4460/7136 2831/4463/7139 931/4408/5743
f 931/4408/7140 2831/4463/5741 3811/4464/7141 2808/4411/7142
f 2831/4463/5741 943/4462/5740 2832/4465/7143 3811/4464/7141
f 3811/4464/7141 2832/4465/7143 944/4466/5738 2833/4467/5735
f 2808/4411/7142 3811/4464/7141 2833/4467/5735 932/4412/5734
f 932/4416/5733 2833/4467/5732 3812/4468/7144 2810/4417/7145
f 2833/4467/5732 944/4469/5731 2834/4470/7146 3812/4468/7144
f 3812/4468/7144 2834/4470/7146 945/4471/7147 2835/4472/5726
f 2810/4417/7145 3812/4468/7144 2835/4472/5726 933/4418/5725
f 933/4422/5832 2835/4473/5831 3813/4474/7148 2812/4423/7149
f 2835/4473/5831 945/4475/5830 2836/4476/7150 3813/4474/7148
f 3813/4474/7148 2836/4476/7150 946/4477/5828 2837/4478/5825
f 2812/4423/7149 3813/4474/7148 2837/4478/5825 934/4424/7151
f 934/4428/7152 2837/4479/5822 3814/4480/7153 2814/4429/7154
f 2837/4479/5822 946/4481/5821 2838/4482/7155 3814/4480/7153
f 3814/4480/7153 2838/4482/7155 947/4483/7156 2839/4484/7157
f 2814/4429/7154 3814/4480/7153 2839/4484/7157 935/4430/5815
f 935/4430/5814 2839/4484/5813 3815/4485/7158 2816/4433/7159
f 2839/4484/5813 947/4483/5812 2840/4486/7160 3815/4485/7158
f 3815/4485/7158 2840/4486/7160 948/4487/5810 2841/4488/5807
f 2816/4433/7159 3815/4485/7158 2841/4488/5807 936/4434/5806
f 936/4434/5805 2841/4488/5804 3816/4489/7161 2818/4437/7162
f 2841/4488/5804 948/4487/5803 2842/4490/7163 3816/4489/7161
f 3816/4489/7161 2842/4490/7163 949/4491/5801 2843/4492/5798
f 2818/4437/7162 3816/4489/7161 2843/4492/5798 937/4438/5797
f 937/4438/5796 2843/4492/5795 3817/4493/7164 2820/4441/7165
f 2843/4492/5795 949/4491/5794 2844/4494/7166 3817/4493/7164
f 3817/4493/7164 2844/4494/7166 950/4495/5792 2845/4496/7167
f 2820/4441/7165 3817/4493/7164 2845/4496/7167 938/4442/5788
f 938/4442/5787 2845/4496/5786 3818/4497/7168 2822/4445/7169
f 2845/4496/5786 950/4495/5785 2846/4498/7170 3818/4497/7168
f 3818/4497/7168 2846/4498/7170 939/4448/7171 2823/4446/5780
f 2822/4445/7169 3818/4497/7168 2823/4446/5780 927/4394/7172
f 939/4448/5886 2847/4499/5885 3819/4500/7173 2824/4449/7174
f 2847/4499/5885 951/4501/5884 2848/4502/7175 3819/4500/7173
f 3819/4500/7173 2848/4502/7175 952/4503/5882 2849/4504/5879
f 2824/4449/7174 3819/4500/7173 2849/4504/5879 940/4450/7176
f 940/4450/5877 2849/4504/5876 3820/4505/7177 2826/4453/7178
f 2849/4504/5876 952/4503/5875 2850/4506/7179 3820/4505/7177
f 3820/4505/7177 2850/4506/7179 953/4507/5873 2851/4508/5870
f 2826/4453/7178 3820/4505/7177 2851/4508/5870 941/4454/5869
f 941/4454/5868 2851/4508/5867 3821/4509/7180 2828/4457/7181
f 2851/4508/5867 953/4507/5866 2852/4510/7182 3821/4509/7180
f 3821/4509/7180 2852/4510/7182 954/4511/5864 2853/4512/5861
f 2828/4457/7181 3821/4509/7180 2853/4512/5861 942/4458/5860
f 942/4458/7183 2853/4512/5858 3822/4513/7184 2830/4461/7185
f 2853/4512/5858 954/4511/5857 2854/4514/7186 3822/4513/7184
f 3822/4513/7184 2854/4514/7186 955/4515/5855 2855/4516/5852
f 2830/4461/7185 3822/4513/7184 2855/4516/5852 943/4462/5851
f 943/4462/5850 2855/4516/5849 3823/4517/7187 2832/4465/7188
f 2855/4516/5849 955/4515/5848 2856/4518/7189 3823/4517/7187
f 3823/4517/7187 2856/4518/7189 956/4519/5846 2857/4520/5843
f 2832/4465/7188 3823/4517/7187 2857/4520/5843 944/4466/5842
f 944/4469/5841 2857/4521/5840 3824/4522/7190 2834/4470/7191
f 2857/4521/5840 956/4519/5839 2858/4523/7192 3824/4522/7190
f 3824/4522/7190 2858/4523/7192 957/4524/5837 2859/4525/7193
f 2834/4470/7191 3824/4522/7190 2859/4525/7193 945/4471/5833
f 945/4475/5940 2859/4526/5939 3825/4527/7194 2836/4476/7195
f 2859/4526/5939 957/4528/5938 2860/4529/7196 3825/4527/7194
f 3825/4527/7194 2860/4529/7196 958/4530/5936 2861/4531/5933
f 2836/4476/7195 3825/4527/7194 2861/4531/5933 946/4477/5932
f 946/4481/7197 2861/4531/5930 3826/4532/7198 2838/4482/7199
f 2861/4531/5930 958/4533/5929 2862/4534/7200 3826/4532/7198
f 3826/4532/7198 2862/4534/7200 959/4535/5927 2863/4536/5924
f 2838/4482/7199 3826/4532/7198 2863/4536/5924 947/4483/5923
f 947/4483/5922 2863/4536/5921 3827/4537/7201 2840/4486/7202
f 2863/4536/5921 959/4535/5920 2864/4538/7203 3827/4537/7201
f 3827/4537/7201 2864/4538/7203 960/4539/5918 2865/4540/5915
f 2840/4486/7202 3827/4537/7201 2865/4540/5915 948/4487/5914
f 948/4487/7204 2865/4540/5912 3828/4541/7205 2842/4490/7206
f 2865/4540/5912 960/4539/5911 2866/4542/7207 3828/4541/7205
f 3828/4541/7205 2866/4542/7207 961/4543/5909 2867/4544/5906
f 2842/4490/7206 3828/4541/7205 2867/4544/5906 949/4491/5905
f 949/4491/5904 2867/4544/5903 3829/4545/7208 2844/4494/7209
f 2867/4544/5903 961/4543/5902 2868/4546/7210 3829/4545/7208
f 3829/4545/7208 2868/4546/7210 962/4547/5900 2869/4548/5897
f 2844/4494/7209 3829/4545/7208 2869/4548/5897 950/4495/5896
f 950/4495/5895 2869/4548/7211 3830/4549/7212 2846/4498/7213
f 2869/4548/7211 962/4547/5893 2870/4550/7214 3830/4549/7212
f 3830/4549/7212 2870/4550/7214 951/4501/5891 2847/4499/7215
f 2846/4498/7213 3830/4549/7212 2847/4499/7215 939/4448/5887
f 951/4501/5994 2871/4551/5993 3831/4552/7216 2848/4502/7217
f 2871/4551/5993 387/1915/5992 1731/1918/7218 3831/4552/7216
f 3831/4552/7216 1731/1918/7218 388/1923/5990 2872/4553/5987
f 2848/4502/7217 3831/4552/7216 2872/4553/5987 952/4503/5986
f 952/4503/7219 2872/4553/5984 3832/4554/7220 2850/4506/7221
f 2872/4553/5984 388/1923/5983 1735/1925/7222 3832/4554/7220
f 3832/4554/7220 1735/1925/7222 389/1929/5981 2873/4555/7223
f 2850/4506/7221 3832/4554/7220 2873/4555/7223 953/4507/7224
f 953/4507/5976 2873/4555/5975 3833/4556/7225 2852/4510/7226
f 2873/4555/5975 389/1929/5974 1738/1931/7227 3833/4556/7225
f 3833/4556/7225 1738/1931/7227 390/1935/5972 2874/4557/5969
f 2852/4510/7226 3833/4556/7225 2874/4557/5969 954/4511/7228
f 954/4511/5967 2874/4557/5966 3834/4558/7229 2854/4514/7230
f 2874/4557/5966 390/1935/5965 1741/1937/7231 3834/4558/7229
f 3834/4558/7229 1741/1937/7231 391/1941/5963 2875/4559/5960
f 2854/4514/7230 3834/4558/7229 2875/4559/5960 955/4515/5959
f 955/4515/5958 2875/4559/5957 3835/4560/7232 2856/4518/7233
f 2875/4559/5957 391/1941/5956 1744/1943/7234 3835/4560/7232
f 3835/4560/7232 1744/1943/7234 392/1947/7235 2876/4561/5951
f 2856/4518/7233 3835/4560/7232 2876/4561/5951 956/4519/5950
f 956/4519/5949 2876/4562/7236 3836/4563/7237 2858/4523/7238
f 2876/4562/7236 392/1948/5947 1747/1951/7239 3836/4563/7237
f 3836/4563/7237 1747/1951/7239 393/1956/5945 2877/4564/5942
f 2858/4523/7238 3836/4563/7237 2877/4564/5942 957/4524/5941
f 957/4528/6048 2877/4565/6047 3837/4566/7240 2860/4529/7241
f 2877/4565/6047 393/1957/6046 1750/1960/7242 3837/4566/7240
f 3837/4566/7240 1750/1960/7242 394/1965/6044 2878/4567/7243
f 2860/4529/7241 3837/4566/7240 2878/4567/7243 958/4530/6040
f 958/4533/6039 2878/4568/6038 3838/4569/7244 2862/4534/7245
f 2878/4568/6038 394/1966/6037 1753/1969/7246 3838/4569/7244
f 3838/4569/7244 1753/1969/7246 395/1973/6035 2879/4570/6032
f 2862/4534/7245 3838/4569/7244 2879/4570/6032 959/4535/7247
f 959/4535/6030 2879/4570/6029 3839/4571/7248 2864/4538/7249
f 2879/4570/6029 395/1973/6028 1756/1975/7250 3839/4571/7248
f 3839/4571/7248 1756/1975/7250 396/1979/6026 2880/4572/6023
f 2864/4538/7249 3839/4571/7248 2880/4572/6023 960/4539/6022
f 960/4539/6021 2880/4572/6020 3840/4573/7251 2866/4542/7252
f 2880/4572/6020 396/1979/6019 1759/1981/7253 3840/4573/7251
f 3840/4573/7251 1759/1981/7253 397/1985/6017 2881/4574/6014
f 2866/4542/7252 3840/4573/7251 2881/4574/6014 961/4543/6013
f 961/4543/6012 2881/4574/6011 3841/4575/7254 2868/4546/7255
f 2881/4574/6011 397/1985/6010 1762/1987/7256 3841/4575/7254
f 3841/4575/7254 1762/1987/7256 398/1991/7257 2882/4576/6005
f 2868/4546/7255 3841/4575/7254 2882/4576/6005 962/4547/6004
f 962/4547/6003 2882/4576/6002 3842/4577/7258 2870/4550/7259
f 2882/4576/6002 398/1991/6001 1765/1993/7260 3842/4577/7258
f 3842/4577/7258 1765/1993/7260 387/1915/5999 2871/4551/7261
f 2870/4550/7259 3842/4577/7258 2871/4551/7261 951/4501/5995
