# Blender 4.4.1
# www.blender.org
mtllib enemy.mtl
o Cube
v 0.500000 0.500000 -0.500000
v 0.500000 -0.500000 -0.500000
v 0.500000 0.500000 0.500000
v 0.500000 -0.500000 0.500000
v -0.500000 0.500000 -0.500000
v -0.500000 -0.500000 -0.500000
v -0.500000 0.500000 0.500000
v -0.500000 -0.500000 0.500000
v -0.535118 -0.535118 -0.418850
v -0.572933 -0.572933 -0.296650
v -0.599636 -0.599636 -0.153401
v -0.609568 -0.609568 -0.000000
v -0.599636 -0.599636 0.153401
v -0.572933 -0.572933 0.296650
v -0.535118 -0.535118 0.418850
v 0.418849 -0.535118 -0.535118
v 0.296650 -0.572933 -0.572933
v 0.153401 -0.599636 -0.599636
v 0.000000 -0.609568 -0.609568
v -0.153401 -0.599636 -0.599636
v -0.296650 -0.572933 -0.572933
v -0.418850 -0.535118 -0.535118
v 0.535118 0.418849 -0.535118
v 0.572933 0.296650 -0.572933
v 0.599636 0.153401 -0.599636
v 0.609568 0.000000 -0.609568
v 0.599636 -0.153401 -0.599636
v 0.572933 -0.296650 -0.572933
v 0.535118 -0.418850 -0.535118
v -0.535118 -0.418850 0.535118
v -0.572933 -0.296650 0.572933
v -0.599636 -0.153401 0.599636
v -0.609568 -0.000000 0.609568
v -0.599636 0.153401 0.599636
v -0.572933 0.296650 0.572933
v -0.535118 0.418850 0.535118
v 0.535118 0.418849 0.535118
v 0.572933 0.296650 0.572933
v 0.599636 0.153401 0.599636
v 0.609568 0.000000 0.609568
v 0.599636 -0.153401 0.599636
v 0.572933 -0.296650 0.572933
v 0.535118 -0.418850 0.535118
v -0.535118 0.418850 -0.535118
v -0.572933 0.296650 -0.572933
v -0.599636 0.153401 -0.599636
v -0.609568 -0.000000 -0.609568
v -0.599636 -0.153401 -0.599636
v -0.572933 -0.296650 -0.572933
v -0.535118 -0.418850 -0.535118
v 0.418850 0.535118 0.535118
v 0.296650 0.572933 0.572933
v 0.153401 0.599636 0.599636
v -0.000000 0.609568 0.609568
v -0.153401 0.599636 0.599636
v -0.296650 0.572933 0.572933
v -0.418850 0.535118 0.535118
v 0.535118 0.535118 -0.418850
v 0.572933 0.572933 -0.296650
v 0.599636 0.599636 -0.153401
v 0.609568 0.609568 0.000000
v 0.599636 0.599635 0.153401
v 0.572933 0.572933 0.296650
v 0.535118 0.535118 0.418850
v -0.418850 -0.535118 0.535118
v -0.296650 -0.572933 0.572933
v -0.153401 -0.599636 0.599636
v -0.000000 -0.609568 0.609568
v 0.153401 -0.599636 0.599636
v 0.296650 -0.572933 0.572933
v 0.418850 -0.535118 0.535118
v -0.535118 0.535118 0.418849
v -0.572933 0.572933 0.296650
v -0.599635 0.599636 0.153401
v -0.609568 0.609568 -0.000000
v -0.599636 0.599636 -0.153401
v -0.572933 0.572933 -0.296650
v -0.535118 0.535118 -0.418850
v -0.418849 0.535118 -0.535118
v -0.296650 0.572933 -0.572933
v -0.153401 0.599636 -0.599636
v 0.000000 0.609568 -0.609568
v 0.153401 0.599636 -0.599636
v 0.296650 0.572933 -0.572933
v 0.418850 0.535118 -0.535118
v 0.535118 -0.535118 0.418849
v 0.572933 -0.572933 0.296650
v 0.599636 -0.599636 0.153401
v 0.609568 -0.609568 0.000000
v 0.599636 -0.599636 -0.153401
v 0.572933 -0.572933 -0.296650
v 0.535118 -0.535118 -0.418850
v 0.431759 0.610461 -0.431759
v 0.302983 0.664133 -0.455302
v 0.156091 0.698026 -0.474400
v 0.000000 0.709949 -0.481988
v -0.156091 0.698026 -0.474400
v -0.302983 0.664133 -0.455302
v -0.431759 0.610461 -0.431759
v 0.455302 0.664133 -0.302983
v 0.316157 0.728990 -0.316157
v 0.161915 0.768442 -0.328070
v 0.000000 0.781829 -0.333140
v -0.161915 0.768442 -0.328070
v -0.316157 0.728990 -0.316157
v -0.455302 0.664133 -0.302983
v 0.474400 0.698026 -0.156091
v 0.328070 0.768442 -0.161915
v 0.167582 0.810862 -0.167582
v -0.000000 0.825063 -0.170115
v -0.167582 0.810862 -0.167582
v -0.328070 0.768442 -0.161915
v -0.474400 0.698026 -0.156091
v 0.481988 0.709949 0.000000
v 0.333140 0.781829 0.000000
v 0.170115 0.825063 -0.000000
v -0.000000 0.839506 -0.000000
v -0.170115 0.825063 -0.000000
v -0.333140 0.781829 -0.000000
v -0.481988 0.709949 -0.000000
v 0.474400 0.698026 0.156091
v 0.328070 0.768442 0.161916
v 0.167582 0.810862 0.167582
v -0.000000 0.825063 0.170115
v -0.167582 0.810862 0.167582
v -0.328070 0.768442 0.161915
v -0.474400 0.698026 0.156091
v 0.455302 0.664133 0.302983
v 0.316157 0.728990 0.316157
v 0.161915 0.768442 0.328070
v -0.000000 0.781829 0.333140
v -0.161915 0.768442 0.328070
v -0.316157 0.728990 0.316157
v -0.455302 0.664133 0.302983
v 0.431759 0.610461 0.431759
v 0.302983 0.664133 0.455302
v 0.156091 0.698026 0.474400
v -0.000000 0.709949 0.481988
v -0.156091 0.698026 0.474400
v -0.302983 0.664133 0.455302
v -0.431759 0.610461 0.431759
v 0.431759 -0.431759 0.610461
v 0.455302 -0.302983 0.664133
v 0.474400 -0.156091 0.698026
v 0.481988 -0.000000 0.709949
v 0.474400 0.156091 0.698026
v 0.455302 0.302983 0.664133
v 0.431759 0.431759 0.610461
v 0.302983 -0.455302 0.664133
v 0.316157 -0.316157 0.728990
v 0.328070 -0.161915 0.768442
v 0.333140 -0.000000 0.781829
v 0.328070 0.161915 0.768442
v 0.316157 0.316157 0.728990
v 0.302983 0.455302 0.664133
v 0.156091 -0.474400 0.698026
v 0.161915 -0.328070 0.768442
v 0.167582 -0.167582 0.810862
v 0.170115 0.000000 0.825063
v 0.167582 0.167582 0.810862
v 0.161915 0.328070 0.768442
v 0.156091 0.474400 0.698026
v -0.000000 -0.481988 0.709949
v -0.000000 -0.333140 0.781829
v 0.000000 -0.170115 0.825063
v 0.000000 0.000000 0.839506
v 0.000000 0.170115 0.825063
v 0.000000 0.333140 0.781829
v 0.000000 0.481988 0.709949
v -0.156091 -0.474400 0.698026
v -0.161915 -0.328070 0.768442
v -0.167582 -0.167582 0.810862
v -0.170115 0.000000 0.825063
v -0.167582 0.167582 0.810862
v -0.161915 0.328070 0.768442
v -0.156091 0.474400 0.698026
v -0.302983 -0.455302 0.664133
v -0.316157 -0.316157 0.728990
v -0.328070 -0.161915 0.768442
v -0.333140 0.000000 0.781829
v -0.328070 0.161915 0.768442
v -0.316157 0.316157 0.728990
v -0.302983 0.455302 0.664133
v -0.431759 -0.431759 0.610461
v -0.455302 -0.302983 0.664133
v -0.474400 -0.156091 0.698026
v -0.481988 0.000000 0.709949
v -0.474400 0.156091 0.698026
v -0.455302 0.302983 0.664133
v -0.431759 0.431759 0.610461
v -0.610461 -0.431759 0.431759
v -0.664133 -0.302983 0.455302
v -0.698026 -0.156091 0.474400
v -0.709949 -0.000000 0.481988
v -0.698026 0.156091 0.474400
v -0.664133 0.302983 0.455302
v -0.610461 0.431759 0.431759
v -0.664133 -0.455302 0.302983
v -0.728990 -0.316157 0.316157
v -0.768442 -0.161915 0.328070
v -0.781829 -0.000000 0.333140
v -0.768442 0.161915 0.328070
v -0.728990 0.316157 0.316157
v -0.664133 0.455302 0.302983
v -0.698026 -0.474400 0.156091
v -0.768442 -0.328070 0.161915
v -0.810862 -0.167582 0.167582
v -0.825063 -0.000000 0.170115
v -0.810862 0.167582 0.167582
v -0.768442 0.328070 0.161915
v -0.698026 0.474400 0.156091
v -0.709949 -0.481988 -0.000000
v -0.781829 -0.333140 -0.000000
v -0.825063 -0.170115 -0.000000
v -0.839506 0.000000 -0.000000
v -0.825063 0.170115 -0.000000
v -0.781829 0.333140 0.000000
v -0.709949 0.481988 -0.000000
v -0.698026 -0.474400 -0.156091
v -0.768442 -0.328070 -0.161915
v -0.810862 -0.167582 -0.167582
v -0.825063 0.000000 -0.170115
v -0.810862 0.167582 -0.167582
v -0.768442 0.328070 -0.161916
v -0.698026 0.474400 -0.156091
v -0.664133 -0.455302 -0.302983
v -0.728990 -0.316157 -0.316157
v -0.768442 -0.161915 -0.328070
v -0.781829 0.000000 -0.333140
v -0.768442 0.161915 -0.328070
v -0.728990 0.316157 -0.316157
v -0.664133 0.455302 -0.302983
v -0.610461 -0.431759 -0.431759
v -0.664133 -0.302983 -0.455302
v -0.698026 -0.156091 -0.474400
v -0.709949 0.000000 -0.481988
v -0.698026 0.156091 -0.474400
v -0.664133 0.302983 -0.455302
v -0.610461 0.431759 -0.431759
v -0.431759 -0.610461 -0.431759
v -0.302983 -0.664133 -0.455302
v -0.156091 -0.698026 -0.474400
v -0.000000 -0.709949 -0.481988
v 0.156091 -0.698026 -0.474400
v 0.302983 -0.664133 -0.455302
v 0.431759 -0.610461 -0.431759
v -0.455302 -0.664133 -0.302983
v -0.316157 -0.728990 -0.316157
v -0.161915 -0.768442 -0.328070
v -0.000000 -0.781829 -0.333140
v 0.161915 -0.768442 -0.328070
v 0.316157 -0.728990 -0.316157
v 0.455302 -0.664133 -0.302983
v -0.474400 -0.698026 -0.156091
v -0.328070 -0.768442 -0.161915
v -0.167582 -0.810862 -0.167582
v -0.000000 -0.825063 -0.170115
v 0.167582 -0.810862 -0.167582
v 0.328070 -0.768442 -0.161915
v 0.474400 -0.698026 -0.156091
v -0.481988 -0.709949 -0.000000
v -0.333140 -0.781829 0.000000
v -0.170115 -0.825063 0.000000
v 0.000000 -0.839506 0.000000
v 0.170115 -0.825063 -0.000000
v 0.333140 -0.781829 -0.000000
v 0.481988 -0.709949 -0.000000
v -0.474400 -0.698026 0.156091
v -0.328070 -0.768442 0.161916
v -0.167582 -0.810862 0.167582
v 0.000000 -0.825063 0.170115
v 0.167582 -0.810862 0.167582
v 0.328070 -0.768442 0.161915
v 0.474400 -0.698026 0.156091
v -0.455302 -0.664133 0.302983
v -0.316157 -0.728990 0.316157
v -0.161915 -0.768442 0.328070
v 0.000000 -0.781829 0.333140
v 0.161915 -0.768442 0.328070
v 0.316157 -0.728990 0.316157
v 0.455302 -0.664133 0.302983
v -0.431759 -0.610461 0.431759
v -0.302983 -0.664133 0.455302
v -0.156091 -0.698026 0.474400
v 0.000000 -0.709949 0.481988
v 0.156091 -0.698026 0.474400
v 0.302983 -0.664133 0.455302
v 0.431759 -0.610461 0.431759
v 0.610461 -0.431759 -0.431759
v 0.664133 -0.302983 -0.455302
v 0.698026 -0.156091 -0.474400
v 0.709949 -0.000000 -0.481988
v 0.698026 0.156091 -0.474400
v 0.664133 0.302983 -0.455302
v 0.610461 0.431759 -0.431759
v 0.664133 -0.455302 -0.302983
v 0.728990 -0.316157 -0.316157
v 0.768442 -0.161915 -0.328070
v 0.781829 -0.000000 -0.333140
v 0.768442 0.161915 -0.328070
v 0.728990 0.316157 -0.316157
v 0.664133 0.455302 -0.302983
v 0.698026 -0.474400 -0.156091
v 0.768442 -0.328070 -0.161915
v 0.810862 -0.167582 -0.167582
v 0.825063 -0.000000 -0.170115
v 0.810862 0.167582 -0.167582
v 0.768442 0.328070 -0.161915
v 0.698026 0.474400 -0.156091
v 0.709949 -0.481988 0.000000
v 0.781829 -0.333140 0.000000
v 0.825063 -0.170115 -0.000000
v 0.839506 0.000000 -0.000000
v 0.825063 0.170115 -0.000000
v 0.781829 0.333140 -0.000000
v 0.709949 0.481988 -0.000000
v 0.698026 -0.474400 0.156091
v 0.768442 -0.328070 0.161916
v 0.810862 -0.167582 0.167582
v 0.825063 0.000000 0.170115
v 0.810862 0.167582 0.167582
v 0.768442 0.328070 0.161915
v 0.698026 0.474400 0.156091
v 0.664133 -0.455302 0.302983
v 0.728990 -0.316157 0.316157
v 0.768442 -0.161915 0.328070
v 0.781829 0.000000 0.333140
v 0.768442 0.161915 0.328070
v 0.728990 0.316157 0.316157
v 0.664133 0.455302 0.302983
v 0.610461 -0.431759 0.431759
v 0.664133 -0.302983 0.455302
v 0.698026 -0.156091 0.474400
v 0.709949 0.000000 0.481988
v 0.698026 0.156091 0.474400
v 0.664133 0.302983 0.455302
v 0.610461 0.431759 0.431759
v -0.431759 -0.431759 -0.610461
v -0.455302 -0.302983 -0.664133
v -0.474400 -0.156091 -0.698026
v -0.481988 -0.000000 -0.709949
v -0.474400 0.156091 -0.698026
v -0.455302 0.302983 -0.664133
v -0.431759 0.431759 -0.610461
v -0.302983 -0.455302 -0.664133
v -0.316157 -0.316157 -0.728990
v -0.328070 -0.161915 -0.768442
v -0.333140 -0.000000 -0.781829
v -0.328070 0.161915 -0.768442
v -0.316157 0.316157 -0.728990
v -0.302983 0.455302 -0.664133
v -0.156091 -0.474400 -0.698026
v -0.161915 -0.328070 -0.768442
v -0.167582 -0.167582 -0.810862
v -0.170115 -0.000000 -0.825063
v -0.167582 0.167582 -0.810862
v -0.161915 0.328070 -0.768442
v -0.156091 0.474400 -0.698026
v 0.000000 -0.481988 -0.709949
v 0.000000 -0.333140 -0.781829
v 0.000000 -0.170115 -0.825063
v 0.000000 0.000000 -0.839506
v 0.000000 0.170115 -0.825063
v -0.000000 0.333140 -0.781829
v -0.000000 0.481988 -0.709949
v 0.156091 -0.474400 -0.698026
v 0.161916 -0.328070 -0.768442
v 0.167582 -0.167582 -0.810862
v 0.170115 0.000000 -0.825063
v 0.167582 0.167582 -0.810862
v 0.161915 0.328070 -0.768442
v 0.156091 0.474400 -0.698026
v 0.302983 -0.455302 -0.664133
v 0.316157 -0.316157 -0.728990
v 0.328070 -0.161915 -0.768442
v 0.333140 0.000000 -0.781829
v 0.328070 0.161915 -0.768442
v 0.316157 0.316157 -0.728990
v 0.302983 0.455302 -0.664133
v 0.431759 -0.431759 -0.610461
v 0.455302 -0.302983 -0.664133
v 0.474400 -0.156091 -0.698026
v 0.481988 0.000000 -0.709949
v 0.474400 0.156091 -0.698026
v 0.455302 0.302983 -0.664133
v 0.431759 0.431759 -0.610461
v -0.566140 1.009876 0.009197
v -0.551074 1.038316 0.008643
v -0.509705 1.059241 0.007746
v -0.453119 1.067044 0.006744
v -0.396477 1.059634 0.005906
v -0.354957 1.038996 0.005458
v -0.339684 1.010661 0.005518
v -0.354750 0.982221 0.006071
v -0.396119 0.961296 0.006969
v -0.452705 0.953493 0.007971
v -0.509347 0.960903 0.008808
v -0.550867 0.981541 0.009257
v -0.560099 1.010695 0.083009
v -0.545195 1.039114 0.080478
v -0.504269 1.059979 0.074176
v -0.448286 1.067700 0.065793
v -0.392249 1.060208 0.057575
v -0.351171 1.039510 0.051723
v -0.336060 1.011153 0.049805
v -0.350964 0.982735 0.052336
v -0.391890 0.961870 0.058637
v -0.447873 0.954149 0.067020
v -0.503910 0.961641 0.075239
v -0.544988 0.982338 0.081091
v -0.544475 1.011535 0.155400
v -0.529989 1.039931 0.150929
v -0.490207 1.060734 0.139329
v -0.435787 1.068371 0.123707
v -0.381312 1.060795 0.108249
v -0.341378 1.040036 0.097097
v -0.326685 1.011657 0.093240
v -0.341171 0.983261 0.097711
v -0.380953 0.962457 0.109311
v -0.435373 0.954820 0.124934
v -0.489848 0.962396 0.140392
v -0.529782 0.983155 0.151543
v -0.519534 1.012379 0.225133
v -0.505717 1.040752 0.218794
v -0.467760 1.061494 0.202088
v -0.415834 1.069047 0.179493
v -0.363853 1.061386 0.157062
v -0.325745 1.040565 0.140805
v -0.311721 1.012163 0.135080
v -0.325538 0.983790 0.141419
v -0.363495 0.963048 0.158124
v -0.415421 0.955496 0.180720
v -0.467402 0.963156 0.203151
v -0.505510 0.983977 0.219407
v -0.485704 1.013214 0.291014
v -0.472794 1.041565 0.282909
v -0.437313 1.062246 0.261381
v -0.388771 1.069715 0.232197
v -0.340172 1.061971 0.203178
v -0.304541 1.041089 0.182099
v -0.291423 1.012665 0.174608
v -0.304334 0.984314 0.182713
v -0.339814 0.963633 0.204241
v -0.388357 0.956164 0.233424
v -0.436955 0.963908 0.262444
v -0.472587 0.984790 0.283523
v -0.443564 1.014026 0.351915
v -0.431782 1.042355 0.342178
v -0.399387 1.062976 0.316192
v -0.355058 1.070364 0.280918
v -0.310674 1.062539 0.245809
v -0.278127 1.041598 0.220272
v -0.266138 1.013152 0.211149
v -0.277920 0.984823 0.220885
v -0.310316 0.964201 0.246872
v -0.354644 0.956814 0.282145
v -0.399029 0.964639 0.317255
v -0.431575 0.985580 0.342792
v -0.393834 1.014801 0.406795
v -0.383385 1.043109 0.395588
v -0.354630 1.063673 0.365584
v -0.315274 1.070984 0.324822
v -0.275863 1.063081 0.284225
v -0.246957 1.042083 0.254670
v -0.236300 1.013616 0.244077
v -0.246750 0.985308 0.255284
v -0.275505 0.964743 0.285288
v -0.314860 0.957433 0.326049
v -0.354272 0.965336 0.366647
v -0.383178 0.986333 0.396201
v -0.337366 1.015524 0.454714
v -0.328429 1.043813 0.442223
v -0.303808 1.064325 0.408711
v -0.270099 1.071563 0.363158
v -0.236335 1.063588 0.317769
v -0.211563 1.042537 0.284706
v -0.202419 1.014050 0.272829
v -0.211356 0.985761 0.285319
v -0.235977 0.965250 0.318831
v -0.269686 0.958012 0.364385
v -0.303450 0.965987 0.409774
v -0.328223 0.987038 0.442837
v -0.275125 1.016185 0.494853
v -0.267856 1.044456 0.481287
v -0.247791 1.064919 0.444837
v -0.220307 1.072091 0.395269
v -0.192766 1.064050 0.345866
v -0.172550 1.042951 0.309865
v -0.165075 1.014447 0.296912
v -0.172343 0.986175 0.310478
v -0.192408 0.965712 0.346929
v -0.219893 0.958540 0.396496
v -0.247433 0.966581 0.445900
v -0.267649 0.987681 0.481901
v -0.208176 1.016771 0.526526
v -0.202702 1.045027 0.512111
v -0.187538 1.065447 0.473342
v -0.166748 1.072560 0.420607
v -0.145903 1.064461 0.368037
v -0.130587 1.043318 0.329717
v -0.124906 1.014798 0.315915
v -0.130380 0.986543 0.330330
v -0.145544 0.966123 0.369099
v -0.166334 0.959009 0.421834
v -0.187180 0.967109 0.474404
v -0.202495 0.988251 0.512724
v -0.137666 1.017273 0.549189
v -0.134081 1.045515 0.534167
v -0.124078 1.065898 0.493739
v -0.110340 1.072962 0.438737
v -0.096545 1.064812 0.383901
v -0.086392 1.043633 0.343922
v -0.082600 1.015100 0.329513
v -0.086185 0.986857 0.344536
v -0.096187 0.966474 0.384964
v -0.109926 0.959411 0.439965
v -0.123720 0.967561 0.494801
v -0.133874 0.988740 0.534780
v -0.064800 1.017682 0.562455
v -0.063167 1.045913 0.547078
v -0.058499 1.066266 0.505678
v -0.052047 1.073289 0.449351
v -0.045539 1.065098 0.393187
v -0.040720 1.043889 0.352237
v -0.038880 1.015345 0.337473
v -0.040513 0.987114 0.352851
v -0.045181 0.966760 0.394250
v -0.051633 0.959738 0.450578
v -0.058141 0.967929 0.506741
v -0.062960 0.989138 0.547691
v 0.009175 1.017991 0.566098
v 0.008825 1.046214 0.550623
v 0.008078 1.066545 0.508957
v 0.007133 1.073536 0.452265
v 0.006243 1.065314 0.395737
v 0.005647 1.044083 0.354520
v 0.005505 1.015530 0.339659
v 0.005854 0.987307 0.355134
v 0.006601 0.966977 0.396800
v 0.007547 0.959985 0.453492
v 0.008436 0.968207 0.510019
v 0.009032 0.989438 0.551236
v 0.082992 1.018194 0.560054
v 0.080665 1.046412 0.544741
v 0.074514 1.066728 0.503518
v 0.066187 1.073699 0.447430
v 0.057915 1.065457 0.391507
v 0.051916 1.044210 0.350732
v 0.049795 1.015653 0.336033
v 0.052123 0.987435 0.351346
v 0.058274 0.967119 0.392569
v 0.066601 0.960148 0.448657
v 0.074872 0.968390 0.504580
v 0.080872 0.989636 0.545355
v 0.155390 1.018289 0.544428
v 0.151123 1.046504 0.529534
v 0.139672 1.066813 0.489454
v 0.124105 1.073775 0.434929
v 0.108594 1.065523 0.380568
v 0.097294 1.044270 0.340938
v 0.093234 1.015710 0.326657
v 0.097501 0.987495 0.341552
v 0.108952 0.967186 0.381631
v 0.124519 0.960224 0.436156
v 0.140030 0.968476 0.490517
v 0.151330 0.989729 0.530147
v 0.225129 1.018274 0.519487
v 0.218993 1.046489 0.505260
v 0.202437 1.066800 0.467007
v 0.179896 1.073763 0.414976
v 0.157411 1.065513 0.363109
v 0.141006 1.044260 0.325305
v 0.135077 1.015700 0.311692
v 0.141213 0.987485 0.325918
v 0.157769 0.967175 0.364172
v 0.180310 0.960212 0.416203
v 0.202795 0.968462 0.468069
v 0.219200 0.989714 0.505874
v 0.291016 1.018149 0.485657
v 0.283114 1.046367 0.472337
v 0.261735 1.066687 0.436560
v 0.232606 1.073662 0.387912
v 0.203532 1.065425 0.339428
v 0.182304 1.044182 0.304100
v 0.174609 1.015625 0.291394
v 0.182511 0.987406 0.304714
v 0.203890 0.967087 0.340491
v 0.233019 0.960111 0.389139
v 0.262093 0.968349 0.437623
v 0.283321 0.989592 0.472950
v 0.351923 1.017915 0.443517
v 0.342390 1.046140 0.431326
v 0.316552 1.066476 0.398634
v 0.281332 1.073475 0.354200
v 0.246167 1.065261 0.309931
v 0.220480 1.044035 0.277687
v 0.211154 1.015485 0.266110
v 0.220687 0.987260 0.278301
v 0.246525 0.966924 0.310993
v 0.281745 0.959925 0.355427
v 0.316910 0.968139 0.399697
v 0.342597 0.989365 0.431940
v 0.406809 1.017578 0.393788
v 0.395805 1.045812 0.382930
v 0.365949 1.066173 0.353878
v 0.325240 1.073205 0.314417
v 0.284587 1.065025 0.275121
v 0.254882 1.043824 0.246518
v 0.244085 1.015283 0.236273
v 0.255089 0.987049 0.247131
v 0.284946 0.966687 0.276183
v 0.325654 0.959655 0.315644
v 0.366307 0.967835 0.354941
v 0.396012 0.989036 0.383544
v 0.454734 1.017142 0.337322
v 0.442446 1.045388 0.327977
v 0.409082 1.065781 0.303059
v 0.363581 1.072857 0.269244
v 0.318135 1.064720 0.235594
v 0.284922 1.043551 0.211125
v 0.272841 1.015021 0.202393
v 0.285129 0.986776 0.211739
v 0.318493 0.966383 0.236657
v 0.363994 0.959306 0.270471
v 0.409440 0.967443 0.304121
v 0.442653 0.988612 0.328591
v 0.494879 1.016616 0.275084
v 0.481515 1.044876 0.267407
v 0.445212 1.065307 0.247045
v 0.395696 1.072436 0.219454
v 0.346236 1.064352 0.192028
v 0.310084 1.043221 0.172115
v 0.296927 1.014705 0.165051
v 0.310291 0.986446 0.172728
v 0.346595 0.966014 0.193091
v 0.396110 0.958885 0.220681
v 0.445570 0.966969 0.248107
v 0.481722 0.988100 0.268020
v 0.526556 1.016008 0.208140
v 0.512344 1.044284 0.202256
v 0.473722 1.064760 0.186794
v 0.421038 1.071950 0.165898
v 0.368410 1.063926 0.145166
v 0.329939 1.042840 0.130154
v 0.315934 1.014341 0.124884
v 0.330146 0.986065 0.130768
v 0.368769 0.965589 0.146229
v 0.421452 0.958399 0.167125
v 0.474080 0.966422 0.187857
v 0.512551 0.987509 0.202869
v 0.549224 1.015329 0.137634
v 0.534404 1.043623 0.133639
v 0.494122 1.064149 0.123339
v 0.439172 1.071406 0.109493
v 0.384278 1.063451 0.095812
v 0.344147 1.042414 0.085961
v 0.329534 1.013933 0.082580
v 0.344354 0.985639 0.086575
v 0.384636 0.965113 0.096875
v 0.439586 0.957855 0.110720
v 0.494481 0.965811 0.124402
v 0.534611 0.986847 0.134252
v 0.562494 1.014590 0.064773
v 0.547319 1.042904 0.062730
v 0.506066 1.063483 0.057764
v 0.449789 1.070815 0.051205
v 0.393567 1.062933 0.044809
v 0.352465 1.041951 0.040292
v 0.337497 1.013490 0.038864
v 0.352672 0.985176 0.040906
v 0.393925 0.964596 0.045872
v 0.450202 0.957264 0.052432
v 0.506424 0.965146 0.058827
v 0.547526 0.986128 0.063344
v 0.566140 1.013803 -0.009197
v 0.550867 1.042138 -0.009257
v 0.509347 1.062776 -0.008808
v 0.452705 1.070186 -0.007971
v 0.396119 1.062383 -0.006969
v 0.354750 1.041458 -0.006071
v 0.339684 1.013018 -0.005518
v 0.354957 0.984683 -0.005458
v 0.396477 0.964045 -0.005906
v 0.453119 0.956635 -0.006744
v 0.509705 0.964438 -0.007746
v 0.551074 0.985363 -0.008643
v 0.560099 1.012984 -0.083009
v 0.544988 1.041341 -0.081091
v 0.503910 1.062038 -0.075239
v 0.447873 1.069530 -0.067021
v 0.391890 1.061809 -0.058637
v 0.350964 1.040944 -0.052336
v 0.336060 1.012526 -0.049805
v 0.351171 0.984169 -0.051723
v 0.392249 0.963472 -0.057575
v 0.448286 0.955980 -0.065793
v 0.504269 0.963700 -0.074176
v 0.545195 0.984565 -0.080478
v 0.544475 1.012144 -0.155400
v 0.529782 1.040524 -0.151543
v 0.489848 1.061283 -0.140392
v 0.435373 1.068859 -0.124934
v 0.380953 1.061222 -0.109311
v 0.341171 1.040418 -0.097711
v 0.326685 1.012022 -0.093240
v 0.341378 0.983643 -0.097097
v 0.381312 0.962884 -0.108249
v 0.435787 0.955308 -0.123707
v 0.490207 0.962945 -0.139329
v 0.529989 0.983749 -0.150929
v 0.519534 1.011300 -0.225133
v 0.505510 1.039702 -0.219407
v 0.467402 1.060523 -0.203151
v 0.415421 1.068183 -0.180720
v 0.363495 1.060631 -0.158124
v 0.325538 1.039889 -0.141419
v 0.311721 1.011516 -0.135080
v 0.325745 0.983114 -0.140805
v 0.363853 0.962293 -0.157062
v 0.415835 0.954633 -0.179493
v 0.467760 0.962185 -0.202088
v 0.505717 0.982927 -0.218794
v 0.485705 1.010465 -0.291013
v 0.472587 1.038889 -0.283523
v 0.436955 1.059771 -0.262443
v 0.388357 1.067515 -0.233424
v 0.339814 1.060046 -0.204241
v 0.304334 1.039366 -0.182713
v 0.291423 1.011015 -0.174608
v 0.304541 0.982590 -0.182099
v 0.340172 0.961708 -0.203178
v 0.388771 0.953964 -0.232197
v 0.437313 0.961433 -0.261381
v 0.472794 0.982114 -0.282909
v 0.443564 1.009653 -0.351915
v 0.431575 1.038099 -0.342792
v 0.399028 1.059041 -0.317255
v 0.354644 1.066866 -0.282145
v 0.310316 1.059478 -0.246872
v 0.277920 1.038857 -0.220885
v 0.266138 1.010528 -0.211149
v 0.278127 0.982081 -0.220272
v 0.310674 0.961140 -0.245809
v 0.355058 0.953315 -0.280918
v 0.399387 0.960703 -0.316192
v 0.431782 0.981324 -0.342178
v 0.393834 1.008879 -0.406795
v 0.383178 1.037346 -0.396201
v 0.354272 1.058344 -0.366646
v 0.314860 1.066246 -0.326049
v 0.275505 1.058936 -0.285288
v 0.246750 1.038371 -0.255284
v 0.236301 1.010063 -0.244077
v 0.246957 0.981596 -0.254670
v 0.275863 0.960598 -0.284225
v 0.315274 0.952696 -0.324822
v 0.354630 0.960006 -0.365584
v 0.383385 0.980570 -0.395588
v 0.337366 1.008155 -0.454714
v 0.328223 1.036641 -0.442837
v 0.303450 1.057692 -0.409774
v 0.269686 1.065667 -0.364385
v 0.235977 1.058429 -0.318831
v 0.211356 1.037918 -0.285319
v 0.202420 1.009629 -0.272828
v 0.211563 0.981143 -0.284706
v 0.236335 0.960092 -0.317768
v 0.270100 0.952117 -0.363158
v 0.303808 0.959355 -0.408711
v 0.328430 0.979866 -0.442223
v 0.275125 1.007495 -0.494854
v 0.267649 1.035999 -0.481901
v 0.247433 1.057098 -0.445900
v 0.219893 1.065139 -0.396496
v 0.192408 1.057967 -0.346929
v 0.172343 1.037504 -0.310478
v 0.165075 1.009233 -0.296912
v 0.172550 0.980728 -0.309865
v 0.192766 0.959629 -0.345866
v 0.220307 0.951588 -0.395269
v 0.247791 0.958760 -0.444837
v 0.267856 0.979223 -0.481287
v 0.208176 1.006908 -0.526526
v 0.202495 1.035428 -0.512724
v 0.187179 1.056570 -0.474404
v 0.166334 1.064670 -0.421834
v 0.145544 1.057557 -0.369099
v 0.130380 1.037136 -0.330330
v 0.124906 1.008881 -0.315915
v 0.130587 0.980361 -0.329717
v 0.145903 0.959219 -0.368037
v 0.166748 0.951119 -0.420607
v 0.187538 0.958233 -0.473342
v 0.202702 0.978653 -0.512111
v 0.137666 1.006406 -0.549189
v 0.133874 1.034940 -0.534780
v 0.123720 1.056119 -0.494801
v 0.109926 1.064268 -0.439965
v 0.096187 1.057205 -0.384963
v 0.086185 1.036822 -0.344536
v 0.082600 1.008580 -0.329513
v 0.086392 0.980046 -0.343922
v 0.096545 0.958867 -0.383901
v 0.110340 0.950718 -0.438737
v 0.124079 0.957781 -0.493739
v 0.134081 0.978164 -0.534167
v 0.064800 1.005997 -0.562455
v 0.062961 1.034542 -0.547691
v 0.058141 1.055751 -0.506741
v 0.051633 1.063941 -0.450578
v 0.045181 1.056919 -0.394250
v 0.040513 1.036565 -0.352851
v 0.038880 1.008334 -0.337473
v 0.040720 0.979790 -0.352237
v 0.045539 0.958581 -0.393187
v 0.052047 0.950391 -0.449351
v 0.058499 0.957413 -0.505678
v 0.063167 0.977766 -0.547077
v -0.009175 1.005689 -0.566098
v -0.009032 1.034241 -0.551236
v -0.008436 1.055472 -0.510019
v -0.007547 1.063694 -0.453492
v -0.006601 1.056703 -0.396800
v -0.005854 1.036372 -0.355134
v -0.005505 1.008149 -0.339659
v -0.005647 0.979596 -0.354520
v -0.006243 0.958365 -0.395737
v -0.007133 0.950143 -0.452265
v -0.008078 0.957135 -0.508957
v -0.008825 0.977466 -0.550623
v -0.082992 1.005485 -0.560054
v -0.080872 1.034043 -0.545355
v -0.074872 1.055289 -0.504580
v -0.066601 1.063531 -0.448657
v -0.058274 1.056560 -0.392569
v -0.052123 1.036244 -0.351346
v -0.049795 1.008027 -0.336033
v -0.051916 0.979469 -0.350732
v -0.057915 0.958222 -0.391507
v -0.066187 0.949980 -0.447430
v -0.074514 0.956951 -0.503518
v -0.080665 0.977267 -0.544741
v -0.155390 1.005390 -0.544428
v -0.151329 1.033950 -0.530147
v -0.140030 1.055204 -0.490517
v -0.124519 1.063455 -0.436156
v -0.108952 1.056494 -0.381631
v -0.097501 1.036185 -0.341552
v -0.093234 1.007970 -0.326657
v -0.097294 0.979409 -0.340938
v -0.108594 0.958156 -0.380568
v -0.124105 0.949904 -0.434929
v -0.139672 0.956866 -0.489454
v -0.151123 0.977175 -0.529534
v -0.225129 1.005405 -0.519487
v -0.219200 1.033965 -0.505874
v -0.202795 1.055218 -0.468069
v -0.180310 1.063467 -0.416203
v -0.157769 1.056504 -0.364172
v -0.141213 1.036194 -0.325918
v -0.135077 1.007979 -0.311692
v -0.141006 0.979419 -0.325305
v -0.157411 0.958167 -0.363109
v -0.179896 0.949917 -0.414976
v -0.202437 0.956880 -0.467007
v -0.218993 0.977190 -0.505260
v -0.291016 1.005531 -0.485657
v -0.283321 1.034087 -0.472950
v -0.262093 1.055331 -0.437622
v -0.233019 1.063568 -0.389139
v -0.203890 1.056592 -0.340491
v -0.182511 1.036273 -0.304714
v -0.174609 1.008054 -0.291394
v -0.182304 0.979498 -0.304100
v -0.203532 0.958255 -0.339428
v -0.232606 0.950017 -0.387912
v -0.261735 0.956993 -0.436560
v -0.283114 0.977312 -0.472337
v -0.351923 1.005764 -0.443517
v -0.342597 1.034315 -0.431940
v -0.316910 1.055541 -0.399697
v -0.281745 1.063755 -0.355427
v -0.246525 1.056756 -0.310993
v -0.220687 1.036419 -0.278301
v -0.211154 1.008194 -0.266110
v -0.220480 0.979644 -0.277687
v -0.246167 0.958418 -0.309931
v -0.281331 0.950204 -0.354200
v -0.316551 0.957203 -0.398634
v -0.342390 0.977539 -0.431326
v -0.406809 1.006101 -0.393789
v -0.396012 1.034643 -0.383544
v -0.366307 1.055844 -0.354941
v -0.325654 1.064024 -0.315645
v -0.284945 1.056992 -0.276184
v -0.255089 1.036631 -0.247132
v -0.244085 1.008397 -0.236273
v -0.254882 0.979855 -0.246518
v -0.284587 0.958654 -0.275121
v -0.325240 0.950474 -0.314417
v -0.365949 0.957506 -0.353879
v -0.395805 0.977868 -0.382931
v -0.454735 1.006537 -0.337322
v -0.442653 1.035067 -0.328591
v -0.409440 1.056236 -0.304121
v -0.363995 1.064373 -0.270471
v -0.318493 1.057297 -0.236657
v -0.285129 1.036904 -0.211739
v -0.272841 1.008658 -0.202393
v -0.284922 0.980128 -0.211125
v -0.318135 0.958959 -0.235594
v -0.363581 0.950822 -0.269244
v -0.409082 0.957898 -0.303059
v -0.442446 0.978292 -0.327977
v -0.494879 1.007063 -0.275084
v -0.481722 1.035579 -0.268020
v -0.445570 1.056710 -0.248107
v -0.396110 1.064794 -0.220681
v -0.346595 1.057665 -0.193090
v -0.310291 1.037234 -0.172728
v -0.296927 1.008974 -0.165051
v -0.310084 0.980458 -0.172115
v -0.346236 0.959327 -0.192028
v -0.395696 0.951243 -0.219454
v -0.445212 0.958372 -0.247045
v -0.481515 0.978804 -0.267407
v -0.526556 1.007671 -0.208140
v -0.512551 1.036171 -0.202870
v -0.474080 1.057257 -0.187857
v -0.421452 1.065280 -0.167125
v -0.368769 1.058091 -0.146229
v -0.330146 1.037615 -0.130768
v -0.315934 1.009339 -0.124884
v -0.329939 0.980839 -0.130154
v -0.368410 0.959753 -0.145167
v -0.421038 0.951730 -0.165898
v -0.473722 0.958919 -0.186795
v -0.512344 0.979395 -0.202256
v -0.549224 1.008351 -0.137633
v -0.534611 1.036832 -0.134252
v -0.494481 1.057868 -0.124401
v -0.439586 1.065824 -0.110720
v -0.384636 1.058566 -0.096875
v -0.344354 1.038040 -0.086575
v -0.329534 1.009746 -0.082580
v -0.344147 0.981265 -0.085961
v -0.384278 0.960229 -0.095812
v -0.439172 0.952273 -0.109493
v -0.494122 0.959531 -0.123339
v -0.534404 0.980057 -0.133639
v -0.562494 1.009090 -0.064773
v -0.547526 1.037551 -0.063344
v -0.506424 1.058534 -0.058827
v -0.450202 1.066415 -0.052432
v -0.393925 1.059084 -0.045872
v -0.352672 1.038504 -0.040906
v -0.337497 1.010190 -0.038864
v -0.352465 0.981728 -0.040292
v -0.393567 0.960746 -0.044809
v -0.449789 0.952864 -0.051204
v -0.506066 0.960196 -0.057764
v -0.547319 0.980776 -0.062730
vn 0.4151 0.8096 -0.4151
vn 0.2552 0.8671 -0.4278
vn 0.0886 0.8966 -0.4340
vn -0.0886 0.8966 -0.4340
vn -0.2552 0.8671 -0.4278
vn -0.4151 0.8096 -0.4151
vn 0.4278 0.8671 -0.2552
vn 0.2567 0.9318 -0.2567
vn 0.0865 0.9627 -0.2564
vn -0.0865 0.9627 -0.2564
vn -0.2567 0.9318 -0.2567
vn -0.4278 0.8671 -0.2552
vn 0.4340 0.8966 -0.0886
vn 0.2564 0.9627 -0.0865
vn 0.0848 0.9928 -0.0848
vn -0.0848 0.9928 -0.0848
vn -0.2564 0.9627 -0.0865
vn -0.4340 0.8966 -0.0886
vn 0.4340 0.8966 0.0886
vn 0.2564 0.9627 0.0865
vn 0.0848 0.9928 0.0848
vn -0.0848 0.9928 0.0848
vn -0.2564 0.9627 0.0865
vn -0.4340 0.8966 0.0886
vn 0.4278 0.8671 0.2552
vn 0.2567 0.9318 0.2567
vn 0.0865 0.9627 0.2564
vn -0.0865 0.9627 0.2564
vn -0.2567 0.9318 0.2567
vn -0.4278 0.8671 0.2552
vn 0.4151 0.8096 0.4151
vn 0.2552 0.8671 0.4278
vn 0.0886 0.8966 0.4340
vn -0.0886 0.8966 0.4340
vn -0.2552 0.8671 0.4278
vn -0.4151 0.8096 0.4151
vn 0.5325 0.6579 -0.5325
vn 0.4007 0.7146 -0.5734
vn 0.2532 0.7580 -0.6011
vn 0.0901 0.7825 -0.6161
vn -0.0901 0.7825 -0.6161
vn -0.2532 0.7580 -0.6011
vn -0.4007 0.7146 -0.5734
vn -0.5325 0.6579 -0.5325
vn -0.5734 0.7146 -0.4007
vn -0.6011 0.7580 -0.2532
vn -0.6161 0.7825 -0.0901
vn -0.6161 0.7825 0.0901
vn -0.6011 0.7580 0.2532
vn -0.5734 0.7146 0.4007
vn -0.5325 0.6579 0.5325
vn -0.4007 0.7146 0.5734
vn -0.2532 0.7580 0.6011
vn -0.0901 0.7825 0.6161
vn 0.0901 0.7825 0.6161
vn 0.2532 0.7580 0.6011
vn 0.4007 0.7146 0.5734
vn 0.5325 0.6579 0.5325
vn 0.5734 0.7146 0.4007
vn 0.6011 0.7580 0.2532
vn 0.6161 0.7825 0.0901
vn 0.6161 0.7825 -0.0901
vn 0.6011 0.7580 -0.2532
vn 0.5734 0.7146 -0.4007
vn 0.4151 -0.4151 0.8096
vn 0.4278 -0.2552 0.8671
vn 0.4340 -0.0886 0.8966
vn 0.4340 0.0886 0.8966
vn 0.4278 0.2552 0.8671
vn 0.4151 0.4151 0.8096
vn 0.2552 -0.4278 0.8671
vn 0.2567 -0.2567 0.9318
vn 0.2564 -0.0865 0.9627
vn 0.2564 0.0865 0.9627
vn 0.2567 0.2567 0.9318
vn 0.2552 0.4278 0.8671
vn 0.0886 -0.4340 0.8966
vn 0.0865 -0.2564 0.9627
vn 0.0848 -0.0848 0.9928
vn 0.0848 0.0848 0.9928
vn 0.0865 0.2564 0.9627
vn 0.0886 0.4340 0.8966
vn -0.0886 -0.4340 0.8966
vn -0.0865 -0.2564 0.9627
vn -0.0848 -0.0848 0.9928
vn -0.0848 0.0848 0.9928
vn -0.0865 0.2564 0.9627
vn -0.0886 0.4340 0.8966
vn -0.2552 -0.4278 0.8671
vn -0.2567 -0.2567 0.9318
vn -0.2564 -0.0865 0.9627
vn -0.2564 0.0865 0.9627
vn -0.2567 0.2567 0.9318
vn -0.2552 0.4278 0.8671
vn -0.4151 -0.4151 0.8096
vn -0.4278 -0.2552 0.8671
vn -0.4340 -0.0886 0.8966
vn -0.4340 0.0886 0.8966
vn -0.4278 0.2552 0.8671
vn -0.4151 0.4151 0.8096
vn 0.5325 -0.5325 0.6579
vn 0.5734 -0.4007 0.7146
vn 0.6011 -0.2532 0.7580
vn 0.6161 -0.0901 0.7825
vn 0.6161 0.0901 0.7825
vn 0.6011 0.2532 0.7580
vn 0.5734 0.4007 0.7146
vn 0.5325 0.5325 0.6579
vn 0.4007 0.5734 0.7146
vn 0.2532 0.6011 0.7580
vn 0.0901 0.6161 0.7825
vn -0.0901 0.6161 0.7825
vn -0.2532 0.6011 0.7580
vn -0.4007 0.5734 0.7146
vn -0.5325 0.5325 0.6579
vn -0.5734 0.4007 0.7146
vn -0.6011 0.2532 0.7580
vn -0.6161 0.0901 0.7825
vn -0.6161 -0.0901 0.7825
vn -0.6011 -0.2532 0.7580
vn -0.5734 -0.4007 0.7146
vn -0.5325 -0.5325 0.6579
vn -0.4007 -0.5734 0.7146
vn -0.2532 -0.6011 0.7580
vn -0.0901 -0.6161 0.7825
vn 0.0901 -0.6161 0.7825
vn 0.2532 -0.6011 0.7580
vn 0.4007 -0.5734 0.7146
vn -0.8096 -0.4151 0.4151
vn -0.8671 -0.2552 0.4278
vn -0.8966 -0.0886 0.4340
vn -0.8966 0.0886 0.4340
vn -0.8671 0.2552 0.4278
vn -0.8096 0.4151 0.4151
vn -0.8671 -0.4278 0.2552
vn -0.9318 -0.2567 0.2567
vn -0.9627 -0.0865 0.2564
vn -0.9627 0.0865 0.2564
vn -0.9318 0.2567 0.2567
vn -0.8671 0.4278 0.2552
vn -0.8966 -0.4340 0.0886
vn -0.9627 -0.2564 0.0865
vn -0.9928 -0.0848 0.0848
vn -0.9928 0.0848 0.0848
vn -0.9627 0.2564 0.0865
vn -0.8966 0.4340 0.0886
vn -0.8966 -0.4340 -0.0886
vn -0.9627 -0.2564 -0.0865
vn -0.9928 -0.0848 -0.0848
vn -0.9928 0.0848 -0.0848
vn -0.9627 0.2564 -0.0865
vn -0.8966 0.4340 -0.0886
vn -0.8671 -0.4278 -0.2552
vn -0.9318 -0.2567 -0.2567
vn -0.9627 -0.0865 -0.2564
vn -0.9627 0.0865 -0.2564
vn -0.9318 0.2567 -0.2567
vn -0.8671 0.4278 -0.2552
vn -0.8096 -0.4151 -0.4151
vn -0.8671 -0.2552 -0.4278
vn -0.8966 -0.0886 -0.4340
vn -0.8966 0.0886 -0.4340
vn -0.8671 0.2552 -0.4278
vn -0.8096 0.4151 -0.4151
vn -0.6579 -0.5325 0.5325
vn -0.7146 -0.4007 0.5734
vn -0.7580 -0.2532 0.6011
vn -0.7825 -0.0901 0.6161
vn -0.7825 0.0901 0.6161
vn -0.7580 0.2532 0.6011
vn -0.7146 0.4007 0.5734
vn -0.6579 0.5325 0.5325
vn -0.7146 0.5734 0.4007
vn -0.7580 0.6011 0.2532
vn -0.7825 0.6161 0.0901
vn -0.7825 0.6161 -0.0901
vn -0.7580 0.6011 -0.2532
vn -0.7146 0.5734 -0.4007
vn -0.6579 0.5325 -0.5325
vn -0.7146 0.4007 -0.5734
vn -0.7580 0.2532 -0.6011
vn -0.7825 0.0901 -0.6161
vn -0.7825 -0.0901 -0.6161
vn -0.7580 -0.2532 -0.6011
vn -0.7146 -0.4007 -0.5734
vn -0.6579 -0.5325 -0.5325
vn -0.7146 -0.5734 -0.4007
vn -0.7580 -0.6011 -0.2532
vn -0.7825 -0.6161 -0.0901
vn -0.7825 -0.6161 0.0901
vn -0.7580 -0.6011 0.2532
vn -0.7146 -0.5734 0.4007
vn -0.4151 -0.8096 -0.4151
vn -0.2552 -0.8671 -0.4278
vn -0.0886 -0.8966 -0.4340
vn 0.0886 -0.8966 -0.4340
vn 0.2552 -0.8671 -0.4278
vn 0.4151 -0.8096 -0.4151
vn -0.4278 -0.8671 -0.2552
vn -0.2567 -0.9318 -0.2567
vn -0.0865 -0.9627 -0.2564
vn 0.0865 -0.9627 -0.2564
vn 0.2567 -0.9318 -0.2567
vn 0.4278 -0.8671 -0.2552
vn -0.4340 -0.8966 -0.0886
vn -0.2564 -0.9627 -0.0865
vn -0.0848 -0.9928 -0.0848
vn 0.0848 -0.9928 -0.0848
vn 0.2564 -0.9627 -0.0865
vn 0.4340 -0.8966 -0.0886
vn -0.4340 -0.8966 0.0886
vn -0.2564 -0.9627 0.0865
vn -0.0848 -0.9928 0.0848
vn 0.0848 -0.9928 0.0848
vn 0.2564 -0.9627 0.0865
vn 0.4340 -0.8966 0.0886
vn -0.4278 -0.8671 0.2552
vn -0.2567 -0.9318 0.2567
vn -0.0865 -0.9627 0.2564
vn 0.0865 -0.9627 0.2564
vn 0.2567 -0.9318 0.2567
vn 0.4278 -0.8671 0.2552
vn -0.4151 -0.8096 0.4151
vn -0.2552 -0.8671 0.4278
vn -0.0886 -0.8966 0.4340
vn 0.0886 -0.8966 0.4340
vn 0.2552 -0.8671 0.4278
vn 0.4151 -0.8096 0.4151
vn -0.5325 -0.6579 -0.5325
vn -0.4007 -0.7146 -0.5734
vn -0.2532 -0.7580 -0.6011
vn -0.0901 -0.7825 -0.6161
vn 0.0901 -0.7825 -0.6161
vn 0.2532 -0.7580 -0.6011
vn 0.4007 -0.7146 -0.5734
vn 0.5325 -0.6579 -0.5325
vn 0.5734 -0.7146 -0.4007
vn 0.6011 -0.7580 -0.2532
vn 0.6161 -0.7825 -0.0901
vn 0.6161 -0.7825 0.0901
vn 0.6011 -0.7580 0.2532
vn 0.5734 -0.7146 0.4007
vn 0.5325 -0.6579 0.5325
vn 0.4007 -0.7146 0.5734
vn 0.2532 -0.7580 0.6011
vn 0.0901 -0.7825 0.6161
vn -0.0901 -0.7825 0.6161
vn -0.2532 -0.7580 0.6011
vn -0.4007 -0.7146 0.5734
vn -0.5325 -0.6579 0.5325
vn -0.5734 -0.7146 0.4007
vn -0.6011 -0.7580 0.2532
vn -0.6161 -0.7825 0.0901
vn -0.6161 -0.7825 -0.0901
vn -0.6011 -0.7580 -0.2532
vn -0.5734 -0.7146 -0.4007
vn 0.8096 -0.4151 -0.4151
vn 0.8671 -0.2552 -0.4278
vn 0.8966 -0.0886 -0.4340
vn 0.8966 0.0886 -0.4340
vn 0.8671 0.2552 -0.4278
vn 0.8096 0.4151 -0.4151
vn 0.8671 -0.4278 -0.2552
vn 0.9318 -0.2567 -0.2567
vn 0.9627 -0.0865 -0.2564
vn 0.9627 0.0865 -0.2564
vn 0.9318 0.2567 -0.2567
vn 0.8671 0.4278 -0.2552
vn 0.8966 -0.4340 -0.0886
vn 0.9627 -0.2564 -0.0865
vn 0.9928 -0.0848 -0.0848
vn 0.9928 0.0848 -0.0848
vn 0.9627 0.2564 -0.0865
vn 0.8966 0.4340 -0.0886
vn 0.8966 -0.4340 0.0886
vn 0.9627 -0.2564 0.0865
vn 0.9928 -0.0848 0.0848
vn 0.9928 0.0848 0.0848
vn 0.9627 0.2564 0.0865
vn 0.8966 0.4340 0.0886
vn 0.8671 -0.4278 0.2552
vn 0.9318 -0.2567 0.2567
vn 0.9627 -0.0865 0.2564
vn 0.9627 0.0865 0.2564
vn 0.9318 0.2567 0.2567
vn 0.8671 0.4278 0.2552
vn 0.8096 -0.4151 0.4151
vn 0.8671 -0.2552 0.4278
vn 0.8966 -0.0886 0.4340
vn 0.8966 0.0886 0.4340
vn 0.8671 0.2552 0.4278
vn 0.8096 0.4151 0.4151
vn 0.6579 -0.5325 -0.5325
vn 0.7146 -0.4007 -0.5734
vn 0.7580 -0.2532 -0.6011
vn 0.7825 -0.0901 -0.6161
vn 0.7825 0.0901 -0.6161
vn 0.7580 0.2532 -0.6011
vn 0.7146 0.4007 -0.5734
vn 0.6579 0.5325 -0.5325
vn 0.7146 0.5734 -0.4007
vn 0.7580 0.6011 -0.2532
vn 0.7825 0.6161 -0.0901
vn 0.7825 0.6161 0.0901
vn 0.7580 0.6011 0.2532
vn 0.7146 0.5734 0.4007
vn 0.6579 0.5325 0.5325
vn 0.7146 0.4007 0.5734
vn 0.7580 0.2532 0.6011
vn 0.7825 0.0901 0.6161
vn 0.7825 -0.0901 0.6161
vn 0.7580 -0.2532 0.6011
vn 0.7146 -0.4007 0.5734
vn 0.6579 -0.5325 0.5325
vn 0.7146 -0.5734 0.4007
vn 0.7580 -0.6011 0.2532
vn 0.7825 -0.6161 0.0901
vn 0.7825 -0.6161 -0.0901
vn 0.7580 -0.6011 -0.2532
vn 0.7146 -0.5734 -0.4007
vn -0.4151 -0.4151 -0.8096
vn -0.4278 -0.2552 -0.8671
vn -0.4340 -0.0886 -0.8966
vn -0.4340 0.0886 -0.8966
vn -0.4278 0.2552 -0.8671
vn -0.4151 0.4151 -0.8096
vn -0.2552 -0.4278 -0.8671
vn -0.2567 -0.2567 -0.9318
vn -0.2564 -0.0865 -0.9627
vn -0.2564 0.0865 -0.9627
vn -0.2567 0.2567 -0.9318
vn -0.2552 0.4278 -0.8671
vn -0.0886 -0.4340 -0.8966
vn -0.0865 -0.2564 -0.9627
vn -0.0848 -0.0848 -0.9928
vn -0.0848 0.0848 -0.9928
vn -0.0865 0.2564 -0.9627
vn -0.0886 0.4340 -0.8966
vn 0.0886 -0.4340 -0.8966
vn 0.0865 -0.2564 -0.9627
vn 0.0848 -0.0848 -0.9928
vn 0.0848 0.0848 -0.9928
vn 0.0865 0.2564 -0.9627
vn 0.0886 0.4340 -0.8966
vn 0.2552 -0.4278 -0.8671
vn 0.2567 -0.2567 -0.9318
vn 0.2564 -0.0865 -0.9627
vn 0.2564 0.0865 -0.9627
vn 0.2567 0.2567 -0.9318
vn 0.2552 0.4278 -0.8671
vn 0.4151 -0.4151 -0.8096
vn 0.4278 -0.2552 -0.8671
vn 0.4340 -0.0886 -0.8966
vn 0.4340 0.0886 -0.8966
vn 0.4278 0.2552 -0.8671
vn 0.4151 0.4151 -0.8096
vn -0.5325 -0.5325 -0.6579
vn -0.5734 -0.4007 -0.7146
vn -0.6011 -0.2532 -0.7580
vn -0.6161 -0.0901 -0.7825
vn -0.6161 0.0901 -0.7825
vn -0.6011 0.2532 -0.7580
vn -0.5734 0.4007 -0.7146
vn -0.5325 0.5325 -0.6579
vn -0.4007 0.5734 -0.7146
vn -0.2532 0.6011 -0.7580
vn -0.0901 0.6161 -0.7825
vn 0.0901 0.6161 -0.7825
vn 0.2532 0.6011 -0.7580
vn 0.4007 0.5734 -0.7146
vn 0.5325 0.5325 -0.6579
vn 0.5734 0.4007 -0.7146
vn 0.6011 0.2532 -0.7580
vn 0.6161 0.0901 -0.7825
vn 0.6161 -0.0901 -0.7825
vn 0.6011 -0.2532 -0.7580
vn 0.5734 -0.4007 -0.7146
vn 0.5325 -0.5325 -0.6579
vn 0.4007 -0.5734 -0.7146
vn 0.2532 -0.6011 -0.7580
vn 0.0901 -0.6161 -0.7825
vn -0.0901 -0.6161 -0.7825
vn -0.2532 -0.6011 -0.7580
vn -0.4007 -0.5734 -0.7146
vn -0.8811 0.4681 0.0669
vn -0.4507 0.8923 0.0270
vn -0.1366 0.9906 0.0002
vn 0.1294 0.9914 -0.0216
vn 0.4442 0.8947 -0.0463
vn 0.8777 0.4729 -0.0771
vn 0.8811 -0.4681 -0.0669
vn 0.4507 -0.8923 -0.0270
vn 0.1366 -0.9906 -0.0002
vn -0.1294 -0.9914 0.0216
vn -0.4442 -0.8947 0.0463
vn -0.8777 -0.4729 0.0771
vn -0.8642 0.4694 0.1811
vn -0.4421 0.8929 0.0851
vn -0.1340 0.9908 0.0174
vn 0.1268 0.9912 -0.0389
vn 0.4356 0.8941 -0.1044
vn 0.8608 0.4716 -0.1913
vn 0.8642 -0.4694 -0.1811
vn 0.4421 -0.8929 -0.0851
vn 0.1340 -0.9908 -0.0174
vn -0.1268 -0.9912 0.0389
vn -0.4356 -0.8941 0.1044
vn -0.8608 -0.4716 0.1913
vn -0.8326 0.4707 0.2921
vn -0.4260 0.8936 0.1415
vn -0.1293 0.9910 0.0342
vn 0.1220 0.9910 -0.0556
vn 0.4195 0.8934 -0.1609
vn 0.8291 0.4703 -0.3022
vn 0.8326 -0.4707 -0.2921
vn 0.4260 -0.8936 -0.1415
vn 0.1292 -0.9910 -0.0342
vn -0.1220 -0.9910 0.0556
vn -0.4195 -0.8934 0.1609
vn -0.8291 -0.4703 0.3022
vn -0.7867 0.4720 0.3980
vn -0.4027 0.8942 0.1954
vn -0.1223 0.9912 0.0502
vn 0.1151 0.9908 -0.0717
vn 0.3961 0.8927 -0.2147
vn 0.7832 0.4690 -0.4081
vn 0.7867 -0.4720 -0.3980
vn 0.4027 -0.8942 -0.1954
vn 0.1223 -0.9912 -0.0502
vn -0.1151 -0.9908 0.0717
vn -0.3961 -0.8927 0.2147
vn -0.7832 -0.4690 0.4081
vn -0.7273 0.4733 0.4970
vn -0.3725 0.8949 0.2458
vn -0.1133 0.9914 0.0652
vn 0.1061 0.9906 -0.0866
vn 0.3660 0.8921 -0.2651
vn 0.7239 0.4677 -0.5071
vn 0.7273 -0.4733 -0.4970
vn 0.3725 -0.8949 -0.2458
vn 0.1133 -0.9914 -0.0652
vn -0.1061 -0.9906 0.0866
vn -0.3660 -0.8921 0.2651
vn -0.7239 -0.4677 0.5071
vn -0.6556 0.4745 0.5874
vn -0.3360 0.8955 0.2918
vn -0.1025 0.9916 0.0789
vn 0.0953 0.9904 -0.1003
vn 0.3295 0.8914 -0.3111
vn 0.6522 0.4665 -0.5975
vn 0.6556 -0.4745 -0.5874
vn 0.3360 -0.8955 -0.2918
vn 0.1025 -0.9916 -0.0789
vn -0.0953 -0.9904 0.1003
vn -0.3295 -0.8914 0.3111
vn -0.6522 -0.4665 0.5975
vn -0.5727 0.4757 0.6677
vn -0.2938 0.8961 0.3327
vn -0.0900 0.9918 0.0910
vn 0.0827 0.9902 -0.1124
vn 0.2873 0.8908 -0.3520
vn 0.5692 0.4653 -0.6778
vn 0.5727 -0.4757 -0.6677
vn 0.2938 -0.8961 -0.3327
vn 0.0900 -0.9918 -0.0910
vn -0.0827 -0.9902 0.1124
vn -0.2873 -0.8908 0.3520
vn -0.5692 -0.4653 0.6778
vn -0.4800 0.4768 0.7364
vn -0.2466 0.8967 0.3676
vn -0.0759 0.9919 0.1014
vn 0.0687 0.9900 -0.1228
vn 0.2401 0.8903 -0.3870
vn 0.4765 0.4642 -0.7466
vn 0.4800 -0.4768 -0.7364
vn 0.2466 -0.8967 -0.3676
vn 0.0759 -0.9919 -0.1014
vn -0.0687 -0.9900 0.1228
vn -0.2401 -0.8903 0.3870
vn -0.4765 -0.4642 0.7466
vn -0.3791 0.4778 0.7925
vn -0.1953 0.8972 0.3962
vn -0.0607 0.9921 0.1099
vn 0.0535 0.9899 -0.1313
vn 0.1888 0.8898 -0.4155
vn 0.3757 0.4633 -0.8027
vn 0.3791 -0.4778 -0.7925
vn 0.1953 -0.8972 -0.3962
vn 0.0607 -0.9921 -0.1099
vn -0.0535 -0.9899 0.1313
vn -0.1888 -0.8898 0.4155
vn -0.3757 -0.4633 0.8027
vn -0.2718 0.4786 0.8349
vn -0.1407 0.8976 0.4178
vn -0.0444 0.9922 0.1163
vn 0.0372 0.9898 -0.1377
vn 0.1342 0.8894 -0.4371
vn 0.2683 0.4624 -0.8451
vn 0.2718 -0.4786 -0.8349
vn 0.1407 -0.8976 -0.4178
vn 0.0444 -0.9922 -0.1163
vn -0.0372 -0.9898 0.1377
vn -0.1342 -0.8894 0.4371
vn -0.2683 -0.4624 0.8451
vn -0.1598 0.4793 0.8630
vn -0.0837 0.8980 0.4320
vn -0.0275 0.9923 0.1206
vn 0.0203 0.9897 -0.1420
vn 0.0772 0.8890 -0.4513
vn 0.1564 0.4617 -0.8731
vn 0.1598 -0.4793 -0.8630
vn 0.0837 -0.8980 -0.4320
vn 0.0275 -0.9923 -0.1206
vn -0.0203 -0.9897 0.1420
vn -0.0772 -0.8890 0.4514
vn -0.1564 -0.4617 0.8731
vn -0.0451 0.4799 0.8762
vn -0.0254 0.8982 0.4388
vn -0.0102 0.9924 0.1226
vn 0.0030 0.9896 -0.1440
vn 0.0188 0.8887 -0.4581
vn 0.0417 0.4611 -0.8863
vn 0.0451 -0.4799 -0.8762
vn 0.0254 -0.8982 -0.4388
vn 0.0102 -0.9924 -0.1226
vn -0.0030 -0.9896 0.1440
vn -0.0188 -0.8887 0.4581
vn -0.0417 -0.4611 0.8863
vn 0.0703 0.4803 0.8743
vn 0.0334 0.8985 0.4378
vn 0.0073 0.9925 0.1223
vn -0.0145 0.9895 -0.1437
vn -0.0399 0.8885 -0.4571
vn -0.0737 0.4607 -0.8845
vn -0.0703 -0.4803 -0.8743
vn -0.0334 -0.8985 -0.4378
vn -0.0073 -0.9925 -0.1223
vn 0.0145 -0.9895 0.1437
vn 0.0399 -0.8885 0.4571
vn 0.0737 -0.4607 0.8845
vn 0.1844 0.4805 0.8574
vn 0.0915 0.8986 0.4292
vn 0.0245 0.9925 0.1197
vn -0.0318 0.9895 -0.1411
vn -0.0980 0.8884 -0.4485
vn -0.1879 0.4605 -0.8676
vn -0.1844 -0.4805 -0.8574
vn -0.0915 -0.8986 -0.4292
vn -0.0245 -0.9925 -0.1197
vn 0.0318 -0.9895 0.1411
vn 0.0980 -0.8884 0.4485
vn 0.1879 -0.4605 0.8676
vn 0.2954 0.4806 0.8257
vn 0.1479 0.8986 0.4131
vn 0.0413 0.9925 0.1149
vn -0.0485 0.9895 -0.1363
vn -0.1544 0.8884 -0.4324
vn -0.2988 0.4604 -0.8359
vn -0.2954 -0.4806 -0.8257
vn -0.1479 -0.8986 -0.4131
vn -0.0413 -0.9925 -0.1149
vn 0.0485 -0.9895 0.1363
vn 0.1544 -0.8884 0.4324
vn 0.2988 -0.4604 0.8359
vn 0.4013 0.4805 0.7798
vn 0.2018 0.8985 0.3897
vn 0.0573 0.9925 0.1080
vn -0.0646 0.9895 -0.1294
vn -0.2083 0.8884 -0.4090
vn -0.4047 0.4606 -0.7900
vn -0.4013 -0.4805 -0.7798
vn -0.2018 -0.8985 -0.3897
vn -0.0573 -0.9925 -0.1080
vn 0.0646 -0.9895 0.1294
vn 0.2083 -0.8884 0.4090
vn 0.4047 -0.4606 0.7900
vn 0.5003 0.4802 0.7205
vn 0.2522 0.8984 0.3595
vn 0.0723 0.9925 0.0990
vn -0.0795 0.9895 -0.1204
vn -0.2587 0.8886 -0.3788
vn -0.5038 0.4608 -0.7307
vn -0.5003 -0.4802 -0.7205
vn -0.2522 -0.8984 -0.3595
vn -0.0723 -0.9925 -0.0990
vn 0.0795 -0.9895 0.1204
vn 0.2587 -0.8886 0.3788
vn 0.5038 -0.4608 0.7307
vn 0.5907 0.4797 0.6488
vn 0.2982 0.8982 0.3230
vn 0.0860 0.9924 0.0882
vn -0.0932 0.9896 -0.1096
vn -0.3047 0.8888 -0.3423
vn -0.5942 0.4613 -0.6589
vn -0.5907 -0.4797 -0.6488
vn -0.2982 -0.8982 -0.3230
vn -0.0860 -0.9924 -0.0882
vn 0.0932 -0.9896 0.1096
vn 0.3047 -0.8888 0.3423
vn 0.5942 -0.4613 0.6589
vn 0.6710 0.4791 0.5658
vn 0.3391 0.8979 0.2808
vn 0.0981 0.9923 0.0756
vn -0.1053 0.9897 -0.0970
vn -0.3456 0.8891 -0.3002
vn -0.6744 0.4619 -0.5760
vn -0.6710 -0.4791 -0.5658
vn -0.3391 -0.8979 -0.2808
vn -0.0981 -0.9923 -0.0756
vn 0.1053 -0.9897 0.0970
vn 0.3456 -0.8891 0.3002
vn 0.6745 -0.4619 0.5760
vn 0.7398 0.4784 0.4731
vn 0.3740 0.8975 0.2337
vn 0.1085 0.9922 0.0616
vn -0.1157 0.9898 -0.0830
vn -0.3806 0.8895 -0.2530
vn -0.7432 0.4626 -0.4833
vn -0.7398 -0.4784 -0.4731
vn -0.3740 -0.8975 -0.2337
vn -0.1085 -0.9922 -0.0616
vn 0.1157 -0.9898 0.0830
vn 0.3806 -0.8895 0.2530
vn 0.7432 -0.4626 0.4833
vn 0.7959 0.4775 0.3723
vn 0.4026 0.8970 0.1823
vn 0.1170 0.9920 0.0464
vn -0.1242 0.9899 -0.0678
vn -0.4091 0.8899 -0.2017
vn -0.7993 0.4635 -0.3824
vn -0.7959 -0.4775 -0.3723
vn -0.4026 -0.8970 -0.1823
vn -0.1170 -0.9920 -0.0464
vn 0.1242 -0.9899 0.0678
vn 0.4091 -0.8899 0.2017
vn 0.7993 -0.4635 0.3824
vn 0.8383 0.4765 0.2649
vn 0.4242 0.8965 0.1277
vn 0.1234 0.9919 0.0301
vn -0.1306 0.9901 -0.0515
vn -0.4307 0.8904 -0.1470
vn -0.8417 0.4645 -0.2751
vn -0.8383 -0.4765 -0.2649
vn -0.4242 -0.8965 -0.1277
vn -0.1234 -0.9919 -0.0301
vn 0.1306 -0.9901 0.0515
vn 0.4307 -0.8904 0.1470
vn 0.8417 -0.4645 0.2751
vn 0.8664 0.4754 0.1530
vn 0.4384 0.8960 0.0708
vn 0.1277 0.9917 0.0132
vn -0.1349 0.9903 -0.0346
vn -0.4450 0.8910 -0.0901
vn -0.8698 0.4656 -0.1631
vn -0.8664 -0.4754 -0.1530
vn -0.4384 -0.8960 -0.0708
vn -0.1277 -0.9917 -0.0132
vn 0.1349 -0.9903 0.0346
vn 0.4450 -0.8910 0.0901
vn 0.8698 -0.4656 0.1631
vn 0.8796 0.4742 0.0383
vn 0.4452 0.8954 0.0124
vn 0.1297 0.9916 -0.0041
vn -0.1369 0.9904 -0.0173
vn -0.4517 0.8916 -0.0317
vn -0.8830 0.4668 -0.0485
vn -0.8796 -0.4742 -0.0383
vn -0.4452 -0.8954 -0.0124
vn -0.1297 -0.9916 0.0041
vn 0.1369 -0.9904 0.0173
vn 0.4517 -0.8916 0.0317
vn 0.8830 -0.4668 0.0485
vn -0.1292 0.9910 0.0342
vn -0.0899 0.9918 0.0910
vn 0.1879 -0.4605 0.8675
vn -0.6745 0.4619 -0.5760
vn -0.3390 -0.8979 -0.2808
vn -0.4385 -0.8960 -0.0708
vn 0.1297 0.9915 -0.0041
vt 0.367810 0.406846
vt 0.382311 0.436580
vt 0.347394 0.448392
vt 0.337820 0.415105
vt 0.399624 0.471163
vt 0.359528 0.486194
vt 0.418935 0.510467
vt 0.373969 0.529428
vt 0.581065 0.510467
vt 0.600376 0.471163
vt 0.640472 0.486194
vt 0.626031 0.529428
vt 0.617689 0.436580
vt 0.652606 0.448392
vt 0.632190 0.406846
vt 0.662180 0.415105
vt 0.310889 0.454835
vt 0.306072 0.419636
vt 0.317075 0.495169
vt 0.324868 0.542260
vt 0.682925 0.495169
vt 0.675132 0.542260
vt 0.689111 0.454835
vt 0.693928 0.419636
vt 0.273921 0.456503
vt 0.273970 0.421026
vt 0.273369 0.497619
vt 0.272380 0.547059
vt 0.726632 0.497619
vt 0.727620 0.547059
vt 0.726080 0.456503
vt 0.726030 0.421026
vt 0.237394 0.454237
vt 0.242350 0.419984
vt 0.230005 0.493652
vt 0.220017 0.540145
vt 0.769995 0.493652
vt 0.779983 0.540145
vt 0.762606 0.454237
vt 0.757650 0.419984
vt 0.202378 0.447128
vt 0.212032 0.415813
vt 0.188877 0.482858
vt 0.171605 0.524454
vt 0.811123 0.482858
vt 0.828395 0.524454
vt 0.797622 0.447128
vt 0.787968 0.415813
vt 0.170275 0.434725
vt 0.184444 0.408084
vt 0.151564 0.465580
vt 0.128603 0.501440
vt 0.848436 0.465581
vt 0.871397 0.501440
vt 0.829725 0.434725
vt 0.815556 0.408084
vt 0.379219 0.376088
vt 0.393888 0.392324
vt 0.358890 0.380346
vt 0.414674 0.417796
vt 0.437052 0.450304
vt 0.460032 0.487227
vt 0.539968 0.487227
vt 0.562948 0.450304
vt 0.585326 0.417796
vt 0.606112 0.392324
vt 0.620781 0.376088
vt 0.641110 0.380346
vt 0.668323 0.384821
vt 0.697297 0.387965
vt 0.726493 0.389300
vt 0.755122 0.389222
vt 0.782680 0.387338
vt 0.807664 0.384094
vt 0.825695 0.380823
vt 0.838334 0.394974
vt 0.857362 0.416186
vt 0.880768 0.442188
vt 0.908219 0.472633
vt 0.091781 0.472633
vt 0.119232 0.442188
vt 0.142638 0.416186
vt 0.161666 0.394974
vt 0.192336 0.384094
vt 0.174305 0.380823
vt 0.217320 0.387338
vt 0.244878 0.389222
vt 0.273507 0.389300
vt 0.302703 0.387965
vt 0.331677 0.384821
vt 0.128929 0.199175
vt 0.123610 0.227061
vt 0.091900 0.220315
vt 0.101293 0.187444
vt 0.122102 0.257113
vt 0.088170 0.255403
vt 0.123868 0.287835
vt 0.089588 0.291213
vt 0.128137 0.318316
vt 0.095184 0.326614
vt 0.135484 0.347510
vt 0.105683 0.360310
vt 0.146142 0.373846
vt 0.121297 0.390735
vt 0.055282 0.210316
vt 0.068954 0.171668
vt 0.048636 0.252068
vt 0.049371 0.295173
vt 0.057057 0.337593
vt 0.071710 0.377248
vt 0.092636 0.412495
vt 0.012248 0.197161
vt 0.031129 0.152146
vt 0.001401 0.246981
vt 0.000163 0.300019
vt 0.011728 0.351790
vt 0.032072 0.398523
vt 0.059338 0.438982
vt 0.968871 0.152146
vt 0.987752 0.197161
vt 0.944718 0.210316
vt 0.931046 0.171668
vt 0.998599 0.246981
vt 0.951364 0.252068
vt 0.999837 0.300019
vt 0.950629 0.295173
vt 0.988272 0.351790
vt 0.942943 0.337593
vt 0.967928 0.398523
vt 0.928290 0.377248
vt 0.940662 0.438982
vt 0.907364 0.412495
vt 0.908100 0.220315
vt 0.898707 0.187444
vt 0.911830 0.255403
vt 0.910412 0.291213
vt 0.904816 0.326614
vt 0.894317 0.360310
vt 0.878703 0.390735
vt 0.876390 0.227061
vt 0.871071 0.199175
vt 0.877898 0.257113
vt 0.876132 0.287835
vt 0.871863 0.318316
vt 0.864516 0.347510
vt 0.853858 0.373846
vt 0.155166 0.186869
vt 0.153336 0.205036
vt 0.140040 0.175456
vt 0.152047 0.229964
vt 0.152267 0.257095
vt 0.154315 0.284829
vt 0.157736 0.312438
vt 0.162829 0.339109
vt 0.168966 0.363335
vt 0.831034 0.363335
vt 0.837171 0.339109
vt 0.842264 0.312438
vt 0.845685 0.284829
vt 0.847733 0.257095
vt 0.847953 0.229964
vt 0.846664 0.205036
vt 0.859960 0.175456
vt 0.844834 0.186869
vt 0.882720 0.158349
vt 0.910713 0.137374
vt 0.943558 0.112811
vt 0.089287 0.137374
vt 0.056442 0.112811
vt 0.117280 0.158349
vt 0.822873 0.203541
vt 0.821133 0.228748
vt 0.794646 0.225178
vt 0.798016 0.198567
vt 0.819677 0.255178
vt 0.792205 0.252150
vt 0.817583 0.282049
vt 0.789812 0.279289
vt 0.814357 0.308818
vt 0.786799 0.306383
vt 0.810598 0.335052
vt 0.783875 0.333355
vt 0.807370 0.360157
vt 0.781957 0.360181
vt 0.767771 0.220802
vt 0.771807 0.193067
vt 0.764607 0.248595
vt 0.761836 0.276492
vt 0.759001 0.304407
vt 0.756588 0.332349
vt 0.755078 0.360448
vt 0.740358 0.216499
vt 0.744671 0.188117
vt 0.736561 0.244945
vt 0.733289 0.273614
vt 0.730724 0.302385
vt 0.728745 0.331126
vt 0.727343 0.359970
vt 0.712321 0.212931
vt 0.716875 0.184301
vt 0.707920 0.241651
vt 0.704253 0.270640
vt 0.701915 0.299819
vt 0.700387 0.328996
vt 0.699106 0.358210
vt 0.683758 0.209374
vt 0.688927 0.181113
vt 0.678557 0.238179
vt 0.674461 0.267530
vt 0.672331 0.297167
vt 0.671443 0.326654
vt 0.670740 0.355734
vt 0.654730 0.204736
vt 0.661629 0.177526
vt 0.648169 0.233861
vt 0.643498 0.264211
vt 0.641531 0.294964
vt 0.641728 0.325139
vt 0.642800 0.353687
vt 0.827814 0.180169
vt 0.615382 0.355612
vt 0.610413 0.326512
vt 0.608510 0.294031
vt 0.610677 0.260569
vt 0.615975 0.227617
vt 0.624910 0.196786
vt 0.635845 0.170154
vt 0.665284 0.151648
vt 0.645097 0.151787
vt 0.692279 0.152566
vt 0.720904 0.155080
vt 0.749529 0.159394
vt 0.777436 0.164990
vt 0.803998 0.172156
vt 0.661734 0.124611
vt 0.653102 0.093549
vt 0.688828 0.088232
vt 0.692061 0.122182
vt 0.641966 0.057302
vt 0.683570 0.049281
vt 0.628997 0.015677
vt 0.676671 0.004222
vt 0.371003 0.015676
vt 0.358034 0.057302
vt 0.316430 0.049281
vt 0.323329 0.004222
vt 0.346898 0.093549
vt 0.311172 0.088232
vt 0.338266 0.124611
vt 0.307939 0.122182
vt 0.725477 0.088555
vt 0.723647 0.123702
vt 0.726735 0.047975
vt 0.727504 0.000163
vt 0.273265 0.047975
vt 0.272496 0.000163
vt 0.274523 0.088555
vt 0.276353 0.123702
vt 0.761874 0.093773
vt 0.755146 0.128400
vt 0.770069 0.053580
vt 0.780224 0.005055
vt 0.229931 0.053579
vt 0.219776 0.005055
vt 0.238126 0.093773
vt 0.244854 0.128400
vt 0.797180 0.102866
vt 0.785813 0.135432
vt 0.811888 0.065608
vt 0.830524 0.021770
vt 0.188112 0.065608
vt 0.169476 0.021770
vt 0.202820 0.102866
vt 0.214187 0.135432
vt 0.830123 0.116505
vt 0.814662 0.145321
vt 0.850205 0.084039
vt 0.875151 0.046473
vt 0.149795 0.084039
vt 0.124849 0.046473
vt 0.169877 0.116505
vt 0.185338 0.145321
vt 0.859205 0.134832
vt 0.840181 0.158206
vt 0.883507 0.108169
vt 0.912977 0.077385
vt 0.116493 0.108169
vt 0.087023 0.077385
vt 0.140795 0.134832
vt 0.159819 0.158206
vt 0.634366 0.133624
vt 0.619326 0.105977
vt 0.602654 0.071928
vt 0.584884 0.032925
vt 0.415116 0.032925
vt 0.397347 0.071928
vt 0.380674 0.105977
vt 0.365634 0.133624
vt 0.354903 0.151787
vt 0.334716 0.151648
vt 0.307721 0.152566
vt 0.279096 0.155080
vt 0.250471 0.159394
vt 0.222564 0.164990
vt 0.196002 0.172156
vt 0.172186 0.180169
vt 0.338371 0.177526
vt 0.345270 0.204736
vt 0.316242 0.209374
vt 0.311073 0.181113
vt 0.351831 0.233861
vt 0.321443 0.238178
vt 0.356502 0.264210
vt 0.325539 0.267530
vt 0.358469 0.294964
vt 0.327669 0.297167
vt 0.358272 0.325139
vt 0.328557 0.326654
vt 0.357200 0.353687
vt 0.329260 0.355733
vt 0.287680 0.212931
vt 0.283124 0.184301
vt 0.292080 0.241651
vt 0.295747 0.270640
vt 0.298085 0.299819
vt 0.299613 0.328996
vt 0.300894 0.358210
vt 0.259642 0.216499
vt 0.255329 0.188117
vt 0.263439 0.244945
vt 0.266712 0.273614
vt 0.269276 0.302385
vt 0.271255 0.331126
vt 0.272657 0.359970
vt 0.232229 0.220802
vt 0.228193 0.193067
vt 0.235393 0.248595
vt 0.238164 0.276492
vt 0.240999 0.304407
vt 0.243412 0.332349
vt 0.244922 0.360448
vt 0.205354 0.225178
vt 0.201984 0.198567
vt 0.207795 0.252150
vt 0.210188 0.279289
vt 0.213201 0.306383
vt 0.216125 0.333355
vt 0.218043 0.360181
vt 0.178867 0.228748
vt 0.177127 0.203541
vt 0.180323 0.255178
vt 0.182417 0.282049
vt 0.185643 0.308818
vt 0.189402 0.335052
vt 0.192630 0.360157
vt 0.364155 0.170154
vt 0.375090 0.196786
vt 0.384025 0.227617
vt 0.389323 0.260569
vt 0.391490 0.294031
vt 0.389587 0.326512
vt 0.384618 0.355612
vt 0.612042 0.153534
vt 0.593594 0.182241
vt 0.558555 0.158868
vt 0.588365 0.127622
vt 0.579956 0.217506
vt 0.537311 0.202034
vt 0.572405 0.256195
vt 0.525429 0.250647
vt 0.570840 0.295718
vt 0.525594 0.300687
vt 0.575943 0.333705
vt 0.535745 0.347778
vt 0.587505 0.367209
vt 0.555814 0.389042
vt 0.527550 0.122464
vt 0.565156 0.093829
vt 0.600475 0.657673
vt 0.601294 0.694065
vt 0.563969 0.693001
vt 0.564130 0.655658
vt 0.601294 0.730911
vt 0.563740 0.730161
vt 0.599803 0.767698
vt 0.562636 0.767158
vt 0.597288 0.803994
vt 0.561243 0.803907
vt 0.595223 0.839248
vt 0.560416 0.840574
vt 0.500163 0.081762
vt 0.542176 0.054829
vt 0.526781 0.692047
vt 0.527300 0.654429
vt 0.526264 0.729539
vt 0.525749 0.766865
vt 0.525238 0.803897
vt 0.524728 0.840865
vt 0.457824 0.054829
vt 0.499837 0.081762
vt 0.472450 0.122464
vt 0.434844 0.093829
vt 0.489582 0.691975
vt 0.490451 0.654641
vt 0.488785 0.729127
vt 0.488868 0.766140
vt 0.489247 0.802914
vt 0.489061 0.839589
vt 0.441445 0.158868
vt 0.411635 0.127622
vt 0.452242 0.692009
vt 0.454064 0.655653
vt 0.451225 0.728841
vt 0.451700 0.765655
vt 0.453213 0.802006
vt 0.454304 0.837304
vt 0.406406 0.182241
vt 0.387958 0.153534
vt 0.462689 0.202034
vt 0.420044 0.217506
vt 0.474571 0.250647
vt 0.427595 0.256195
vt 0.474406 0.300687
vt 0.429160 0.295718
vt 0.464255 0.347778
vt 0.424057 0.333705
vt 0.444186 0.389042
vt 0.412495 0.367209
vt 0.526664 0.422799
vt 0.500163 0.460594
vt 0.499837 0.460594
vt 0.473336 0.422799
vt 0.067857 0.699677
vt 0.067772 0.686507
vt 0.073629 0.686438
vt 0.073709 0.699641
vt 0.082492 0.686368
vt 0.082599 0.699593
vt 0.094584 0.686288
vt 0.094728 0.699541
vt 0.108382 0.686164
vt 0.108580 0.699497
vt 0.121100 0.685979
vt 0.121399 0.699464
vt 0.130666 0.685709
vt 0.131065 0.699441
vt 0.004762 0.700187
vt 0.004957 0.686528
vt 0.014486 0.686666
vt 0.014334 0.700104
vt 0.027181 0.686689
vt 0.027143 0.700002
vt 0.040966 0.686637
vt 0.040990 0.699882
vt 0.053053 0.686561
vt 0.053116 0.699782
vt 0.061914 0.686515
vt 0.062005 0.699716
vt 0.067685 0.673343
vt 0.073526 0.673271
vt 0.082356 0.673192
vt 0.094388 0.673090
vt 0.108078 0.672911
vt 0.120635 0.672630
vt 0.130037 0.672254
vt 0.005385 0.673104
vt 0.014771 0.673344
vt 0.027311 0.673453
vt 0.040989 0.673448
vt 0.053015 0.673388
vt 0.061843 0.673349
vt 0.067596 0.660223
vt 0.073417 0.660150
vt 0.082211 0.660072
vt 0.094172 0.659972
vt 0.107732 0.659788
vt 0.120109 0.659488
vt 0.129331 0.659092
vt 0.005897 0.659955
vt 0.015110 0.660215
vt 0.027476 0.660340
vt 0.041027 0.660337
vt 0.052982 0.660272
vt 0.061774 0.660230
vt 0.067505 0.647141
vt 0.073314 0.647070
vt 0.082081 0.647005
vt 0.093979 0.646939
vt 0.107413 0.646808
vt 0.119610 0.646565
vt 0.128652 0.646220
vt 0.006384 0.647088
vt 0.015422 0.647301
vt 0.027611 0.647368
vt 0.041037 0.647309
vt 0.052931 0.647208
vt 0.061697 0.647151
vt 0.067414 0.634069
vt 0.073227 0.634003
vt 0.081995 0.633965
vt 0.093861 0.633971
vt 0.107194 0.633962
vt 0.119225 0.633857
vt 0.128096 0.633627
vt 0.006754 0.634498
vt 0.015622 0.634598
vt 0.027647 0.634528
vt 0.040973 0.634346
vt 0.052834 0.634171
vt 0.061600 0.634085
vt 0.067320 0.620948
vt 0.073173 0.620890
vt 0.081988 0.620898
vt 0.093875 0.621028
vt 0.107152 0.621223
vt 0.119046 0.621345
vt 0.127758 0.621302
vt 0.006911 0.622175
vt 0.015619 0.622091
vt 0.027504 0.621795
vt 0.040773 0.621408
vt 0.052655 0.621109
vt 0.061467 0.620973
vt 0.067225 0.607680
vt 0.073171 0.607634
vt 0.082107 0.607717
vt 0.094100 0.608039
vt 0.107386 0.608546
vt 0.119178 0.609005
vt 0.127745 0.609231
vt 0.006745 0.610110
vt 0.015306 0.609758
vt 0.027087 0.609127
vt 0.040361 0.608427
vt 0.052345 0.607932
vt 0.061279 0.607720
vt 0.067127 0.594108
vt 0.073250 0.594083
vt 0.082424 0.594284
vt 0.094641 0.594905
vt 0.108019 0.595874
vt 0.119749 0.596808
vt 0.128188 0.597404
vt 0.006129 0.598294
vt 0.014556 0.597574
vt 0.026268 0.596469
vt 0.039629 0.595305
vt 0.051834 0.594506
vt 0.061003 0.594172
vt 0.067024 0.579976
vt 0.073463 0.579986
vt 0.083054 0.580391
vt 0.095664 0.581500
vt 0.109221 0.583154
vt 0.120913 0.584735
vt 0.129234 0.585811
vt 0.004912 0.586720
vt 0.013215 0.585522
vt 0.024880 0.583770
vt 0.038411 0.581917
vt 0.051002 0.580625
vt 0.060585 0.580080
vt 0.066913 0.564817
vt 0.073908 0.564907
vt 0.084222 0.565726
vt 0.097447 0.567689
vt 0.111224 0.570375
vt 0.122832 0.572801
vt 0.131035 0.574444
vt 0.002945 0.575382
vt 0.011122 0.573619
vt 0.022690 0.571023
vt 0.036426 0.568136
vt 0.049620 0.565979
vt 0.059920 0.565009
vt 0.066785 0.547385
vt 0.074907 0.547912
vt 0.086487 0.549869
vt 0.100499 0.553437
vt 0.114348 0.557672
vt 0.125638 0.561147
vt 0.133653 0.563292
vt 0.000163 0.564272
vt 0.008145 0.562009
vt 0.019381 0.558369
vt 0.033165 0.553931
vt 0.047122 0.550158
vt 0.058672 0.548031
vt 0.198520 0.547385
vt 0.198639 0.563761
vt 0.191911 0.564016
vt 0.190846 0.547837
vt 0.182002 0.564961
vt 0.179697 0.549612
vt 0.169228 0.567018
vt 0.166036 0.553110
vt 0.155897 0.569833
vt 0.152535 0.557482
vt 0.144709 0.572398
vt 0.141614 0.561199
vt 0.136814 0.574173
vt 0.133979 0.563511
vt 0.263289 0.562569
vt 0.260609 0.573271
vt 0.252690 0.571611
vt 0.255621 0.560369
vt 0.241465 0.569210
vt 0.244647 0.556811
vt 0.228095 0.566589
vt 0.231083 0.552636
vt 0.215292 0.564718
vt 0.217374 0.549338
vt 0.205370 0.563918
vt 0.206200 0.547726
vt 0.198746 0.578453
vt 0.192540 0.578554
vt 0.183299 0.579083
vt 0.171134 0.580336
vt 0.158054 0.582149
vt 0.146799 0.583883
vt 0.138803 0.585086
vt 0.258780 0.584212
vt 0.250767 0.583126
vt 0.239487 0.581555
vt 0.226383 0.579933
vt 0.214201 0.578858
vt 0.204953 0.578464
vt 0.198846 0.592101
vt 0.192938 0.592163
vt 0.184092 0.592486
vt 0.172312 0.593260
vt 0.159421 0.594397
vt 0.148137 0.595488
vt 0.140034 0.596209
vt 0.257711 0.595352
vt 0.249598 0.594749
vt 0.238300 0.593822
vt 0.225393 0.592874
vt 0.213604 0.592271
vt 0.204754 0.592077
vt 0.198941 0.605206
vt 0.193202 0.605245
vt 0.184580 0.605447
vt 0.173017 0.605922
vt 0.160220 0.606594
vt 0.148881 0.607206
vt 0.140657 0.607553
vt 0.257253 0.606704
vt 0.249025 0.606477
vt 0.237678 0.606030
vt 0.224873 0.605544
vt 0.213304 0.605238
vt 0.204680 0.605161
vt 0.199034 0.618021
vt 0.193381 0.618045
vt 0.184870 0.618170
vt 0.173403 0.618446
vt 0.160613 0.618797
vt 0.149177 0.619061
vt 0.140816 0.619128
vt 0.257263 0.618280
vt 0.248902 0.618334
vt 0.237463 0.618238
vt 0.224669 0.618073
vt 0.213199 0.617964
vt 0.204688 0.617963
vt 0.199127 0.630705
vt 0.193504 0.630719
vt 0.185028 0.630794
vt 0.173569 0.630936
vt 0.160716 0.631065
vt 0.149145 0.631080
vt 0.140632 0.630944
vt 0.257619 0.630092
vt 0.249109 0.630352
vt 0.237538 0.630505
vt 0.224685 0.630563
vt 0.213225 0.630588
vt 0.204750 0.630637
vt 0.199219 0.643362
vt 0.193589 0.643370
vt 0.185096 0.643411
vt 0.173586 0.643465
vt 0.160618 0.643445
vt 0.148879 0.643291
vt 0.140201 0.643014
vt 0.258225 0.642154
vt 0.249552 0.642558
vt 0.237817 0.642883
vt 0.224851 0.643092
vt 0.213341 0.643205
vt 0.204848 0.643288
vt 0.199311 0.656061
vt 0.193652 0.656066
vt 0.185107 0.656086
vt 0.173504 0.656086
vt 0.160385 0.655975
vt 0.148458 0.655715
vt 0.139605 0.655348
vt 0.259001 0.654478
vt 0.250154 0.654974
vt 0.238232 0.655408
vt 0.225117 0.655710
vt 0.213515 0.655879
vt 0.204971 0.655983
vt 0.199405 0.668845
vt 0.193701 0.668847
vt 0.185084 0.668858
vt 0.173365 0.668832
vt 0.160075 0.668677
vt 0.147945 0.668368
vt 0.138909 0.667957
vt 0.259881 0.667076
vt 0.250851 0.667618
vt 0.238727 0.668104
vt 0.225441 0.668453
vt 0.213723 0.668649
vt 0.205108 0.668764
vt 0.199498 0.681734
vt 0.193745 0.681737
vt 0.185050 0.681746
vt 0.173205 0.681719
vt 0.159738 0.681565
vt 0.147401 0.681259
vt 0.138177 0.680849
vt 0.260800 0.679956
vt 0.251584 0.680500
vt 0.239252 0.680986
vt 0.225788 0.681336
vt 0.213946 0.681536
vt 0.205251 0.681653
vt 0.199593 0.694733
vt 0.193792 0.694737
vt 0.185021 0.694754
vt 0.173058 0.694746
vt 0.159422 0.694633
vt 0.146885 0.694387
vt 0.137478 0.694032
vt 0.261691 0.693127
vt 0.252290 0.693620
vt 0.239758 0.694048
vt 0.226125 0.694359
vt 0.214164 0.694541
vt 0.205393 0.694653
vt 0.199688 0.707832
vt 0.193849 0.707840
vt 0.185013 0.707869
vt 0.172953 0.707895
vt 0.159179 0.707857
vt 0.146469 0.707732
vt 0.136899 0.707503
vt 0.262467 0.706589
vt 0.252901 0.706957
vt 0.240194 0.707267
vt 0.226422 0.707505
vt 0.214363 0.707655
vt 0.205527 0.707755
vt 0.199784 0.720980
vt 0.193931 0.721022
vt 0.185040 0.721075
vt 0.172910 0.721134
vt 0.159057 0.721183
vt 0.146237 0.721218
vt 0.136572 0.721243
vt 0.262994 0.720322
vt 0.253329 0.720438
vt 0.240510 0.720590
vt 0.226658 0.720742
vt 0.214528 0.720861
vt 0.205637 0.720936
vt 0.199880 0.734155
vt 0.194021 0.734228
vt 0.185155 0.734303
vt 0.173060 0.734389
vt 0.159259 0.734518
vt 0.146539 0.734705
vt 0.136971 0.734976
vt 0.262794 0.734060
vt 0.253224 0.733928
vt 0.240502 0.733926
vt 0.226701 0.733998
vt 0.214606 0.734089
vt 0.205740 0.734142
vt 0.199976 0.747326
vt 0.194132 0.747401
vt 0.185297 0.747484
vt 0.173261 0.747591
vt 0.159567 0.747774
vt 0.147006 0.748057
vt 0.137601 0.748434
vt 0.262361 0.747525
vt 0.252952 0.747285
vt 0.240388 0.747185
vt 0.226692 0.747202
vt 0.214656 0.747271
vt 0.205821 0.747316
vt 0.200072 0.760454
vt 0.194247 0.760530
vt 0.185447 0.760611
vt 0.173481 0.760715
vt 0.159915 0.760902
vt 0.147534 0.761204
vt 0.138308 0.761600
vt 0.261845 0.760700
vt 0.252615 0.760438
vt 0.240231 0.760317
vt 0.226664 0.760327
vt 0.214697 0.760398
vt 0.205897 0.760445
vt 0.200167 0.773546
vt 0.194355 0.773618
vt 0.185581 0.773686
vt 0.173676 0.773755
vt 0.160236 0.773888
vt 0.148033 0.774131
vt 0.138987 0.774477
vt 0.261355 0.773586
vt 0.252304 0.773372
vt 0.240100 0.773306
vt 0.226658 0.773369
vt 0.214753 0.773473
vt 0.205980 0.773533
vt 0.200262 0.786628
vt 0.194444 0.786695
vt 0.185671 0.786734
vt 0.173797 0.786730
vt 0.160457 0.786740
vt 0.148419 0.786846
vt 0.139543 0.787076
vt 0.260982 0.786192
vt 0.252104 0.786091
vt 0.240065 0.786160
vt 0.226726 0.786344
vt 0.214854 0.786522
vt 0.206081 0.786610
vt 0.200358 0.799759
vt 0.194501 0.799817
vt 0.185680 0.799810
vt 0.173784 0.799682
vt 0.160499 0.799487
vt 0.148598 0.799365
vt 0.139881 0.799408
vt 0.260823 0.798527
vt 0.252107 0.798611
vt 0.240209 0.798907
vt 0.226928 0.799295
vt 0.215035 0.799596
vt 0.206216 0.799732
vt 0.200455 0.813037
vt 0.194504 0.813083
vt 0.185561 0.813000
vt 0.173560 0.812679
vt 0.160266 0.812172
vt 0.148466 0.811713
vt 0.139893 0.811486
vt 0.260988 0.810604
vt 0.252419 0.810956
vt 0.240627 0.811587
vt 0.227341 0.812288
vt 0.215346 0.812783
vt 0.206405 0.812996
vt 0.200554 0.826619
vt 0.194426 0.826644
vt 0.185245 0.826443
vt 0.173019 0.825822
vt 0.159632 0.824852
vt 0.147894 0.823918
vt 0.139450 0.823321
vt 0.261603 0.822431
vt 0.253168 0.823151
vt 0.241446 0.824256
vt 0.228074 0.825421
vt 0.215858 0.826220
vt 0.206682 0.826555
vt 0.200657 0.840762
vt 0.194213 0.840752
vt 0.184615 0.840346
vt 0.171996 0.839237
vt 0.158429 0.837581
vt 0.146729 0.835998
vt 0.138402 0.834922
vt 0.262820 0.834015
vt 0.254509 0.835213
vt 0.242834 0.836966
vt 0.229292 0.838820
vt 0.216691 0.840113
vt 0.207100 0.840658
vt 0.200767 0.855932
vt 0.193767 0.855842
vt 0.183446 0.855023
vt 0.170211 0.853057
vt 0.156424 0.850369
vt 0.144809 0.847941
vt 0.136600 0.846296
vt 0.264788 0.845363
vt 0.256604 0.847126
vt 0.245025 0.849723
vt 0.231279 0.852612
vt 0.218074 0.854770
vt 0.207766 0.855740
vt 0.200894 0.873378
vt 0.192766 0.872849
vt 0.181178 0.870890
vt 0.167156 0.867319
vt 0.153297 0.863081
vt 0.142000 0.859602
vt 0.133979 0.857456
vt 0.267571 0.856483
vt 0.259582 0.858746
vt 0.248336 0.862389
vt 0.234541 0.866829
vt 0.220572 0.870603
vt 0.209014 0.872731
vt 0.069064 0.873383
vt 0.068945 0.856995
vt 0.075678 0.856740
vt 0.076744 0.872930
vt 0.085595 0.855795
vt 0.087902 0.871154
vt 0.098379 0.853737
vt 0.101572 0.867655
vt 0.111719 0.850920
vt 0.115084 0.863280
vt 0.122916 0.848354
vt 0.126012 0.859560
vt 0.130816 0.846577
vt 0.133653 0.857247
vt 0.004244 0.858185
vt 0.006926 0.847475
vt 0.014852 0.849136
vt 0.011918 0.860388
vt 0.026086 0.851540
vt 0.022901 0.863948
vt 0.039467 0.854163
vt 0.036475 0.868127
vt 0.052280 0.856036
vt 0.050196 0.871428
vt 0.062209 0.856837
vt 0.061378 0.873042
vt 0.068839 0.842291
vt 0.075050 0.842190
vt 0.084298 0.841661
vt 0.096472 0.840408
vt 0.109561 0.838595
vt 0.120824 0.836860
vt 0.128826 0.835657
vt 0.008757 0.836525
vt 0.016777 0.837612
vt 0.028065 0.839184
vt 0.041180 0.840808
vt 0.053372 0.841885
vt 0.062627 0.842280
vt 0.068740 0.828632
vt 0.074653 0.828571
vt 0.083505 0.828249
vt 0.095294 0.827474
vt 0.108194 0.826338
vt 0.119485 0.825247
vt 0.127595 0.824525
vt 0.009827 0.825376
vt 0.017947 0.825980
vt 0.029254 0.826907
vt 0.042171 0.827857
vt 0.053971 0.828462
vt 0.062827 0.828656
vt 0.068646 0.815517
vt 0.074390 0.815479
vt 0.083018 0.815277
vt 0.094590 0.814804
vt 0.107395 0.814132
vt 0.118742 0.813520
vt 0.126972 0.813173
vt 0.010285 0.814014
vt 0.018521 0.814242
vt 0.029877 0.814689
vt 0.042693 0.815177
vt 0.054271 0.815484
vt 0.062902 0.815562
vt 0.068554 0.802693
vt 0.074212 0.802669
vt 0.082729 0.802545
vt 0.094204 0.802271
vt 0.107003 0.801921
vt 0.118446 0.801658
vt 0.126813 0.801591
vt 0.010275 0.802428
vt 0.018644 0.802373
vt 0.030093 0.802471
vt 0.042898 0.802637
vt 0.054378 0.802747
vt 0.062896 0.802750
vt 0.068464 0.789999
vt 0.074091 0.789986
vt 0.082573 0.789913
vt 0.094040 0.789773
vt 0.106901 0.789645
vt 0.118479 0.789631
vt 0.126998 0.789767
vt 0.009918 0.790604
vt 0.018437 0.790344
vt 0.030019 0.790192
vt 0.042885 0.790136
vt 0.054354 0.790113
vt 0.062837 0.790065
vt 0.068375 0.777332
vt 0.074008 0.777326
vt 0.082507 0.777287
vt 0.094025 0.777235
vt 0.107001 0.777258
vt 0.118746 0.777413
vt 0.127428 0.777691
vt 0.009311 0.778529
vt 0.017994 0.778126
vt 0.029742 0.777802
vt 0.042721 0.777596
vt 0.054242 0.777485
vt 0.062741 0.777404
vt 0.068286 0.764624
vt 0.073950 0.764621
vt 0.082500 0.764604
vt 0.094110 0.764607
vt 0.107235 0.764721
vt 0.119168 0.764983
vt 0.128026 0.765350
vt 0.008534 0.766191
vt 0.017392 0.765694
vt 0.029330 0.765263
vt 0.042459 0.764964
vt 0.054072 0.764800
vt 0.062623 0.764700
vt 0.068199 0.751831
vt 0.073906 0.751831
vt 0.082527 0.751825
vt 0.094253 0.751854
vt 0.107548 0.752013
vt 0.119683 0.752324
vt 0.128723 0.752736
vt 0.007652 0.753575
vt 0.016697 0.753032
vt 0.028839 0.752550
vt 0.042140 0.752209
vt 0.053869 0.752019
vt 0.062492 0.751909
vt 0.068112 0.738934
vt 0.073868 0.738935
vt 0.082568 0.738930
vt 0.094416 0.738962
vt 0.107888 0.739120
vt 0.120229 0.739429
vt 0.129455 0.739839
vt 0.006730 0.740670
vt 0.015969 0.740127
vt 0.028322 0.739651
vt 0.041802 0.739312
vt 0.053655 0.739122
vt 0.062356 0.739012
vt 0.068026 0.725928
vt 0.073829 0.725928
vt 0.082603 0.725918
vt 0.094569 0.725931
vt 0.108207 0.726049
vt 0.120747 0.726297
vt 0.130155 0.726654
vt 0.005836 0.727462
vt 0.015275 0.726975
vt 0.027832 0.726568
vt 0.041479 0.726276
vt 0.053448 0.726108
vt 0.062224 0.726004
vt 0.067941 0.712827
vt 0.073781 0.712823
vt 0.082618 0.712800
vt 0.094680 0.712780
vt 0.108454 0.712823
vt 0.121165 0.712951
vt 0.130736 0.713181
vt 0.005057 0.713929
vt 0.014707 0.713591
vt 0.027425 0.713327
vt 0.041202 0.713119
vt 0.053265 0.712987
vt 0.062102 0.712898
s 0
usemtl Material
f 93/1/1 94/2/1 101/3/1 100/4/1
f 94/2/2 95/5/2 102/6/2 101/3/2
f 95/5/3 96/7/3 103/8/3 102/6/3
f 96/9/4 97/10/4 104/11/4 103/12/4
f 97/10/5 98/13/5 105/14/5 104/11/5
f 98/13/6 99/15/6 106/16/6 105/14/6
f 100/4/7 101/3/7 108/17/7 107/18/7
f 101/3/8 102/6/8 109/19/8 108/17/8
f 102/6/9 103/8/9 110/20/9 109/19/9
f 103/12/10 104/11/10 111/21/10 110/22/10
f 104/11/11 105/14/11 112/23/11 111/21/11
f 105/14/12 106/16/12 113/24/12 112/23/12
f 107/18/13 108/17/13 115/25/13 114/26/13
f 108/17/14 109/19/14 116/27/14 115/25/14
f 109/19/15 110/20/15 117/28/15 116/27/15
f 110/22/16 111/21/16 118/29/16 117/30/16
f 111/21/17 112/23/17 119/31/17 118/29/17
f 112/23/18 113/24/18 120/32/18 119/31/18
f 114/26/19 115/25/19 122/33/19 121/34/19
f 115/25/20 116/27/20 123/35/20 122/33/20
f 116/27/21 117/28/21 124/36/21 123/35/21
f 117/30/22 118/29/22 125/37/22 124/38/22
f 118/29/23 119/31/23 126/39/23 125/37/23
f 119/31/24 120/32/24 127/40/24 126/39/24
f 121/34/25 122/33/25 129/41/25 128/42/25
f 122/33/26 123/35/26 130/43/26 129/41/26
f 123/35/27 124/36/27 131/44/27 130/43/27
f 124/38/28 125/37/28 132/45/28 131/46/28
f 125/37/29 126/39/29 133/47/29 132/45/29
f 126/39/30 127/40/30 134/48/30 133/47/30
f 128/42/31 129/41/31 136/49/31 135/50/31
f 129/41/32 130/43/32 137/51/32 136/49/32
f 130/43/33 131/44/33 138/52/33 137/51/33
f 131/46/34 132/45/34 139/53/34 138/54/34
f 132/45/35 133/47/35 140/55/35 139/53/35
f 133/47/36 134/48/36 141/56/36 140/55/36
f 1/57/37 85/58/37 93/1/37 58/59/37
f 85/58/38 84/60/38 94/2/38 93/1/38
f 84/60/39 83/61/39 95/5/39 94/2/39
f 83/61/40 82/62/40 96/7/40 95/5/40
f 82/63/41 81/64/41 97/10/41 96/9/41
f 81/64/42 80/65/42 98/13/42 97/10/42
f 80/65/43 79/66/43 99/15/43 98/13/43
f 79/66/44 5/67/44 78/68/44 99/15/44
f 99/15/45 78/68/45 77/69/45 106/16/45
f 106/16/46 77/69/46 76/70/46 113/24/46
f 113/24/47 76/70/47 75/71/47 120/32/47
f 120/32/48 75/71/48 74/72/48 127/40/48
f 127/40/49 74/72/49 73/73/49 134/48/49
f 134/48/50 73/73/50 72/74/50 141/56/50
f 141/56/51 72/74/51 7/75/51 57/76/51
f 140/55/52 141/56/52 57/76/52 56/77/52
f 139/53/53 140/55/53 56/77/53 55/78/53
f 138/54/54 139/53/54 55/78/54 54/79/54
f 137/51/55 138/52/55 54/80/55 53/81/55
f 136/49/56 137/51/56 53/81/56 52/82/56
f 135/50/57 136/49/57 52/82/57 51/83/57
f 64/84/58 135/50/58 51/83/58 3/85/58
f 63/86/59 128/42/59 135/50/59 64/84/59
f 62/87/60 121/34/60 128/42/60 63/86/60
f 61/88/61 114/26/61 121/34/61 62/87/61
f 60/89/62 107/18/62 114/26/62 61/88/62
f 59/90/63 100/4/63 107/18/63 60/89/63
f 58/59/64 93/1/64 100/4/64 59/90/64
f 142/91/65 143/92/65 150/93/65 149/94/65
f 143/92/66 144/95/66 151/96/66 150/93/66
f 144/95/67 145/97/67 152/98/67 151/96/67
f 145/97/68 146/99/68 153/100/68 152/98/68
f 146/99/69 147/101/69 154/102/69 153/100/69
f 147/101/70 148/103/70 155/104/70 154/102/70
f 149/94/71 150/93/71 157/105/71 156/106/71
f 150/93/72 151/96/72 158/107/72 157/105/72
f 151/96/73 152/98/73 159/108/73 158/107/73
f 152/98/74 153/100/74 160/109/74 159/108/74
f 153/100/75 154/102/75 161/110/75 160/109/75
f 154/102/76 155/104/76 162/111/76 161/110/76
f 156/106/77 157/105/77 164/112/77 163/113/77
f 157/105/78 158/107/78 165/114/78 164/112/78
f 158/107/79 159/108/79 166/115/79 165/114/79
f 159/108/80 160/109/80 167/116/80 166/115/80
f 160/109/81 161/110/81 168/117/81 167/116/81
f 161/110/82 162/111/82 169/118/82 168/117/82
f 163/119/83 164/120/83 171/121/83 170/122/83
f 164/120/84 165/123/84 172/124/84 171/121/84
f 165/123/85 166/125/85 173/126/85 172/124/85
f 166/125/86 167/127/86 174/128/86 173/126/86
f 167/127/87 168/129/87 175/130/87 174/128/87
f 168/129/88 169/131/88 176/132/88 175/130/88
f 170/122/89 171/121/89 178/133/89 177/134/89
f 171/121/90 172/124/90 179/135/90 178/133/90
f 172/124/91 173/126/91 180/136/91 179/135/91
f 173/126/92 174/128/92 181/137/92 180/136/92
f 174/128/93 175/130/93 182/138/93 181/137/93
f 175/130/94 176/132/94 183/139/94 182/138/94
f 177/134/95 178/133/95 185/140/95 184/141/95
f 178/133/96 179/135/96 186/142/96 185/140/96
f 179/135/97 180/136/97 187/143/97 186/142/97
f 180/136/98 181/137/98 188/144/98 187/143/98
f 181/137/99 182/138/99 189/145/99 188/144/99
f 182/138/100 183/139/100 190/146/100 189/145/100
f 4/147/101 43/148/101 142/91/101 71/149/101
f 43/148/102 42/150/102 143/92/102 142/91/102
f 42/150/103 41/151/103 144/95/103 143/92/103
f 41/151/104 40/152/104 145/97/104 144/95/104
f 40/152/105 39/153/105 146/99/105 145/97/105
f 39/153/106 38/154/106 147/101/106 146/99/106
f 38/154/107 37/155/107 148/103/107 147/101/107
f 37/155/108 3/85/108 51/83/108 148/103/108
f 148/103/109 51/83/109 52/82/109 155/104/109
f 155/104/110 52/82/110 53/81/110 162/111/110
f 162/111/111 53/81/111 54/80/111 169/118/111
f 169/131/112 54/79/112 55/78/112 176/132/112
f 176/132/113 55/78/113 56/77/113 183/139/113
f 183/139/114 56/77/114 57/76/114 190/146/114
f 190/146/115 57/76/115 7/75/115 36/156/115
f 189/145/116 190/146/116 36/156/116 35/157/116
f 188/144/117 189/145/117 35/157/117 34/158/117
f 187/143/118 188/144/118 34/158/118 33/159/118
f 186/142/119 187/143/119 33/159/119 32/160/119
f 185/140/120 186/142/120 32/160/120 31/161/120
f 184/141/121 185/140/121 31/161/121 30/162/121
f 65/163/122 184/141/122 30/162/122 8/164/122
f 66/165/123 177/134/123 184/141/123 65/163/123
f 67/166/124 170/122/124 177/134/124 66/165/124
f 68/167/125 163/119/125 170/122/125 67/166/125
f 69/168/126 156/106/126 163/113/126 68/169/126
f 70/170/127 149/94/127 156/106/127 69/168/127
f 71/149/128 142/91/128 149/94/128 70/170/128
f 191/171/129 192/172/129 199/173/129 198/174/129
f 192/172/130 193/175/130 200/176/130 199/173/130
f 193/175/131 194/177/131 201/178/131 200/176/131
f 194/177/132 195/179/132 202/180/132 201/178/132
f 195/179/133 196/181/133 203/182/133 202/180/133
f 196/181/134 197/183/134 204/184/134 203/182/134
f 198/174/135 199/173/135 206/185/135 205/186/135
f 199/173/136 200/176/136 207/187/136 206/185/136
f 200/176/137 201/178/137 208/188/137 207/187/137
f 201/178/138 202/180/138 209/189/138 208/188/138
f 202/180/139 203/182/139 210/190/139 209/189/139
f 203/182/140 204/184/140 211/191/140 210/190/140
f 205/186/141 206/185/141 213/192/141 212/193/141
f 206/185/142 207/187/142 214/194/142 213/192/142
f 207/187/143 208/188/143 215/195/143 214/194/143
f 208/188/144 209/189/144 216/196/144 215/195/144
f 209/189/145 210/190/145 217/197/145 216/196/145
f 210/190/146 211/191/146 218/198/146 217/197/146
f 212/193/147 213/192/147 220/199/147 219/200/147
f 213/192/148 214/194/148 221/201/148 220/199/148
f 214/194/149 215/195/149 222/202/149 221/201/149
f 215/195/150 216/196/150 223/203/150 222/202/150
f 216/196/151 217/197/151 224/204/151 223/203/151
f 217/197/152 218/198/152 225/205/152 224/204/152
f 219/200/153 220/199/153 227/206/153 226/207/153
f 220/199/154 221/201/154 228/208/154 227/206/154
f 221/201/155 222/202/155 229/209/155 228/208/155
f 222/202/156 223/203/156 230/210/156 229/209/156
f 223/203/157 224/204/157 231/211/157 230/210/157
f 224/204/158 225/205/158 232/212/158 231/211/158
f 226/207/159 227/206/159 234/213/159 233/214/159
f 227/206/160 228/208/160 235/215/160 234/213/160
f 228/208/161 229/209/161 236/216/161 235/215/161
f 229/209/162 230/210/162 237/217/162 236/216/162
f 230/210/163 231/211/163 238/218/163 237/217/163
f 231/211/164 232/212/164 239/219/164 238/218/164
f 8/164/165 30/162/165 191/171/165 15/220/165
f 30/162/166 31/161/166 192/172/166 191/171/166
f 31/161/167 32/160/167 193/175/167 192/172/167
f 32/160/168 33/159/168 194/177/168 193/175/168
f 33/159/169 34/158/169 195/179/169 194/177/169
f 34/158/170 35/157/170 196/181/170 195/179/170
f 35/157/171 36/156/171 197/183/171 196/181/171
f 36/156/172 7/75/172 72/74/172 197/183/172
f 197/183/173 72/74/173 73/73/173 204/184/173
f 204/184/174 73/73/174 74/72/174 211/191/174
f 211/191/175 74/72/175 75/71/175 218/198/175
f 218/198/176 75/71/176 76/70/176 225/205/176
f 225/205/177 76/70/177 77/69/177 232/212/177
f 232/212/178 77/69/178 78/68/178 239/219/178
f 239/219/179 78/68/179 5/67/179 44/221/179
f 238/218/180 239/219/180 44/221/180 45/222/180
f 237/217/181 238/218/181 45/222/181 46/223/181
f 236/216/182 237/217/182 46/223/182 47/224/182
f 235/215/183 236/216/183 47/224/183 48/225/183
f 234/213/184 235/215/184 48/225/184 49/226/184
f 233/214/185 234/213/185 49/226/185 50/227/185
f 9/228/186 233/214/186 50/227/186 6/229/186
f 10/230/187 226/207/187 233/214/187 9/228/187
f 11/231/188 219/200/188 226/207/188 10/230/188
f 12/232/189 212/193/189 219/200/189 11/231/189
f 13/233/190 205/186/190 212/193/190 12/232/190
f 14/234/191 198/174/191 205/186/191 13/233/191
f 15/220/192 191/171/192 198/174/192 14/234/192
f 240/235/193 241/236/193 248/237/193 247/238/193
f 241/236/194 242/239/194 249/240/194 248/237/194
f 242/239/195 243/241/195 250/242/195 249/240/195
f 243/243/196 244/244/196 251/245/196 250/246/196
f 244/244/197 245/247/197 252/248/197 251/245/197
f 245/247/198 246/249/198 253/250/198 252/248/198
f 247/238/199 248/237/199 255/251/199 254/252/199
f 248/237/200 249/240/200 256/253/200 255/251/200
f 249/240/201 250/242/201 257/254/201 256/253/201
f 250/246/202 251/245/202 258/255/202 257/256/202
f 251/245/203 252/248/203 259/257/203 258/255/203
f 252/248/204 253/250/204 260/258/204 259/257/204
f 254/252/205 255/251/205 262/259/205 261/260/205
f 255/251/206 256/253/206 263/261/206 262/259/206
f 256/253/207 257/254/207 264/262/207 263/261/207
f 257/256/208 258/255/208 265/263/208 264/264/208
f 258/255/209 259/257/209 266/265/209 265/263/209
f 259/257/210 260/258/210 267/266/210 266/265/210
f 261/260/211 262/259/211 269/267/211 268/268/211
f 262/259/212 263/261/212 270/269/212 269/267/212
f 263/261/213 264/262/213 271/270/213 270/269/213
f 264/264/214 265/263/214 272/271/214 271/272/214
f 265/263/215 266/265/215 273/273/215 272/271/215
f 266/265/216 267/266/216 274/274/216 273/273/216
f 268/268/217 269/267/217 276/275/217 275/276/217
f 269/267/218 270/269/218 277/277/218 276/275/218
f 270/269/219 271/270/219 278/278/219 277/277/219
f 271/272/220 272/271/220 279/279/220 278/280/220
f 272/271/221 273/273/221 280/281/221 279/279/221
f 273/273/222 274/274/222 281/282/222 280/281/222
f 275/276/223 276/275/223 283/283/223 282/284/223
f 276/275/224 277/277/224 284/285/224 283/283/224
f 277/277/225 278/278/225 285/286/225 284/285/225
f 278/280/226 279/279/226 286/287/226 285/288/226
f 279/279/227 280/281/227 287/289/227 286/287/227
f 280/281/228 281/282/228 288/290/228 287/289/228
f 6/229/229 22/291/229 240/235/229 9/228/229
f 22/291/230 21/292/230 241/236/230 240/235/230
f 21/292/231 20/293/231 242/239/231 241/236/231
f 20/293/232 19/294/232 243/241/232 242/239/232
f 19/295/233 18/296/233 244/244/233 243/243/233
f 18/296/234 17/297/234 245/247/234 244/244/234
f 17/297/235 16/298/235 246/249/235 245/247/235
f 16/298/236 2/299/236 92/300/236 246/249/236
f 246/249/237 92/300/237 91/301/237 253/250/237
f 253/250/238 91/301/238 90/302/238 260/258/238
f 260/258/239 90/302/239 89/303/239 267/266/239
f 267/266/240 89/303/240 88/304/240 274/274/240
f 274/274/241 88/304/241 87/305/241 281/282/241
f 281/282/242 87/305/242 86/306/242 288/290/242
f 288/290/243 86/306/243 4/147/243 71/149/243
f 287/289/244 288/290/244 71/149/244 70/170/244
f 286/287/245 287/289/245 70/170/245 69/168/245
f 285/288/246 286/287/246 69/168/246 68/169/246
f 284/285/247 285/286/247 68/167/247 67/166/247
f 283/283/248 284/285/248 67/166/248 66/165/248
f 282/284/249 283/283/249 66/165/249 65/163/249
f 15/220/250 282/284/250 65/163/250 8/164/250
f 14/234/251 275/276/251 282/284/251 15/220/251
f 13/233/252 268/268/252 275/276/252 14/234/252
f 12/232/253 261/260/253 268/268/253 13/233/253
f 11/231/254 254/252/254 261/260/254 12/232/254
f 10/230/255 247/238/255 254/252/255 11/231/255
f 9/228/256 240/235/256 247/238/256 10/230/256
f 289/307/257 290/308/257 297/309/257 296/310/257
f 290/308/258 291/311/258 298/312/258 297/309/258
f 291/311/259 292/313/259 299/314/259 298/312/259
f 292/313/260 293/315/260 300/316/260 299/314/260
f 293/315/261 294/317/261 301/318/261 300/316/261
f 294/317/262 295/319/262 302/320/262 301/318/262
f 296/310/263 297/309/263 304/321/263 303/322/263
f 297/309/264 298/312/264 305/323/264 304/321/264
f 298/312/265 299/314/265 306/324/265 305/323/265
f 299/314/266 300/316/266 307/325/266 306/324/266
f 300/316/267 301/318/267 308/326/267 307/325/267
f 301/318/268 302/320/268 309/327/268 308/326/268
f 303/322/269 304/321/269 311/328/269 310/329/269
f 304/321/270 305/323/270 312/330/270 311/328/270
f 305/323/271 306/324/271 313/331/271 312/330/271
f 306/324/272 307/325/272 314/332/272 313/331/272
f 307/325/273 308/326/273 315/333/273 314/332/273
f 308/326/274 309/327/274 316/334/274 315/333/274
f 310/329/275 311/328/275 318/335/275 317/336/275
f 311/328/276 312/330/276 319/337/276 318/335/276
f 312/330/277 313/331/277 320/338/277 319/337/277
f 313/331/278 314/332/278 321/339/278 320/338/278
f 314/332/279 315/333/279 322/340/279 321/339/279
f 315/333/280 316/334/280 323/341/280 322/340/280
f 317/336/281 318/335/281 325/342/281 324/343/281
f 318/335/282 319/337/282 326/344/282 325/342/282
f 319/337/283 320/338/283 327/345/283 326/344/283
f 320/338/284 321/339/284 328/346/284 327/345/284
f 321/339/285 322/340/285 329/347/285 328/346/285
f 322/340/286 323/341/286 330/348/286 329/347/286
f 324/343/287 325/342/287 332/349/287 331/350/287
f 325/342/288 326/344/288 333/351/288 332/349/288
f 326/344/289 327/345/289 334/352/289 333/351/289
f 327/345/290 328/346/290 335/353/290 334/352/290
f 328/346/291 329/347/291 336/354/291 335/353/291
f 329/347/292 330/348/292 337/355/292 336/354/292
f 2/299/293 29/356/293 289/307/293 92/300/293
f 29/356/294 28/357/294 290/308/294 289/307/294
f 28/357/295 27/358/295 291/311/295 290/308/295
f 27/358/296 26/359/296 292/313/296 291/311/296
f 26/359/297 25/360/297 293/315/297 292/313/297
f 25/360/298 24/361/298 294/317/298 293/315/298
f 24/361/299 23/362/299 295/319/299 294/317/299
f 23/362/300 1/57/300 58/59/300 295/319/300
f 295/319/301 58/59/301 59/90/301 302/320/301
f 302/320/302 59/90/302 60/89/302 309/327/302
f 309/327/303 60/89/303 61/88/303 316/334/303
f 316/334/304 61/88/304 62/87/304 323/341/304
f 323/341/305 62/87/305 63/86/305 330/348/305
f 330/348/306 63/86/306 64/84/306 337/355/306
f 337/355/307 64/84/307 3/85/307 37/155/307
f 336/354/308 337/355/308 37/155/308 38/154/308
f 335/353/309 336/354/309 38/154/309 39/153/309
f 334/352/310 335/353/310 39/153/310 40/152/310
f 333/351/311 334/352/311 40/152/311 41/151/311
f 332/349/312 333/351/312 41/151/312 42/150/312
f 331/350/313 332/349/313 42/150/313 43/148/313
f 86/306/314 331/350/314 43/148/314 4/147/314
f 87/305/315 324/343/315 331/350/315 86/306/315
f 88/304/316 317/336/316 324/343/316 87/305/316
f 89/303/317 310/329/317 317/336/317 88/304/317
f 90/302/318 303/322/318 310/329/318 89/303/318
f 91/301/319 296/310/319 303/322/319 90/302/319
f 92/300/320 289/307/320 296/310/320 91/301/320
f 338/363/321 339/364/321 346/365/321 345/366/321
f 339/364/322 340/367/322 347/368/322 346/365/322
f 340/367/323 341/369/323 348/370/323 347/368/323
f 341/369/324 342/371/324 349/372/324 348/370/324
f 342/371/325 343/373/325 350/374/325 349/372/325
f 343/373/326 344/375/326 351/376/326 350/374/326
f 345/366/327 346/365/327 353/377/327 352/378/327
f 346/379/328 347/380/328 354/381/328 353/382/328
f 347/380/329 348/383/329 355/384/329 354/381/329
f 348/383/330 349/385/330 356/386/330 355/384/330
f 349/385/331 350/387/331 357/388/331 356/386/331
f 350/387/332 351/389/332 358/390/332 357/388/332
f 352/378/333 353/377/333 360/391/333 359/392/333
f 353/382/334 354/381/334 361/393/334 360/394/334
f 354/381/335 355/384/335 362/395/335 361/393/335
f 355/384/336 356/386/336 363/396/336 362/395/336
f 356/386/337 357/388/337 364/397/337 363/396/337
f 357/388/338 358/390/338 365/398/338 364/397/338
f 359/399/339 360/400/339 367/401/339 366/402/339
f 360/394/340 361/393/340 368/403/340 367/404/340
f 361/393/341 362/395/341 369/405/341 368/403/341
f 362/395/342 363/396/342 370/406/342 369/405/342
f 363/396/343 364/397/343 371/407/343 370/406/343
f 364/397/344 365/398/344 372/408/344 371/407/344
f 366/402/345 367/401/345 374/409/345 373/410/345
f 367/404/346 368/403/346 375/411/346 374/412/346
f 368/403/347 369/405/347 376/413/347 375/411/347
f 369/405/348 370/406/348 377/414/348 376/413/348
f 370/406/349 371/407/349 378/415/349 377/414/349
f 371/407/350 372/408/350 379/416/350 378/415/350
f 373/410/351 374/409/351 381/417/351 380/418/351
f 374/409/352 375/419/352 382/420/352 381/417/352
f 375/419/353 376/421/353 383/422/353 382/420/353
f 376/421/354 377/423/354 384/424/354 383/422/354
f 377/423/355 378/425/355 385/426/355 384/424/355
f 378/425/356 379/427/356 386/428/356 385/426/356
f 6/229/357 50/227/357 338/363/357 22/291/357
f 50/227/358 49/226/358 339/364/358 338/363/358
f 49/226/359 48/225/359 340/367/359 339/364/359
f 48/225/360 47/224/360 341/369/360 340/367/360
f 47/224/361 46/223/361 342/371/361 341/369/361
f 46/223/362 45/222/362 343/373/362 342/371/362
f 45/222/363 44/221/363 344/375/363 343/373/363
f 44/221/364 5/67/364 79/66/364 344/375/364
f 344/375/365 79/66/365 80/65/365 351/376/365
f 351/376/366 80/65/366 81/64/366 358/429/366
f 358/429/367 81/64/367 82/63/367 365/430/367
f 365/431/368 82/62/368 83/61/368 372/432/368
f 372/432/369 83/61/369 84/60/369 379/427/369
f 379/427/370 84/60/370 85/58/370 386/428/370
f 386/428/371 85/58/371 1/57/371 23/362/371
f 385/426/372 386/428/372 23/362/372 24/361/372
f 384/424/373 385/426/373 24/361/373 25/360/373
f 383/422/374 384/424/374 25/360/374 26/359/374
f 382/420/375 383/422/375 26/359/375 27/358/375
f 381/417/376 382/420/376 27/358/376 28/357/376
f 380/418/377 381/417/377 28/357/377 29/356/377
f 16/298/378 380/418/378 29/356/378 2/299/378
f 17/297/379 373/410/379 380/418/379 16/298/379
f 18/296/380 366/402/380 373/410/380 17/297/380
f 19/295/381 359/399/381 366/402/381 18/296/381
f 20/293/382 352/378/382 359/392/382 19/294/382
f 21/292/383 345/366/383 352/378/383 20/293/383
f 22/291/384 338/363/384 345/366/384 21/292/384
usemtl マテリアル
f 387/433/385 399/434/385 400/435/385 388/436/385
f 388/436/386 400/435/386 401/437/386 389/438/386
f 389/438/387 401/437/387 402/439/387 390/440/387
f 390/440/388 402/439/388 403/441/388 391/442/388
f 391/442/389 403/441/389 404/443/389 392/444/389
f 392/444/390 404/443/390 405/445/390 393/446/390
f 393/447/391 405/448/391 406/449/391 394/450/391
f 394/450/392 406/449/392 407/451/392 395/452/392
f 395/452/393 407/451/393 408/453/393 396/454/393
f 396/454/394 408/453/394 409/455/394 397/456/394
f 397/456/395 409/455/395 410/457/395 398/458/395
f 398/458/396 410/457/396 399/434/396 387/433/396
f 399/434/397 411/459/397 412/460/397 400/435/397
f 400/435/398 412/460/398 413/461/398 401/437/398
f 401/437/399 413/461/399 414/462/399 402/439/399
f 402/439/400 414/462/400 415/463/400 403/441/400
f 403/441/401 415/463/401 416/464/401 404/443/401
f 404/443/402 416/464/402 417/465/402 405/445/402
f 405/448/403 417/466/403 418/467/403 406/449/403
f 406/449/404 418/467/404 419/468/404 407/451/404
f 407/451/405 419/468/405 420/469/405 408/453/405
f 408/453/406 420/469/406 421/470/406 409/455/406
f 409/455/407 421/470/407 422/471/407 410/457/407
f 410/457/408 422/471/408 411/459/408 399/434/408
f 411/459/409 423/472/409 424/473/409 412/460/409
f 412/460/410 424/473/410 425/474/410 413/461/410
f 413/461/411 425/474/411 426/475/411 414/462/411
f 414/462/412 426/475/412 427/476/412 415/463/412
f 415/463/413 427/476/413 428/477/413 416/464/413
f 416/464/414 428/477/414 429/478/414 417/465/414
f 417/466/415 429/479/415 430/480/415 418/467/415
f 418/467/416 430/480/416 431/481/416 419/468/416
f 419/468/417 431/481/417 432/482/417 420/469/417
f 420/469/418 432/482/418 433/483/418 421/470/418
f 421/470/419 433/483/419 434/484/419 422/471/419
f 422/471/420 434/484/420 423/472/420 411/459/420
f 423/472/421 435/485/421 436/486/421 424/473/421
f 424/473/422 436/486/422 437/487/422 425/474/422
f 425/474/423 437/487/423 438/488/423 426/475/423
f 426/475/424 438/488/424 439/489/424 427/476/424
f 427/476/425 439/489/425 440/490/425 428/477/425
f 428/477/426 440/490/426 441/491/426 429/478/426
f 429/479/427 441/492/427 442/493/427 430/480/427
f 430/480/428 442/493/428 443/494/428 431/481/428
f 431/481/429 443/494/429 444/495/429 432/482/429
f 432/482/430 444/495/430 445/496/430 433/483/430
f 433/483/431 445/496/431 446/497/431 434/484/431
f 434/484/432 446/497/432 435/485/432 423/472/432
f 435/485/433 447/498/433 448/499/433 436/486/433
f 436/486/434 448/499/434 449/500/434 437/487/434
f 437/487/435 449/500/435 450/501/435 438/488/435
f 438/488/436 450/501/436 451/502/436 439/489/436
f 439/489/437 451/502/437 452/503/437 440/490/437
f 440/490/438 452/503/438 453/504/438 441/491/438
f 441/492/439 453/505/439 454/506/439 442/493/439
f 442/493/440 454/506/440 455/507/440 443/494/440
f 443/494/441 455/507/441 456/508/441 444/495/441
f 444/495/442 456/508/442 457/509/442 445/496/442
f 445/496/443 457/509/443 458/510/443 446/497/443
f 446/497/444 458/510/444 447/498/444 435/485/444
f 447/498/445 459/511/445 460/512/445 448/499/445
f 448/499/446 460/512/446 461/513/446 449/500/446
f 449/500/447 461/513/447 462/514/447 450/501/447
f 450/501/448 462/514/448 463/515/448 451/502/448
f 451/502/449 463/515/449 464/516/449 452/503/449
f 452/503/450 464/516/450 465/517/450 453/504/450
f 453/505/451 465/518/451 466/519/451 454/506/451
f 454/506/452 466/519/452 467/520/452 455/507/452
f 455/507/453 467/520/453 468/521/453 456/508/453
f 456/508/454 468/521/454 469/522/454 457/509/454
f 457/509/455 469/522/455 470/523/455 458/510/455
f 458/510/456 470/523/456 459/511/456 447/498/456
f 459/511/457 471/524/457 472/525/457 460/512/457
f 460/512/458 472/525/458 473/526/458 461/513/458
f 461/513/459 473/526/459 474/527/459 462/514/459
f 462/514/460 474/527/460 475/528/460 463/515/460
f 463/515/461 475/528/461 476/529/461 464/516/461
f 464/516/462 476/529/462 477/530/462 465/517/462
f 465/518/463 477/531/463 478/532/463 466/519/463
f 466/519/464 478/532/464 479/533/464 467/520/464
f 467/520/465 479/533/465 480/534/465 468/521/465
f 468/521/466 480/534/466 481/535/466 469/522/466
f 469/522/467 481/535/467 482/536/467 470/523/467
f 470/523/468 482/536/468 471/524/468 459/511/468
f 471/524/469 483/537/469 484/538/469 472/525/469
f 472/525/470 484/538/470 485/539/470 473/526/470
f 473/526/471 485/539/471 486/540/471 474/527/471
f 474/527/472 486/540/472 487/541/472 475/528/472
f 475/528/473 487/541/473 488/542/473 476/529/473
f 476/529/474 488/542/474 489/543/474 477/530/474
f 477/531/475 489/544/475 490/545/475 478/532/475
f 478/532/476 490/545/476 491/546/476 479/533/476
f 479/533/477 491/546/477 492/547/477 480/534/477
f 480/534/478 492/547/478 493/548/478 481/535/478
f 481/535/479 493/548/479 494/549/479 482/536/479
f 482/536/480 494/549/480 483/537/480 471/524/480
f 483/537/481 495/550/481 496/551/481 484/538/481
f 484/538/482 496/551/482 497/552/482 485/539/482
f 485/539/483 497/552/483 498/553/483 486/540/483
f 486/540/484 498/553/484 499/554/484 487/541/484
f 487/541/485 499/554/485 500/555/485 488/542/485
f 488/542/486 500/555/486 501/556/486 489/543/486
f 489/544/487 501/557/487 502/558/487 490/545/487
f 490/545/488 502/558/488 503/559/488 491/546/488
f 491/546/489 503/559/489 504/560/489 492/547/489
f 492/547/490 504/560/490 505/561/490 493/548/490
f 493/548/491 505/561/491 506/562/491 494/549/491
f 494/549/492 506/562/492 495/550/492 483/537/492
f 495/550/493 507/563/493 508/564/493 496/551/493
f 496/551/494 508/564/494 509/565/494 497/552/494
f 497/552/495 509/565/495 510/566/495 498/553/495
f 498/553/496 510/566/496 511/567/496 499/554/496
f 499/554/497 511/567/497 512/568/497 500/555/497
f 500/555/498 512/568/498 513/569/498 501/556/498
f 501/557/499 513/570/499 514/571/499 502/558/499
f 502/558/500 514/571/500 515/572/500 503/559/500
f 503/559/501 515/572/501 516/573/501 504/560/501
f 504/560/502 516/573/502 517/574/502 505/561/502
f 505/561/503 517/574/503 518/575/503 506/562/503
f 506/562/504 518/575/504 507/563/504 495/550/504
f 507/563/505 519/576/505 520/577/505 508/564/505
f 508/564/506 520/577/506 521/578/506 509/565/506
f 509/565/507 521/578/507 522/579/507 510/566/507
f 510/566/508 522/579/508 523/580/508 511/567/508
f 511/567/509 523/580/509 524/581/509 512/568/509
f 512/568/510 524/581/510 525/582/510 513/569/510
f 513/570/511 525/583/511 526/584/511 514/571/511
f 514/571/512 526/584/512 527/585/512 515/572/512
f 515/572/513 527/585/513 528/586/513 516/573/513
f 516/573/514 528/586/514 529/587/514 517/574/514
f 517/574/515 529/587/515 530/588/515 518/575/515
f 518/575/516 530/588/516 519/576/516 507/563/516
f 519/589/517 531/590/517 532/591/517 520/592/517
f 520/592/518 532/591/518 533/593/518 521/594/518
f 521/594/519 533/593/519 534/595/519 522/596/519
f 522/596/520 534/595/520 535/597/520 523/598/520
f 523/598/521 535/597/521 536/599/521 524/600/521
f 524/600/522 536/599/522 537/601/522 525/602/522
f 525/603/523 537/604/523 538/605/523 526/606/523
f 526/606/524 538/605/524 539/607/524 527/608/524
f 527/608/525 539/607/525 540/609/525 528/610/525
f 528/610/526 540/609/526 541/611/526 529/612/526
f 529/612/527 541/611/527 542/613/527 530/614/527
f 530/614/528 542/613/528 531/590/528 519/589/528
f 531/590/529 543/615/529 544/616/529 532/591/529
f 532/591/530 544/616/530 545/617/530 533/593/530
f 533/593/531 545/617/531 546/618/531 534/595/531
f 534/595/532 546/618/532 547/619/532 535/597/532
f 535/597/533 547/619/533 548/620/533 536/599/533
f 536/599/534 548/620/534 549/621/534 537/601/534
f 537/604/535 549/622/535 550/623/535 538/605/535
f 538/605/536 550/623/536 551/624/536 539/607/536
f 539/607/537 551/624/537 552/625/537 540/609/537
f 540/609/538 552/625/538 553/626/538 541/611/538
f 541/611/539 553/626/539 554/627/539 542/613/539
f 542/613/540 554/627/540 543/615/540 531/590/540
f 543/615/541 555/628/541 556/629/541 544/616/541
f 544/616/542 556/629/542 557/630/542 545/617/542
f 545/617/543 557/630/543 558/631/543 546/618/543
f 546/618/544 558/631/544 559/632/544 547/619/544
f 547/619/545 559/632/545 560/633/545 548/620/545
f 548/620/546 560/633/546 561/634/546 549/621/546
f 549/622/547 561/635/547 562/636/547 550/623/547
f 550/623/548 562/636/548 563/637/548 551/624/548
f 551/624/549 563/637/549 564/638/549 552/625/549
f 552/625/550 564/638/550 565/639/550 553/626/550
f 553/626/551 565/639/551 566/640/551 554/627/551
f 554/627/552 566/640/552 555/628/552 543/615/552
f 555/628/553 567/641/553 568/642/553 556/629/553
f 556/629/554 568/642/554 569/643/554 557/630/554
f 557/630/555 569/643/555 570/644/555 558/631/555
f 558/631/556 570/644/556 571/645/556 559/632/556
f 559/632/557 571/645/557 572/646/557 560/633/557
f 560/633/558 572/646/558 573/647/558 561/634/558
f 561/635/559 573/648/559 574/649/559 562/636/559
f 562/636/560 574/649/560 575/650/560 563/637/560
f 563/637/561 575/650/561 576/651/561 564/638/561
f 564/638/562 576/651/562 577/652/562 565/639/562
f 565/639/563 577/652/563 578/653/563 566/640/563
f 566/640/564 578/653/564 567/641/564 555/628/564
f 567/641/565 579/654/565 580/655/565 568/642/565
f 568/642/566 580/655/566 581/656/566 569/643/566
f 569/643/567 581/656/567 582/657/567 570/644/567
f 570/644/568 582/657/568 583/658/568 571/645/568
f 571/645/569 583/658/569 584/659/569 572/646/569
f 572/646/570 584/659/570 585/660/570 573/647/570
f 573/648/571 585/661/571 586/662/571 574/649/571
f 574/649/572 586/662/572 587/663/572 575/650/572
f 575/650/573 587/663/573 588/664/573 576/651/573
f 576/651/574 588/664/574 589/665/574 577/652/574
f 577/652/575 589/665/575 590/666/575 578/653/575
f 578/653/576 590/666/576 579/654/576 567/641/576
f 579/654/577 591/667/577 592/668/577 580/655/577
f 580/655/578 592/668/578 593/669/578 581/656/578
f 581/656/579 593/669/579 594/670/579 582/657/579
f 582/657/580 594/670/580 595/671/580 583/658/580
f 583/658/581 595/671/581 596/672/581 584/659/581
f 584/659/582 596/672/582 597/673/582 585/660/582
f 585/661/583 597/674/583 598/675/583 586/662/583
f 586/662/584 598/675/584 599/676/584 587/663/584
f 587/663/585 599/676/585 600/677/585 588/664/585
f 588/664/586 600/677/586 601/678/586 589/665/586
f 589/665/587 601/678/587 602/679/587 590/666/587
f 590/666/588 602/679/588 591/667/588 579/654/588
f 591/667/589 603/680/589 604/681/589 592/668/589
f 592/668/590 604/681/590 605/682/590 593/669/590
f 593/669/591 605/682/591 606/683/591 594/670/591
f 594/670/592 606/683/592 607/684/592 595/671/592
f 595/671/593 607/684/593 608/685/593 596/672/593
f 596/672/594 608/685/594 609/686/594 597/673/594
f 597/674/595 609/687/595 610/688/595 598/675/595
f 598/675/596 610/688/596 611/689/596 599/676/596
f 599/676/597 611/689/597 612/690/597 600/677/597
f 600/677/598 612/690/598 613/691/598 601/678/598
f 601/678/599 613/691/599 614/692/599 602/679/599
f 602/679/600 614/692/600 603/680/600 591/667/600
f 603/680/601 615/693/601 616/694/601 604/681/601
f 604/681/602 616/694/602 617/695/602 605/682/602
f 605/682/603 617/695/603 618/696/603 606/683/603
f 606/683/604 618/696/604 619/697/604 607/684/604
f 607/684/605 619/697/605 620/698/605 608/685/605
f 608/685/606 620/698/606 621/699/606 609/686/606
f 609/687/607 621/700/607 622/701/607 610/688/607
f 610/688/608 622/701/608 623/702/608 611/689/608
f 611/689/609 623/702/609 624/703/609 612/690/609
f 612/690/610 624/703/610 625/704/610 613/691/610
f 613/691/611 625/704/611 626/705/611 614/692/611
f 614/692/612 626/705/612 615/693/612 603/680/612
f 615/693/613 627/706/613 628/707/613 616/694/613
f 616/694/614 628/707/614 629/708/614 617/695/614
f 617/695/615 629/708/615 630/709/615 618/696/615
f 618/696/616 630/709/616 631/710/616 619/697/616
f 619/697/617 631/710/617 632/711/617 620/698/617
f 620/698/618 632/711/618 633/712/618 621/699/618
f 621/700/619 633/713/619 634/714/619 622/701/619
f 622/701/620 634/714/620 635/715/620 623/702/620
f 623/702/621 635/715/621 636/716/621 624/703/621
f 624/703/622 636/716/622 637/717/622 625/704/622
f 625/704/623 637/717/623 638/718/623 626/705/623
f 626/705/624 638/718/624 627/706/624 615/693/624
f 627/706/625 639/719/625 640/720/625 628/707/625
f 628/707/626 640/720/626 641/721/626 629/708/626
f 629/708/627 641/721/627 642/722/627 630/709/627
f 630/709/628 642/722/628 643/723/628 631/710/628
f 631/710/629 643/723/629 644/724/629 632/711/629
f 632/711/630 644/724/630 645/725/630 633/712/630
f 633/713/631 645/726/631 646/727/631 634/714/631
f 634/714/632 646/727/632 647/728/632 635/715/632
f 635/715/633 647/728/633 648/729/633 636/716/633
f 636/716/634 648/729/634 649/730/634 637/717/634
f 637/717/635 649/730/635 650/731/635 638/718/635
f 638/718/636 650/731/636 639/719/636 627/706/636
f 639/719/637 651/732/637 652/733/637 640/720/637
f 640/720/638 652/733/638 653/734/638 641/721/638
f 641/721/639 653/734/639 654/735/639 642/722/639
f 642/722/640 654/735/640 655/736/640 643/723/640
f 643/723/641 655/736/641 656/737/641 644/724/641
f 644/724/642 656/737/642 657/738/642 645/725/642
f 645/726/643 657/739/643 658/740/643 646/727/643
f 646/727/644 658/740/644 659/741/644 647/728/644
f 647/728/645 659/741/645 660/742/645 648/729/645
f 648/729/646 660/742/646 661/743/646 649/730/646
f 649/730/647 661/743/647 662/744/647 650/731/647
f 650/731/648 662/744/648 651/732/648 639/719/648
f 651/732/649 663/745/649 664/746/649 652/733/649
f 652/733/650 664/746/650 665/747/650 653/734/650
f 653/734/651 665/747/651 666/748/651 654/735/651
f 654/735/652 666/748/652 667/749/652 655/736/652
f 655/736/653 667/749/653 668/750/653 656/737/653
f 656/737/654 668/750/654 669/751/654 657/738/654
f 657/739/655 669/752/655 670/753/655 658/740/655
f 658/740/656 670/753/656 671/754/656 659/741/656
f 659/741/657 671/754/657 672/755/657 660/742/657
f 660/742/658 672/755/658 673/756/658 661/743/658
f 661/743/659 673/756/659 674/757/659 662/744/659
f 662/744/660 674/757/660 663/745/660 651/732/660
f 663/745/661 675/758/661 676/759/661 664/746/661
f 664/746/662 676/759/662 677/760/662 665/747/662
f 665/747/663 677/760/663 678/761/663 666/748/663
f 666/748/664 678/761/664 679/762/664 667/749/664
f 667/749/665 679/762/665 680/763/665 668/750/665
f 668/750/666 680/763/666 681/764/666 669/751/666
f 669/752/667 681/765/667 682/766/667 670/753/667
f 670/753/668 682/766/668 683/767/668 671/754/668
f 671/754/669 683/767/669 684/768/669 672/755/669
f 672/755/670 684/768/670 685/769/670 673/756/670
f 673/756/671 685/769/671 686/770/671 674/757/671
f 674/757/672 686/770/672 675/758/672 663/745/672
f 675/758/390 687/771/390 688/772/390 676/759/390
f 676/759/389 688/772/389 689/773/389 677/760/389
f 677/760/388 689/773/388 690/774/388 678/761/388
f 678/761/387 690/774/387 691/775/387 679/762/387
f 679/762/386 691/775/386 692/776/386 680/763/386
f 680/763/385 692/776/385 693/777/385 681/764/385
f 681/765/396 693/778/396 694/779/396 682/766/396
f 682/766/395 694/779/395 695/780/395 683/767/395
f 683/767/394 695/780/394 696/781/394 684/768/394
f 684/768/393 696/781/393 697/782/393 685/769/393
f 685/769/392 697/782/392 698/783/392 686/770/392
f 686/770/391 698/783/391 687/771/391 675/758/391
f 687/771/402 699/784/402 700/785/402 688/772/402
f 688/772/401 700/785/401 701/786/401 689/773/401
f 689/773/400 701/786/400 702/787/400 690/774/400
f 690/774/399 702/787/399 703/788/399 691/775/399
f 691/775/398 703/788/398 704/789/398 692/776/398
f 692/776/397 704/789/397 705/790/397 693/777/397
f 693/778/408 705/791/408 706/792/408 694/779/408
f 694/779/407 706/792/407 707/793/407 695/780/407
f 695/780/406 707/793/406 708/794/406 696/781/406
f 696/781/405 708/794/405 709/795/405 697/782/405
f 697/782/404 709/795/404 710/796/404 698/783/404
f 698/783/403 710/796/403 699/784/403 687/771/403
f 699/784/414 711/797/414 712/798/414 700/785/414
f 700/785/413 712/798/413 713/799/413 701/786/413
f 701/786/412 713/799/412 714/800/412 702/787/412
f 702/787/673 714/800/673 715/801/673 703/788/673
f 703/788/410 715/801/410 716/802/410 704/789/410
f 704/789/409 716/802/409 717/803/409 705/790/409
f 705/791/420 717/804/420 718/805/420 706/792/420
f 706/792/419 718/805/419 719/806/419 707/793/419
f 707/793/418 719/806/418 720/807/418 708/794/418
f 708/794/417 720/807/417 721/808/417 709/795/417
f 709/795/416 721/808/416 722/809/416 710/796/416
f 710/796/415 722/809/415 711/797/415 699/784/415
f 711/797/426 723/810/426 724/811/426 712/798/426
f 712/798/425 724/811/425 725/812/425 713/799/425
f 713/799/424 725/812/424 726/813/424 714/800/424
f 714/800/423 726/813/423 727/814/423 715/801/423
f 715/801/422 727/814/422 728/815/422 716/802/422
f 716/802/421 728/815/421 729/816/421 717/803/421
f 717/804/432 729/817/432 730/818/432 718/805/432
f 718/805/431 730/818/431 731/819/431 719/806/431
f 719/806/430 731/819/430 732/820/430 720/807/430
f 720/807/429 732/820/429 733/821/429 721/808/429
f 721/808/428 733/821/428 734/822/428 722/809/428
f 722/809/427 734/822/427 723/810/427 711/797/427
f 723/810/438 735/823/438 736/824/438 724/811/438
f 724/811/437 736/824/437 737/825/437 725/812/437
f 725/812/436 737/825/436 738/826/436 726/813/436
f 726/813/435 738/826/435 739/827/435 727/814/435
f 727/814/434 739/827/434 740/828/434 728/815/434
f 728/815/433 740/828/433 741/829/433 729/816/433
f 729/817/444 741/830/444 742/831/444 730/818/444
f 730/818/443 742/831/443 743/832/443 731/819/443
f 731/819/442 743/832/442 744/833/442 732/820/442
f 732/820/441 744/833/441 745/834/441 733/821/441
f 733/821/440 745/834/440 746/835/440 734/822/440
f 734/822/439 746/835/439 735/823/439 723/810/439
f 735/823/450 747/836/450 748/837/450 736/824/450
f 736/824/449 748/837/449 749/838/449 737/825/449
f 737/825/448 749/838/448 750/839/448 738/826/448
f 738/826/447 750/839/447 751/840/447 739/827/447
f 739/827/446 751/840/446 752/841/446 740/828/446
f 740/828/445 752/841/445 753/842/445 741/829/445
f 741/830/456 753/843/456 754/844/456 742/831/456
f 742/831/455 754/844/455 755/845/455 743/832/455
f 743/832/454 755/845/454 756/846/454 744/833/454
f 744/833/453 756/846/453 757/847/453 745/834/453
f 745/834/452 757/847/452 758/848/452 746/835/452
f 746/835/451 758/848/451 747/836/451 735/823/451
f 747/836/462 759/849/462 760/850/462 748/837/462
f 748/837/461 760/850/461 761/851/461 749/838/461
f 749/838/460 761/851/460 762/852/460 750/839/460
f 750/839/674 762/852/674 763/853/674 751/840/674
f 751/840/458 763/853/458 764/854/458 752/841/458
f 752/841/457 764/854/457 765/855/457 753/842/457
f 753/843/468 765/856/468 766/857/468 754/844/468
f 754/844/467 766/857/467 767/858/467 755/845/467
f 755/845/466 767/858/466 768/859/466 756/846/466
f 756/846/465 768/859/465 769/860/465 757/847/465
f 757/847/464 769/860/464 770/861/464 758/848/464
f 758/848/463 770/861/463 759/849/463 747/836/463
f 759/849/474 771/862/474 772/863/474 760/850/474
f 760/850/473 772/863/473 773/864/473 761/851/473
f 761/851/472 773/864/472 774/865/472 762/852/472
f 762/852/471 774/865/471 775/866/471 763/853/471
f 763/853/470 775/866/470 776/867/470 764/854/470
f 764/854/469 776/867/469 777/868/469 765/855/469
f 765/856/480 777/869/480 778/870/480 766/857/480
f 766/857/479 778/870/479 779/871/479 767/858/479
f 767/858/478 779/871/478 780/872/478 768/859/478
f 768/859/477 780/872/477 781/873/477 769/860/477
f 769/860/476 781/873/476 782/874/476 770/861/476
f 770/861/475 782/874/475 771/862/475 759/849/475
f 771/862/486 783/875/486 784/876/486 772/863/486
f 772/863/485 784/876/485 785/877/485 773/864/485
f 773/864/484 785/877/484 786/878/484 774/865/484
f 774/865/483 786/878/483 787/879/483 775/866/483
f 775/866/482 787/879/482 788/880/482 776/867/482
f 776/867/481 788/880/481 789/881/481 777/868/481
f 777/869/492 789/882/492 790/883/492 778/870/492
f 778/870/491 790/883/491 791/884/491 779/871/491
f 779/871/490 791/884/490 792/885/490 780/872/490
f 780/872/489 792/885/489 793/886/489 781/873/489
f 781/873/488 793/886/488 794/887/488 782/874/488
f 782/874/487 794/887/487 783/875/487 771/862/487
f 783/875/498 795/888/498 796/889/498 784/876/498
f 784/876/497 796/889/497 797/890/497 785/877/497
f 785/877/496 797/890/496 798/891/496 786/878/496
f 786/878/495 798/891/495 799/892/495 787/879/495
f 787/879/494 799/892/494 800/893/494 788/880/494
f 788/880/493 800/893/493 801/894/493 789/881/493
f 789/882/504 801/895/504 802/896/504 790/883/504
f 790/883/503 802/896/503 803/897/503 791/884/503
f 791/884/502 803/897/502 804/898/502 792/885/502
f 792/885/501 804/898/501 805/899/501 793/886/501
f 793/886/500 805/899/500 806/900/500 794/887/500
f 794/887/499 806/900/499 795/888/499 783/875/499
f 795/888/510 807/901/510 808/902/510 796/889/510
f 796/889/509 808/902/509 809/903/509 797/890/509
f 797/890/508 809/903/508 810/904/508 798/891/508
f 798/891/507 810/904/507 811/905/507 799/892/507
f 799/892/506 811/905/506 812/906/506 800/893/506
f 800/893/505 812/906/505 813/907/505 801/894/505
f 801/895/516 813/908/516 814/909/516 802/896/516
f 802/896/515 814/909/515 815/910/515 803/897/515
f 803/897/514 815/910/514 816/911/514 804/898/514
f 804/898/513 816/911/513 817/912/513 805/899/513
f 805/899/512 817/912/512 818/913/512 806/900/512
f 806/900/511 818/913/511 807/901/511 795/888/511
f 807/914/522 819/915/522 820/916/522 808/917/522
f 808/917/521 820/916/521 821/918/521 809/919/521
f 809/919/520 821/918/520 822/920/520 810/921/520
f 810/921/519 822/920/519 823/922/519 811/923/519
f 811/923/518 823/922/518 824/924/518 812/925/518
f 812/925/517 824/924/517 825/926/517 813/927/517
f 813/928/528 825/929/528 826/930/528 814/931/528
f 814/931/527 826/930/527 827/932/527 815/933/527
f 815/933/526 827/932/526 828/934/526 816/935/526
f 816/935/525 828/934/525 829/936/525 817/937/525
f 817/937/524 829/936/524 830/938/524 818/939/524
f 818/939/523 830/938/523 819/915/523 807/914/523
f 819/915/534 831/940/534 832/941/534 820/916/534
f 820/916/533 832/941/533 833/942/533 821/918/533
f 821/918/532 833/942/532 834/943/532 822/920/532
f 822/920/531 834/943/531 835/944/531 823/922/531
f 823/922/530 835/944/530 836/945/530 824/924/530
f 824/924/529 836/945/529 837/946/529 825/926/529
f 825/929/540 837/947/540 838/948/540 826/930/540
f 826/930/539 838/948/539 839/949/539 827/932/539
f 827/932/538 839/949/538 840/950/538 828/934/538
f 828/934/537 840/950/537 841/951/537 829/936/537
f 829/936/536 841/951/536 842/952/536 830/938/536
f 830/938/535 842/952/535 831/940/535 819/915/535
f 831/940/546 843/953/546 844/954/546 832/941/546
f 832/941/545 844/954/545 845/955/545 833/942/545
f 833/942/544 845/955/544 846/956/544 834/943/544
f 834/943/543 846/956/543 847/957/543 835/944/543
f 835/944/542 847/957/542 848/958/542 836/945/542
f 836/945/541 848/958/541 849/959/541 837/946/541
f 837/947/675 849/960/675 850/961/675 838/948/675
f 838/948/551 850/961/551 851/962/551 839/949/551
f 839/949/550 851/962/550 852/963/550 840/950/550
f 840/950/549 852/963/549 853/964/549 841/951/549
f 841/951/548 853/964/548 854/965/548 842/952/548
f 842/952/547 854/965/547 843/953/547 831/940/547
f 843/953/558 855/966/558 856/967/558 844/954/558
f 844/954/557 856/967/557 857/968/557 845/955/557
f 845/955/556 857/968/556 858/969/556 846/956/556
f 846/956/555 858/969/555 859/970/555 847/957/555
f 847/957/554 859/970/554 860/971/554 848/958/554
f 848/958/553 860/971/553 861/972/553 849/959/553
f 849/960/564 861/973/564 862/974/564 850/961/564
f 850/961/563 862/974/563 863/975/563 851/962/563
f 851/962/562 863/975/562 864/976/562 852/963/562
f 852/963/561 864/976/561 865/977/561 853/964/561
f 853/964/560 865/977/560 866/978/560 854/965/560
f 854/965/559 866/978/559 855/966/559 843/953/559
f 855/966/570 867/979/570 868/980/570 856/967/570
f 856/967/569 868/980/569 869/981/569 857/968/569
f 857/968/568 869/981/568 870/982/568 858/969/568
f 858/969/567 870/982/567 871/983/567 859/970/567
f 859/970/566 871/983/566 872/984/566 860/971/566
f 860/971/565 872/984/565 873/985/565 861/972/565
f 861/973/576 873/986/576 874/987/576 862/974/576
f 862/974/575 874/987/575 875/988/575 863/975/575
f 863/975/574 875/988/574 876/989/574 864/976/574
f 864/976/573 876/989/573 877/990/573 865/977/573
f 865/977/572 877/990/572 878/991/572 866/978/572
f 866/978/571 878/991/571 867/979/571 855/966/571
f 867/979/582 879/992/582 880/993/582 868/980/582
f 868/980/581 880/993/581 881/994/581 869/981/581
f 869/981/580 881/994/580 882/995/580 870/982/580
f 870/982/579 882/995/579 883/996/579 871/983/579
f 871/983/578 883/996/578 884/997/578 872/984/578
f 872/984/577 884/997/577 885/998/577 873/985/577
f 873/986/588 885/999/588 886/1000/588 874/987/588
f 874/987/587 886/1000/587 887/1001/587 875/988/587
f 875/988/586 887/1001/586 888/1002/586 876/989/586
f 876/989/585 888/1002/585 889/1003/585 877/990/585
f 877/990/584 889/1003/584 890/1004/584 878/991/584
f 878/991/583 890/1004/583 879/992/583 867/979/583
f 879/992/594 891/1005/594 892/1006/594 880/993/594
f 880/993/593 892/1006/593 893/1007/593 881/994/593
f 881/994/592 893/1007/592 894/1008/592 882/995/592
f 882/995/591 894/1008/591 895/1009/591 883/996/591
f 883/996/590 895/1009/590 896/1010/590 884/997/590
f 884/997/589 896/1010/589 897/1011/589 885/998/589
f 885/999/600 897/1012/600 898/1013/600 886/1000/600
f 886/1000/599 898/1013/599 899/1014/599 887/1001/599
f 887/1001/598 899/1014/598 900/1015/598 888/1002/598
f 888/1002/597 900/1015/597 901/1016/597 889/1003/597
f 889/1003/596 901/1016/596 902/1017/596 890/1004/596
f 890/1004/595 902/1017/595 891/1005/595 879/992/595
f 891/1005/676 903/1018/676 904/1019/676 892/1006/676
f 892/1006/605 904/1019/605 905/1020/605 893/1007/605
f 893/1007/604 905/1020/604 906/1021/604 894/1008/604
f 894/1008/603 906/1021/603 907/1022/603 895/1009/603
f 895/1009/602 907/1022/602 908/1023/602 896/1010/602
f 896/1010/601 908/1023/601 909/1024/601 897/1011/601
f 897/1012/612 909/1025/612 910/1026/612 898/1013/612
f 898/1013/611 910/1026/611 911/1027/611 899/1014/611
f 899/1014/610 911/1027/610 912/1028/610 900/1015/610
f 900/1015/609 912/1028/609 913/1029/609 901/1016/609
f 901/1016/677 913/1029/677 914/1030/677 902/1017/677
f 902/1017/607 914/1030/607 903/1018/607 891/1005/607
f 903/1018/618 915/1031/618 916/1032/618 904/1019/618
f 904/1019/617 916/1032/617 917/1033/617 905/1020/617
f 905/1020/616 917/1033/616 918/1034/616 906/1021/616
f 906/1021/615 918/1034/615 919/1035/615 907/1022/615
f 907/1022/614 919/1035/614 920/1036/614 908/1023/614
f 908/1023/613 920/1036/613 921/1037/613 909/1024/613
f 909/1025/624 921/1038/624 922/1039/624 910/1026/624
f 910/1026/623 922/1039/623 923/1040/623 911/1027/623
f 911/1027/622 923/1040/622 924/1041/622 912/1028/622
f 912/1028/621 924/1041/621 925/1042/621 913/1029/621
f 913/1029/620 925/1042/620 926/1043/620 914/1030/620
f 914/1030/619 926/1043/619 915/1031/619 903/1018/619
f 915/1031/630 927/1044/630 928/1045/630 916/1032/630
f 916/1032/629 928/1045/629 929/1046/629 917/1033/629
f 917/1033/628 929/1046/628 930/1047/628 918/1034/628
f 918/1034/627 930/1047/627 931/1048/627 919/1035/627
f 919/1035/626 931/1048/626 932/1049/626 920/1036/626
f 920/1036/625 932/1049/625 933/1050/625 921/1037/625
f 921/1038/636 933/1051/636 934/1052/636 922/1039/636
f 922/1039/635 934/1052/635 935/1053/635 923/1040/635
f 923/1040/634 935/1053/634 936/1054/634 924/1041/634
f 924/1041/633 936/1054/633 937/1055/633 925/1042/633
f 925/1042/632 937/1055/632 938/1056/632 926/1043/632
f 926/1043/631 938/1056/631 927/1044/631 915/1031/631
f 927/1044/642 939/1057/642 940/1058/642 928/1045/642
f 928/1045/641 940/1058/641 941/1059/641 929/1046/641
f 929/1046/640 941/1059/640 942/1060/640 930/1047/640
f 930/1047/639 942/1060/639 943/1061/639 931/1048/639
f 931/1048/638 943/1061/638 944/1062/638 932/1049/638
f 932/1049/637 944/1062/637 945/1063/637 933/1050/637
f 933/1051/648 945/1064/648 946/1065/648 934/1052/648
f 934/1052/647 946/1065/647 947/1066/647 935/1053/647
f 935/1053/646 947/1066/646 948/1067/646 936/1054/646
f 936/1054/645 948/1067/645 949/1068/645 937/1055/645
f 937/1055/644 949/1068/644 950/1069/644 938/1056/644
f 938/1056/643 950/1069/643 939/1057/643 927/1044/643
f 939/1057/654 951/1070/654 952/1071/654 940/1058/654
f 940/1058/653 952/1071/653 953/1072/653 941/1059/653
f 941/1059/652 953/1072/652 954/1073/652 942/1060/652
f 942/1060/651 954/1073/651 955/1074/651 943/1061/651
f 943/1061/650 955/1074/650 956/1075/650 944/1062/650
f 944/1062/649 956/1075/649 957/1076/649 945/1063/649
f 945/1064/660 957/1077/660 958/1078/660 946/1065/660
f 946/1065/659 958/1078/659 959/1079/659 947/1066/659
f 947/1066/658 959/1079/658 960/1080/658 948/1067/658
f 948/1067/657 960/1080/657 961/1081/657 949/1068/657
f 949/1068/678 961/1081/678 962/1082/678 950/1069/678
f 950/1069/655 962/1082/655 951/1070/655 939/1057/655
f 951/1070/666 387/433/666 388/436/666 952/1071/666
f 952/1071/665 388/436/665 389/438/665 953/1072/665
f 953/1072/664 389/438/664 390/440/664 954/1073/664
f 954/1073/679 390/440/679 391/442/679 955/1074/679
f 955/1074/662 391/442/662 392/444/662 956/1075/662
f 956/1075/661 392/444/661 393/446/661 957/1076/661
f 957/1077/672 393/447/672 394/450/672 958/1078/672
f 958/1078/671 394/450/671 395/452/671 959/1079/671
f 959/1079/670 395/452/670 396/454/670 960/1080/670
f 960/1080/669 396/454/669 397/456/669 961/1081/669
f 961/1081/668 397/456/668 398/458/668 962/1082/668
f 962/1082/667 398/458/667 387/433/667 951/1070/667
